tissue	sample	N_motifs	FEM4_AAAA	FEM4_AAAC	FEM4_AAAG	FEM4_AAAT	FEM4_AACA	FEM4_AACC	FEM4_AACG	FEM4_AACT	FEM4_AAGA	FEM4_AAGC	FEM4_AAGG	FEM4_AAGT	FEM4_AATA	FEM4_AATC	FEM4_AATG	FEM4_AATT	FEM4_ACAA	FEM4_ACAC	FEM4_ACAG	FEM4_ACAT	FEM4_ACCA	FEM4_ACCC	FEM4_ACCG	FEM4_ACCT	FEM4_ACGA	FEM4_ACGC	FEM4_ACGG	FEM4_ACGT	FEM4_ACTA	FEM4_ACTC	FEM4_ACTG	FEM4_ACTT	FEM4_AGAA	FEM4_AGAC	FEM4_AGAG	FEM4_AGAT	FEM4_AGCA	FEM4_AGCC	FEM4_AGCG	FEM4_AGCT	FEM4_AGGA	FEM4_AGGC	FEM4_AGGG	FEM4_AGGT	FEM4_AGTA	FEM4_AGTC	FEM4_AGTG	FEM4_AGTT	FEM4_ATAA	FEM4_ATAC	FEM4_ATAG	FEM4_ATAT	FEM4_ATCA	FEM4_ATCC	FEM4_ATCG	FEM4_ATCT	FEM4_ATGA	FEM4_ATGC	FEM4_ATGG	FEM4_ATGT	FEM4_ATTA	FEM4_ATTC	FEM4_ATTG	FEM4_ATTT	FEM4_CAAA	FEM4_CAAC	FEM4_CAAG	FEM4_CAAT	FEM4_CACA	FEM4_CACC	FEM4_CACG	FEM4_CACT	FEM4_CAGA	FEM4_CAGC	FEM4_CAGG	FEM4_CAGT	FEM4_CATA	FEM4_CATC	FEM4_CATG	FEM4_CATT	FEM4_CCAA	FEM4_CCAC	FEM4_CCAG	FEM4_CCAT	FEM4_CCCA	FEM4_CCCC	FEM4_CCCG	FEM4_CCCT	FEM4_CCGA	FEM4_CCGC	FEM4_CCGG	FEM4_CCGT	FEM4_CCTA	FEM4_CCTC	FEM4_CCTG	FEM4_CCTT	FEM4_CGAA	FEM4_CGAC	FEM4_CGAG	FEM4_CGAT	FEM4_CGCA	FEM4_CGCC	FEM4_CGCG	FEM4_CGCT	FEM4_CGGA	FEM4_CGGC	FEM4_CGGG	FEM4_CGGT	FEM4_CGTA	FEM4_CGTC	FEM4_CGTG	FEM4_CGTT	FEM4_CTAA	FEM4_CTAC	FEM4_CTAG	FEM4_CTAT	FEM4_CTCA	FEM4_CTCC	FEM4_CTCG	FEM4_CTCT	FEM4_CTGA	FEM4_CTGC	FEM4_CTGG	FEM4_CTGT	FEM4_CTTA	FEM4_CTTC	FEM4_CTTG	FEM4_CTTT	FEM4_GAAA	FEM4_GAAC	FEM4_GAAG	FEM4_GAAT	FEM4_GACA	FEM4_GACC	FEM4_GACG	FEM4_GACT	FEM4_GAGA	FEM4_GAGC	FEM4_GAGG	FEM4_GAGT	FEM4_GATA	FEM4_GATC	FEM4_GATG	FEM4_GATT	FEM4_GCAA	FEM4_GCAC	FEM4_GCAG	FEM4_GCAT	FEM4_GCCA	FEM4_GCCC	FEM4_GCCG	FEM4_GCCT	FEM4_GCGA	FEM4_GCGC	FEM4_GCGG	FEM4_GCGT	FEM4_GCTA	FEM4_GCTC	FEM4_GCTG	FEM4_GCTT	FEM4_GGAA	FEM4_GGAC	FEM4_GGAG	FEM4_GGAT	FEM4_GGCA	FEM4_GGCC	FEM4_GGCG	FEM4_GGCT	FEM4_GGGA	FEM4_GGGC	FEM4_GGGG	FEM4_GGGT	FEM4_GGTA	FEM4_GGTC	FEM4_GGTG	FEM4_GGTT	FEM4_GTAA	FEM4_GTAC	FEM4_GTAG	FEM4_GTAT	FEM4_GTCA	FEM4_GTCC	FEM4_GTCG	FEM4_GTCT	FEM4_GTGA	FEM4_GTGC	FEM4_GTGG	FEM4_GTGT	FEM4_GTTA	FEM4_GTTC	FEM4_GTTG	FEM4_GTTT	FEM4_TAAA	FEM4_TAAC	FEM4_TAAG	FEM4_TAAT	FEM4_TACA	FEM4_TACC	FEM4_TACG	FEM4_TACT	FEM4_TAGA	FEM4_TAGC	FEM4_TAGG	FEM4_TAGT	FEM4_TATA	FEM4_TATC	FEM4_TATG	FEM4_TATT	FEM4_TCAA	FEM4_TCAC	FEM4_TCAG	FEM4_TCAT	FEM4_TCCA	FEM4_TCCC	FEM4_TCCG	FEM4_TCCT	FEM4_TCGA	FEM4_TCGC	FEM4_TCGG	FEM4_TCGT	FEM4_TCTA	FEM4_TCTC	FEM4_TCTG	FEM4_TCTT	FEM4_TGAA	FEM4_TGAC	FEM4_TGAG	FEM4_TGAT	FEM4_TGCA	FEM4_TGCC	FEM4_TGCG	FEM4_TGCT	FEM4_TGGA	FEM4_TGGC	FEM4_TGGG	FEM4_TGGT	FEM4_TGTA	FEM4_TGTC	FEM4_TGTG	FEM4_TGTT	FEM4_TTAA	FEM4_TTAC	FEM4_TTAG	FEM4_TTAT	FEM4_TTCA	FEM4_TTCC	FEM4_TTCG	FEM4_TTCT	FEM4_TTGA	FEM4_TTGC	FEM4_TTGG	FEM4_TTGT	FEM4_TTTA	FEM4_TTTC	FEM4_TTTG	FEM4_TTTT
colon	V10_S3	434549780	0.01701317626	0.005632703346	0.008697905681	0.01069106513	0.006367367163	0.002842086354	0.000699827762	0.004220901918	0.007796991636	0.003639723394	0.005414912418	0.004857807085	0.008563499906	0.004040581956	0.007001260017	0.00773244437	0.006036081758	0.003699023849	0.005641328365	0.005532885093	0.004089098837	0.002394416124	0.0005934210805	0.003537081528	0.0005671778271	0.000483456694	0.0006482088197	0.0007036132891	0.003363649154	0.003071068175	0.0045280543	0.004765882058	0.009149722731	0.003872608105	0.006728246416	0.005332537506	0.004788383508	0.00355433847	0.0006304041852	0.004096177428	0.005884651466	0.004288155433	0.004206344323	0.003770663513	0.004325520542	0.003064698364	0.005158087987	0.004965997221	0.008810771921	0.004064795522	0.004893282882	0.008112937026	0.00533807197	0.003367340331	0.0006335407649	0.005360347898	0.006520330076	0.0039280609	0.005654208363	0.006243662119	0.007292363604	0.005306593413	0.005207725568	0.01166818448	0.006519085109	0.002262889191	0.003606224355	0.003571241021	0.003813077526	0.0023840997	0.0007412982697	0.002943078236	0.004174230626	0.0028881087	0.00397018956	0.002993848024	0.003309963705	0.002692487843	0.003856294669	0.005115862675	0.003455118537	0.002556820993	0.00403498766	0.003210228297	0.003762208785	0.001825411119	0.0007275046831	0.002605508165	0.0003932829054	0.0003749213726	0.000533538413	0.0003772778345	0.00216679203	0.002985957098	0.003956329238	0.003433997826	0.0005710093789	0.0002747786456	0.0007608564432	0.0004792316314	0.0003941550724	0.0005844623831	0.0001872213582	0.0004087863075	0.000435149225	0.0004786287085	0.0007253714408	0.0003384445391	0.0003762514849	0.0003857992978	0.000789193818	0.0004996067424	0.003205609723	0.001798668498	0.002125705828	0.002662187517	0.003757732889	0.002932078346	0.0006172687511	0.003567289805	0.00361723345	0.00274676701	0.003781028263	0.003427871946	0.002825250539	0.003068647279	0.00307342924	0.005461549192	0.009454792498	0.003190667822	0.005862502105	0.005714443119	0.004249655816	0.002101637239	0.0006654519535	0.003042305073	0.006430637245	0.002756105411	0.005563318891	0.003283317736	0.00395487716	0.002725586468	0.004691658111	0.005081719291	0.00412916099	0.002627213389	0.004521086169	0.003610320548	0.004401180459	0.00253166162	0.00075345568	0.004171384001	0.0004407596294	0.0004323946499	0.0006255140665	0.0004820000139	0.003017914311	0.002887749707	0.004990272921	0.003983071859	0.005642934625	0.002158433954	0.005518603645	0.003371289246	0.004344139813	0.002875044604	0.001109490839	0.00415769397	0.00454235876	0.002714860424	0.003308463302	0.002663080396	0.002877589767	0.002319616869	0.004894633706	0.003666707644	0.004493280379	0.002037674487	0.003302417965	0.0039952868	0.003583883991	0.002242474959	0.0004049087311	0.004058046008	0.004846432093	0.002893937721	0.004770921757	0.004036980527	0.003653266146	0.003309857849	0.003774124566	0.006980767543	0.01033109256	0.003195707521	0.004505186955	0.007039817164	0.005044598113	0.002312321962	0.0005074999693	0.003781511522	0.004564975272	0.002475044401	0.003016494451	0.003062979344	0.006804090431	0.003423711318	0.004939928862	0.008560347217	0.005594208332	0.003882022446	0.004928655124	0.00531977257	0.004756007471	0.003479256163	0.0005322059995	0.004547177541	0.0005504869891	0.000334976582	0.0004451181634	0.0004412981178	0.004343488564	0.004952539615	0.005492047424	0.006336468517	0.007993031316	0.003291220168	0.006528101337	0.005256624454	0.004923433628	0.003592833484	0.0005851711627	0.004636311172	0.005271322425	0.00371689522	0.005158499908	0.003968459034	0.005333006957	0.003765122145	0.006041719777	0.006638802118	0.008133468621	0.003742342247	0.004378985073	0.007336356263	0.006923043431	0.004640363643	0.0006404030397	0.007183618871	0.005647516379	0.003403202735	0.004185605617	0.005418836019	0.009057721764	0.006850425744	0.0074576197	0.01319129652
colon	V21_S11	638137182	0.01066512059	0.003448520259	0.006032419217	0.005560305997	0.004232848479	0.002010917145	0.0004841043724	0.00244042824	0.004510362476	0.00224732556	0.003098329099	0.002296441958	0.003033642381	0.001715012118	0.003119122433	0.002967504564	0.005198313299	0.003158820794	0.005244289307	0.004199695733	0.004860442374	0.003074282545	0.0006870372271	0.004032418221	0.000353394233	0.0002926518079	0.0003445513068	0.0003760116269	0.002646111287	0.002650130799	0.004158058917	0.003705345914	0.006808266502	0.002902048419	0.005906852173	0.003504570903	0.004162838454	0.003063509	0.0006760254882	0.003323865244	0.004401829386	0.003358843616	0.003314749649	0.002464189589	0.002749220778	0.002259380962	0.004208472842	0.003090387233	0.003278926631	0.001530117704	0.002118462986	0.002541481747	0.001888358858	0.001295362539	0.0002329264055	0.00170137085	0.002281838515	0.001464609846	0.00198825744	0.001912621666	0.001868839544	0.001551508089	0.001494412216	0.003525502139	0.009910660558	0.003292650952	0.006847775248	0.004669801547	0.006619282059	0.003852579147	0.001312224117	0.004386711947	0.006522928169	0.004622242808	0.006965550865	0.00411616197	0.004016634781	0.003473007157	0.005688383474	0.005675586852	0.008989429173	0.006719512859	0.01179037551	0.007559291538	0.01376820572	0.005827858186	0.002498547405	0.008184630433	0.000749208812	0.0006051958903	0.0007834804398	0.0005911565893	0.005343294665	0.007115499814	0.01196262687	0.007725381217	0.001049786815	0.0005169781817	0.001743126762	0.0008074220004	0.0008840904682	0.001297705295	0.0003554956621	0.0009148299401	0.0007689992275	0.0009613810593	0.001317105512	0.0006263606185	0.0007268484161	0.000819043326	0.001844888581	0.0009165474392	0.004143533827	0.00221284708	0.002942848423	0.002831616854	0.004421113641	0.002877454961	0.0007173112818	0.003415005521	0.005232164955	0.003439729046	0.004919965626	0.003951589205	0.003328354874	0.003140094413	0.003742312887	0.005913863204	0.008768631821	0.003051676121	0.006320916746	0.004692934504	0.00446514806	0.00243980455	0.0007513337469	0.002953532647	0.00509591212	0.002575024691	0.00483347952	0.002628998979	0.002554787663	0.002132586908	0.003848509489	0.003320937973	0.005522878308	0.003752780856	0.007316121254	0.004352051688	0.008232999343	0.004596126166	0.001516034526	0.007646047179	0.0003977028877	0.0003969914419	0.0005036111499	0.0004100717015	0.004191921542	0.003974295922	0.008116428796	0.005102824427	0.007928956567	0.003257703921	0.01024446653	0.004405801886	0.007435315061	0.004632163872	0.002180034386	0.00702741844	0.006207654266	0.003652888541	0.004449903689	0.003061871421	0.003807852087	0.003522711203	0.008117737292	0.004593358736	0.002676382208	0.001150948449	0.002181396163	0.002049430807	0.002148384452	0.001317092976	0.0002654617295	0.002229086535	0.002849692905	0.001757048534	0.00268497127	0.002146433461	0.002189366236	0.001923653776	0.002273257288	0.004296892702	0.01215509176	0.003860326697	0.0062193085	0.007489554182	0.007049111268	0.003354311675	0.0007489627834	0.005069591761	0.005491186063	0.003093604409	0.004122876827	0.003551364916	0.00653057386	0.00386738474	0.005846640981	0.008349214166	0.005306757067	0.004313732341	0.005711292341	0.00501457381	0.005662885821	0.004480533466	0.0006652409732	0.005529583763	0.0004744638121	0.000302157601	0.0004153840389	0.0003649654127	0.004218912604	0.005722532871	0.006306969902	0.006574957734	0.0109957752	0.004764840673	0.01135617106	0.006917985857	0.007953072072	0.005648771301	0.001087546721	0.006903335402	0.007178265315	0.005299930948	0.00834541561	0.00514038845	0.007234322228	0.005794022201	0.01000487384	0.009111070729	0.004401080331	0.002022240729	0.00290466071	0.00340203809	0.003141456189	0.002006391472	0.0003232251714	0.002741277345	0.003710623776	0.002076150767	0.002960686281	0.002927967611	0.004050024153	0.002967919835	0.003272520484	0.005683561626
colon	V21_S12	557502105	0.009846773583	0.003560314808	0.0060171432	0.005586448862	0.00425116063	0.002119715763	0.0004420019185	0.002472901874	0.003862867926	0.002003063289	0.002694260679	0.00204980392	0.003142450915	0.00176363639	0.003283153523	0.002819140925	0.005707556925	0.003477348305	0.005993602482	0.004862225587	0.005458797326	0.003479032604	0.0007142035813	0.004694220841	0.0002616707609	0.0001955562123	0.0002327847713	0.0002872616956	0.003051308658	0.002944085745	0.004788482368	0.004114278636	0.005878654037	0.002652237519	0.005388557232	0.003304349855	0.003945176135	0.002877738013	0.0005891726633	0.00314405629	0.003529473669	0.002609993733	0.00270002568	0.001999897382	0.002891897601	0.002229024768	0.004314206132	0.002949420254	0.003096474407	0.001371205585	0.00190532016	0.002388907572	0.001643161509	0.001143274607	0.0001811437107	0.001529260594	0.001918591859	0.001134935625	0.001521999634	0.001581463087	0.001924184663	0.001510175464	0.00143208966	0.003477782384	0.01034743716	0.003536038667	0.007369939886	0.005210785706	0.006806964433	0.003887065144	0.001169963295	0.004549527217	0.006381922092	0.004392360097	0.006676365823	0.004172990522	0.004832627493	0.003906213054	0.006467821319	0.006369271018	0.0112987394	0.008153318094	0.01428180975	0.009596623855	0.01727496437	0.00697850818	0.002803259371	0.01012427926	0.0006319509771	0.0004974707674	0.0005907726573	0.0004968178551	0.007169908354	0.008752655741	0.015188244	0.009871151966	0.001147175938	0.000579960142	0.001991847188	0.0009231373216	0.0008724307866	0.001290287505	0.0002814733767	0.0009192503408	0.0007266681083	0.0009914150907	0.001229256345	0.0006680082401	0.0009301363983	0.0009467444074	0.002236339538	0.001137488082	0.004494557021	0.002233474975	0.002978119697	0.003125591786	0.004279657384	0.002707866009	0.0006154398287	0.003396177311	0.005378017362	0.003200325136	0.004453400225	0.0039321717	0.004026065516	0.003443768163	0.004142554762	0.006825608309	0.007680900147	0.003014245121	0.005841529513	0.004519661858	0.00431142408	0.002492742157	0.0006515222037	0.002890023169	0.004083710141	0.002124252069	0.003684495505	0.002195817718	0.002633086022	0.002187564834	0.003829598096	0.003126318241	0.005709327322	0.003910480302	0.0075744001	0.004751377576	0.008948500742	0.004767476169	0.001440434023	0.00843015651	0.0002788150908	0.0002590196498	0.0003021746438	0.0002701048097	0.004613308142	0.004077164875	0.008787744398	0.005430252142	0.007592690614	0.003301906815	0.01006973418	0.004526529994	0.007568993843	0.004626906297	0.001924407084	0.007224460614	0.005905258421	0.003438776254	0.004114633791	0.002927049038	0.004284620593	0.003753605558	0.008584695837	0.004862663254	0.002329700621	0.001035621202	0.001872095174	0.001947180092	0.001786328681	0.001075088317	0.0001958360319	0.001947815067	0.002342059318	0.001310343034	0.00187015258	0.001734266098	0.002300728533	0.001882152535	0.002157633109	0.004268764151	0.01121390743	0.003827858193	0.005808835466	0.007011899982	0.007078920357	0.003381413241	0.0006504836426	0.00493498047	0.004745148003	0.002665102045	0.003500072883	0.003147724438	0.007210903715	0.004207668418	0.006287592403	0.008486954502	0.005089408586	0.004269558767	0.005255219619	0.005141907043	0.005567790636	0.004368446286	0.0005217469089	0.005716559581	0.0002896007003	0.0001726307383	0.0002001642666	0.0002170700324	0.004768078858	0.006080606637	0.006582210125	0.007005794175	0.009621239009	0.004427142028	0.01039213475	0.0065751106	0.007503279293	0.0051054444	0.0008660900034	0.006464537026	0.005842331304	0.004395344839	0.006893306708	0.004215063905	0.007553096145	0.005885303339	0.01018341985	0.009075748692	0.003549857449	0.001539719747	0.002070352721	0.002754448793	0.0021320063	0.00139997857	0.0002066593094	0.001921429516	0.002946365557	0.001438500398	0.001848226205	0.002271756445	0.003978618161	0.002741743908	0.002890973838	0.005490901241
colon	V21_S13	567238230	0.009612366924	0.00333294355	0.006114619602	0.005066989226	0.004170485829	0.001958616224	0.0005204303666	0.002351350684	0.004622280131	0.002414812556	0.003364427676	0.002375515134	0.002905824948	0.001721673449	0.003216380532	0.002816492111	0.005272116444	0.003332848352	0.005580538886	0.004267517371	0.005004472283	0.003124935708	0.000761545991	0.004156726178	0.0004131385855	0.0003527336301	0.0004212586306	0.0004298952135	0.002626053607	0.002744903142	0.004412671551	0.003691880923	0.006889539162	0.003087926567	0.006358933177	0.003551604764	0.004399155184	0.003269330066	0.0007906942379	0.00352684797	0.004757743497	0.003862207947	0.003726774551	0.002689453777	0.002838645061	0.002434231205	0.004588195686	0.003179327317	0.003514907661	0.001674472822	0.00239297517	0.002730503549	0.00212493964	0.001431587219	0.000281930927	0.001917906697	0.002552423168	0.001690831029	0.00233109817	0.002149604761	0.001991813916	0.001716143145	0.001668730967	0.00370609012	0.00830047192	0.002843914452	0.00616407325	0.003884739927	0.005790329047	0.003378829033	0.001298704779	0.003779752292	0.005911154825	0.004316422749	0.006482105411	0.003765067104	0.003446185212	0.003070346651	0.005189364617	0.004812461248	0.007917333075	0.006117087701	0.01067919735	0.006655242542	0.01219968372	0.005159407186	0.002336718384	0.007289997009	0.0006805288847	0.000603568275	0.0007537291695	0.0005338726905	0.004590284756	0.00647722739	0.01082867246	0.006787742427	0.00102290884	0.0005063533888	0.00174603711	0.0007914381934	0.0008139842761	0.001222771956	0.0003490402965	0.0008619253325	0.000729376086	0.0009656436591	0.001280784618	0.0006178409378	0.0006997095383	0.0008006547796	0.001905441035	0.0009001879158	0.004015961689	0.002116327738	0.002906679968	0.002664187497	0.004308644712	0.002812317498	0.0007679154489	0.003312504166	0.005143925155	0.003541311029	0.005057721515	0.00388559671	0.003079411626	0.003012825846	0.003630263073	0.005406495609	0.008711456208	0.003218996717	0.006835805125	0.004790807206	0.004706504003	0.002517168139	0.0008439452327	0.003080589261	0.005570375607	0.00290591662	0.005618267302	0.002910524913	0.002688016991	0.002352320294	0.004304172164	0.00351556347	0.005649970031	0.003964339639	0.007811881791	0.004470462084	0.008440028804	0.00467955589	0.001573661564	0.007836742598	0.0004560482463	0.0004853639713	0.0006224774377	0.0004774678181	0.004313007958	0.004239567915	0.008807835466	0.00527298733	0.008050696795	0.003424615791	0.01101223378	0.004509491541	0.007835829401	0.004881444609	0.002425346049	0.007499575619	0.006546730815	0.00393752022	0.004839136107	0.003211049439	0.003984913006	0.003819700234	0.009016354557	0.004796328696	0.002910715309	0.001284354547	0.002444473815	0.002230780531	0.002467615767	0.001466149417	0.0003086569112	0.002594424921	0.003275376908	0.002065449644	0.003179561787	0.00248035292	0.002461639442	0.002213255267	0.002674565852	0.004797123776	0.01118288166	0.003657272889	0.006127335599	0.006730641198	0.006802970597	0.003162895068	0.0007855746958	0.004637621128	0.005366068151	0.0031236664	0.004171039389	0.003467766973	0.006121357511	0.003707477544	0.005770822252	0.00762622611	0.005343128935	0.004445456718	0.006008963818	0.004955175535	0.005915519834	0.004596178223	0.0007616852623	0.005638308264	0.0005159595819	0.0003370136036	0.0004820567189	0.0003697582231	0.00418663601	0.005824390574	0.006567242479	0.006416348207	0.01049425741	0.004653006198	0.01147769606	0.00654760699	0.007825274753	0.005587883243	0.001164708169	0.006736427127	0.007034552308	0.005476968645	0.00842437048	0.005069094162	0.006907986438	0.005728487306	0.01014848558	0.008672063588	0.004597595617	0.002158655632	0.003164439393	0.003473330773	0.003429144753	0.002170439041	0.0003898168147	0.002883076128	0.003945590903	0.002286281022	0.003270597611	0.0030864651	0.004109363362	0.003073549891	0.00349623473	0.005488402994
colon	V21_S14	570214211	0.00903328416	0.003357468059	0.005969695133	0.005130126439	0.004233763301	0.002078473277	0.0004946527017	0.002516242093	0.004043601432	0.002134403136	0.002870188025	0.00213838585	0.00309073672	0.001837690082	0.003281196722	0.002924425537	0.005745560066	0.003669385925	0.006133040764	0.005039027342	0.005502458444	0.003562440151	0.0008828155986	0.005060799861	0.0003055974345	0.0002444625148	0.0002879426658	0.0003401248097	0.003118633253	0.003307941057	0.005173396143	0.00482382576	0.006346013358	0.002861924464	0.00595313469	0.003557315761	0.004155282268	0.003142913602	0.000681414094	0.00357079666	0.004013982738	0.003043221243	0.003095242044	0.002302553978	0.003041416658	0.002465589199	0.004565186117	0.003421298457	0.003644546137	0.001636862046	0.002340127577	0.00287691006	0.001927772018	0.00136998164	0.0002377229423	0.002004325704	0.00229480952	0.001405736624	0.001901550293	0.001920153828	0.002152396374	0.001840176866	0.001651063726	0.004110092233	0.008451967536	0.002922848936	0.006284089261	0.004117510498	0.005837288752	0.00340564469	0.001143436953	0.003996512111	0.005712860075	0.004009021445	0.006075355425	0.003709225339	0.003903396227	0.003349018602	0.005441437516	0.005273942568	0.009072872791	0.006811366544	0.01191424182	0.007683468625	0.0140085986	0.005857288253	0.002419182078	0.00860151309	0.0005905991003	0.0004790936366	0.0005677217329	0.0004567686932	0.005618114979	0.007624455715	0.01241939409	0.008350814322	0.0009847562358	0.0004975217989	0.001725735664	0.0007815922357	0.0007614419136	0.00113332321	0.0002682395441	0.0008200584815	0.000651618274	0.0008893973356	0.001106896299	0.0005975508737	0.0007691372673	0.0008111600712	0.001939641241	0.0009516932225	0.004212501116	0.002088665938	0.002892114872	0.002872320557	0.004111325103	0.002699276816	0.0006593206426	0.003370936681	0.005162712439	0.003290731735	0.004605053591	0.003811002879	0.003526479981	0.003276514271	0.00379512639	0.00614757916	0.007485495657	0.003031857093	0.00608994994	0.004423330656	0.004554895248	0.00265970923	0.0007577503185	0.003190827175	0.004462212535	0.002462795512	0.004258287418	0.002476065964	0.002694031419	0.002473053061	0.004064811005	0.003502096162	0.006003692882	0.004167682871	0.008157730744	0.004913311429	0.009230583697	0.005102845464	0.001569620649	0.009229494633	0.0003417049176	0.0003306722217	0.0004043761021	0.0003366892587	0.00480836315	0.00467123749	0.009613252168	0.006314069223	0.007710931989	0.003369393402	0.0106107352	0.004581821971	0.007950648918	0.005018028216	0.002205862246	0.008060723341	0.006297689413	0.003749673296	0.004459494258	0.003121384851	0.004306172931	0.004014079193	0.009125865157	0.005199796748	0.002634669517	0.001169627111	0.002168890175	0.002186932518	0.002086501839	0.001306784338	0.0002447974766	0.002502420972	0.002751474744	0.001594572675	0.002364302702	0.002021864727	0.002478857897	0.002220209485	0.002420057188	0.0049432721	0.0108802725	0.0036438464	0.005861484922	0.006596855931	0.006821596033	0.003195011567	0.0006806512228	0.004636071759	0.004892305288	0.002774060992	0.003641508682	0.003279313219	0.006980576638	0.004075741985	0.006150955084	0.008008578025	0.005233098268	0.004326756423	0.005655655257	0.005100762036	0.005608790413	0.004397398296	0.0005694894896	0.005783410754	0.0003517204519	0.000212186925	0.0002724905781	0.0002586431505	0.004761198419	0.006311293073	0.006769896165	0.007147771699	0.00971408445	0.004372679516	0.01076592074	0.006413761582	0.007441284202	0.005126096375	0.0009341103566	0.006484101814	0.006128303947	0.004634102323	0.007304330407	0.00451030148	0.007382430881	0.00581671052	0.01017304179	0.008812090094	0.004304424465	0.001832704236	0.002657246997	0.003235429711	0.002590735151	0.00164490113	0.0002552479352	0.00234588857	0.003510235209	0.001756071632	0.002429090635	0.002662523962	0.004298809031	0.002994571105	0.003214323608	0.005531249378
colon	V21_S15	561526451	0.009997473832	0.003582988827	0.006039549863	0.005849158119	0.004496648369	0.002166289759	0.0004873234369	0.002702556571	0.004036746614	0.0020511999	0.002775215659	0.002158933026	0.003584541737	0.001943235262	0.003508908612	0.003395211386	0.006121699154	0.003763717624	0.006161054379	0.005435455435	0.005727580587	0.003597882159	0.0008496803653	0.005157742783	0.0002831318092	0.0002193877061	0.0002510478353	0.0003230391011	0.003396069761	0.003327656243	0.005254824585	0.005090896422	0.006142512065	0.00269062659	0.005417661082	0.003533347354	0.004094893475	0.002973416474	0.000607104081	0.003441276892	0.003592240395	0.002621935258	0.002754988651	0.002058284161	0.003140274152	0.00239442683	0.004404193241	0.003494841599	0.003532505007	0.00154034596	0.002084526914	0.002840685416	0.001872934032	0.001300530008	0.0002170494369	0.001949254569	0.002149547894	0.001263251266	0.001657912995	0.00181128422	0.002317824918	0.001845768794	0.001661766776	0.004499763093	0.009058307032	0.003055800839	0.006232974411	0.004623470534	0.006264791256	0.003520697906	0.001118734476	0.004286091948	0.005566036995	0.003761477302	0.005593540597	0.003675718208	0.00444945914	0.003550545119	0.005705469429	0.006049043627	0.01001163345	0.007229443943	0.0122962204	0.008523146134	0.0149222178	0.006072226863	0.002503543684	0.009092515572	0.0005578169994	0.0004558556405	0.000526440027	0.0004535244948	0.00638711853	0.007865855637	0.01299611797	0.009135259774	0.001008768152	0.0005020297788	0.001657562165	0.0008117961303	0.0007796694158	0.001124570354	0.0002605148871	0.0008305183116	0.0006400446486	0.0008490161045	0.001048794761	0.000572642659	0.0008287552602	0.0008237189881	0.001952782452	0.001010723536	0.00414524551	0.002007974866	0.002658108086	0.00290207166	0.003934432645	0.002532244024	0.0005914538833	0.003280905106	0.00483993941	0.002903742107	0.003905089415	0.003542890983	0.003767534007	0.00327111928	0.003723171003	0.006548439514	0.00814847634	0.003087765495	0.005967243385	0.0048688677	0.004643863161	0.002563788398	0.0007074038975	0.003222090423	0.004309066823	0.002276147451	0.003839199375	0.002379813093	0.00299233455	0.002418078432	0.004089525963	0.003826190193	0.006201729222	0.004156110537	0.007884300004	0.00515202088	0.009226908173	0.004913414132	0.001502451039	0.008871517969	0.0003091020907	0.0002957385172	0.000340112206	0.0003073515053	0.005083263656	0.004493353778	0.009349133938	0.00641426774	0.007928798353	0.003320411704	0.0100110244	0.00471604676	0.007782810573	0.004709927725	0.001994185667	0.007662739649	0.006002328108	0.003446592759	0.004172644042	0.002984313556	0.004578826154	0.003880866157	0.008761932748	0.005375668403	0.002612366697	0.001163168714	0.001997309295	0.002298839169	0.002034198029	0.001220245277	0.0002215995342	0.002406850109	0.002570073053	0.001441732618	0.002030536581	0.001944449808	0.002671516181	0.002192154969	0.002412417078	0.005263376275	0.01128026113	0.003738979698	0.005669328656	0.007093165412	0.007087418576	0.00326227731	0.0006627399285	0.004836427554	0.004708821811	0.002614468112	0.003366835163	0.003190661806	0.007570752887	0.004258527796	0.00636438229	0.008898918281	0.00517564933	0.004198982961	0.005210158835	0.00516523308	0.00556900925	0.004206273802	0.0005243101184	0.005647320788	0.0002978987004	0.0001840732521	0.0002107238222	0.0002312660424	0.004927452652	0.006148223283	0.006597917148	0.007303310454	0.009506428398	0.00425168039	0.009875841094	0.006443949334	0.007359599878	0.004890522958	0.0008538707289	0.00638010016	0.005576941201	0.004159066765	0.006407491568	0.004073816996	0.007528393351	0.005714172492	0.009951289009	0.009060452969	0.003815802437	0.001643961737	0.002143256115	0.002984350954	0.002271351595	0.001483285424	0.0002126382467	0.002092271874	0.003067522459	0.001534823513	0.00190525486	0.002382977681	0.004314952565	0.002967404291	0.003022537936	0.005830455527
colon	V23_S1	417766016	0.01070821184	0.003647795516	0.006131561453	0.006201710768	0.00458999518	0.002139661834	0.0004640061484	0.002799327746	0.004137732448	0.002014395541	0.002677178031	0.002187849095	0.003803866134	0.001988029108	0.003505749496	0.003618111436	0.006018335393	0.00359077556	0.005752473653	0.00539975468	0.005571219082	0.003429872094	0.000777959402	0.005052246758	0.000269124332	0.000201581739	0.0002358616935	0.0002993565661	0.003461676979	0.003303435289	0.005034964357	0.005229398554	0.006512463666	0.002699429721	0.005390498302	0.003703139894	0.004131858346	0.002893772958	0.0005687154792	0.003420218365	0.0036328685	0.00256376287	0.002648666856	0.002101827258	0.003257091166	0.002434142465	0.004260301058	0.003722488045	0.003657983037	0.001571104338	0.00212218315	0.003061503212	0.001881878779	0.001264952102	0.0002102277271	0.001959912891	0.002134134817	0.001259666847	0.001622623608	0.001838098291	0.002348429414	0.001864127215	0.001633222842	0.004607054969	0.009377830771	0.00300510322	0.00606715698	0.004703759819	0.006187281639	0.003275182632	0.001058879811	0.004121010169	0.005707094184	0.003670355992	0.005471878785	0.003726274853	0.004690111031	0.003520094847	0.005662119247	0.006302460945	0.009609041536	0.006690204308	0.01128626987	0.008173127706	0.01383530919	0.005603885693	0.002191126049	0.00858153814	0.0005552174928	0.0004413355633	0.0005054121013	0.0004605017944	0.006268391635	0.007507898871	0.01201070649	0.009044735223	0.000990918323	0.0004775615832	0.001522862022	0.000799993267	0.0007482609596	0.001040371843	0.0002339180217	0.0007903874115	0.000625838364	0.0007848268826	0.0009888789039	0.0005554448929	0.0008355801732	0.0007939204897	0.001834131956	0.00103558208	0.004328585693	0.002042980921	0.002765729992	0.003118934882	0.003991100128	0.002505969753	0.0005594423458	0.003377452799	0.004963445854	0.002974131338	0.004043828208	0.003720089573	0.00392159232	0.003347467114	0.003728766679	0.006847883481	0.008526713192	0.003096762184	0.005849901396	0.005075087295	0.004666813301	0.00250058157	0.0006432595992	0.00331375925	0.004286250991	0.002217932921	0.003600458013	0.002342110087	0.003163040911	0.002408108753	0.00395991042	0.004055760725	0.005881239512	0.003876787335	0.007049706982	0.005036271308	0.008718069112	0.004658746584	0.001296989174	0.008629959982	0.0002931569235	0.0002670250708	0.0003114710029	0.000294351372	0.004847445514	0.004265691635	0.008302120965	0.006394802109	0.008128992953	0.003333152881	0.00953209655	0.0049056671	0.007709693648	0.004562800532	0.001780817423	0.00750207025	0.005888851428	0.003365788375	0.004003896765	0.003054901431	0.004774952781	0.003904312312	0.008158911614	0.005698074781	0.0026025621	0.001157990314	0.001940217655	0.0023712891	0.002037307889	0.001230004309	0.0002061967625	0.002450522447	0.002514936495	0.001400736244	0.001956920785	0.001958670568	0.002710610621	0.002211661467	0.002322268837	0.005435334405	0.01227788715	0.003870743282	0.005840764702	0.007627980443	0.007314177992	0.003311669564	0.0006502778819	0.005012312921	0.004984318782	0.002673479788	0.003458885943	0.003366087585	0.00822858698	0.004450728228	0.006453784886	0.009635836439	0.005250012964	0.004036628006	0.00508530354	0.005235411489	0.005391261888	0.004014409827	0.0004817529246	0.005571906069	0.000304469476	0.0001795742045	0.0002163483781	0.0002420948477	0.004945435772	0.00602722793	0.006238822451	0.007475727753	0.01006788929	0.004311786816	0.009912335713	0.006852747448	0.007391728579	0.004840822189	0.0008053575138	0.006485266624	0.005889497723	0.004191693276	0.006550623783	0.004306381877	0.007943726567	0.005872440328	0.00985031535	0.009693397368	0.004083187561	0.001695195332	0.002252559959	0.003228994098	0.002414957084	0.001519465384	0.0002142203927	0.002241168415	0.003204662296	0.00157677737	0.002032989682	0.002525045024	0.004468235636	0.003056083911	0.002993455552	0.006201844814
colon	V23_S3	764792749	0.009299039523	0.003419827141	0.00603923482	0.00520218975	0.004317722683	0.002138214571	0.0004998033788	0.002526727669	0.004030131044	0.002106183671	0.002903480718	0.002121187736	0.003156243313	0.001839762474	0.003425882376	0.002873527505	0.005775127975	0.003790097388	0.00629482171	0.005042464125	0.005773571998	0.003753248189	0.0009038684021	0.005114730762	0.0003010750302	0.0002394008053	0.0002847542688	0.0003166714124	0.003267265548	0.003309565897	0.005309193903	0.004636220734	0.006190805295	0.002830477934	0.005864284155	0.003464043041	0.004296103754	0.00318251056	0.0007086717293	0.00349820393	0.003914536329	0.002945435875	0.003078128033	0.002219713775	0.003097286164	0.002463207192	0.004707101374	0.003264383721	0.003305217006	0.001514612948	0.002116187689	0.002670492107	0.001926663141	0.001351775368	0.0002414771848	0.001859451468	0.002223870457	0.001364578837	0.001847620812	0.001851676813	0.002142764824	0.001759429599	0.001634136832	0.003878325211	0.00833479398	0.002946240015	0.006323412462	0.004098414903	0.006037234278	0.003656331736	0.001221887892	0.004216573711	0.005616308478	0.004018165711	0.00615064278	0.003692501012	0.003978534059	0.003469053549	0.005729510388	0.005351686461	0.009597090205	0.007447339174	0.01290314273	0.008253413762	0.01531426392	0.006426558053	0.002869011249	0.00937249864	0.0006421112133	0.000544985554	0.0006522603681	0.0004991326088	0.006115371787	0.008296968046	0.01371029997	0.008912117706	0.0009892575485	0.000523914486	0.001793598333	0.0007958221372	0.0007870459033	0.001192406703	0.0003019523921	0.0008608868231	0.0006840781384	0.0009393420648	0.001160209745	0.0006099443289	0.0007631976124	0.000840065496	0.002046312549	0.0009635656208	0.003900527305	0.002002593516	0.00272254804	0.002672990824	0.003947625032	0.00266698789	0.0006630750627	0.003300316332	0.005025415062	0.003224031613	0.004480242529	0.003728929182	0.003443041273	0.003187340627	0.003762102875	0.005980301207	0.007742293592	0.00315113474	0.006303452806	0.004546125737	0.004771856173	0.002755188256	0.0008053632841	0.003256186729	0.004592219271	0.002510748177	0.004360678111	0.002576019454	0.002888821845	0.002543468152	0.004486099018	0.003523051184	0.006006262489	0.00442420251	0.008516073156	0.004987866327	0.009708406637	0.005422027086	0.001752999099	0.009327938856	0.0003656794607	0.0003702715544	0.0004463104553	0.0003546346384	0.004899788871	0.004715433043	0.009841989232	0.006143103483	0.007950701687	0.003641011246	0.0111189914	0.004833967117	0.008562090852	0.005334633475	0.002366133835	0.008247929924	0.006682773871	0.003988100049	0.004806380558	0.003359264328	0.004755996974	0.00428046553	0.01000444632	0.005463596517	0.002484324024	0.001152747592	0.002089784457	0.002117856115	0.002175546254	0.001338366507	0.0002605058694	0.002446171204	0.002799185796	0.001667471353	0.002392190567	0.00214861739	0.002603419034	0.002241905408	0.002517556557	0.004872743635	0.009371967777	0.003458351303	0.005521111446	0.00605155842	0.00642548456	0.003093516516	0.0006579285704	0.004419171082	0.004553595735	0.002632144463	0.003480259199	0.003112251003	0.006445178784	0.003816798739	0.005841029489	0.007518521858	0.004813888475	0.004266089087	0.005527613861	0.004817097187	0.005341601375	0.004344226595	0.0005761168638	0.005614883255	0.0003150056016	0.0002034525042	0.0002602221324	0.0002430266242	0.004447455869	0.005956313009	0.006504683794	0.006658343723	0.009069638813	0.00425574903	0.01044911711	0.006088658667	0.007025882511	0.004947038273	0.0009291798346	0.00618626681	0.00592074128	0.004474387348	0.007205848914	0.004272123401	0.007028497599	0.005618943179	0.01001556175	0.008460582306	0.003453421863	0.0015562033	0.002184020445	0.002652496382	0.00211264163	0.001451679558	0.0002221346897	0.001962060966	0.002996767429	0.001572446917	0.002110935286	0.002362492325	0.003594590827	0.002683730988	0.002876265502	0.005388502971
colon	V23_S6	581360275	0.01082027319	0.003632797236	0.00632503485	0.006267043272	0.004548986427	0.002055212665	0.0004776917377	0.002673242509	0.004228433049	0.002052778718	0.002781105056	0.002257837449	0.00384372668	0.001920709151	0.003537295354	0.003559749589	0.006040796303	0.003568460194	0.005884495634	0.00532480483	0.00547698757	0.003302812529	0.0008044684512	0.004806282989	0.0002828693447	0.0002131328977	0.0002599764836	0.0003249448029	0.003383352948	0.003139361388	0.005032729489	0.004897697903	0.006779035599	0.002760100869	0.005747473888	0.003752753832	0.004171853675	0.00288345983	0.0006235169749	0.003348899269	0.003812248782	0.002664241206	0.002841921045	0.002196226772	0.003322538679	0.002436146845	0.004470203954	0.003654983134	0.003983631321	0.001712371902	0.002384588455	0.003444120773	0.002027333223	0.001319835622	0.0002357746236	0.002038574101	0.002348848139	0.001405875212	0.001825337997	0.002110212983	0.002542127599	0.001911979624	0.001804920365	0.004855674048	0.009199870081	0.002989419943	0.006107300675	0.004670222781	0.005883743949	0.003247994542	0.001049201375	0.004068152059	0.005670612771	0.00362656358	0.005516672084	0.00371442648	0.004426573522	0.003375640002	0.00540388144	0.006085035652	0.009392676512	0.006655095242	0.0112935219	0.008141684603	0.01334115579	0.005457371507	0.002283083412	0.008390550937	0.0005698256559	0.000460341051	0.0005640151453	0.0004664044168	0.005998216854	0.007319722697	0.01162601796	0.008835142718	0.0009385952626	0.000466972051	0.001481315523	0.0007591058746	0.0006924329324	0.0009894879728	0.0002355854122	0.0007422092953	0.0006083301787	0.0007729406692	0.0009734858475	0.000543122765	0.0007645465628	0.0007536961482	0.001753246728	0.0009773853227	0.004334690739	0.002017920815	0.002839715872	0.003091270727	0.003917379804	0.00248644956	0.0005910001333	0.003337092477	0.005017293278	0.003008200036	0.004242345248	0.003773530966	0.003798314221	0.003227628513	0.003694935984	0.006693592884	0.008456635603	0.003051768544	0.005964612907	0.004992269209	0.004658202695	0.002458981223	0.0006925980624	0.003220925269	0.00440250927	0.002307218188	0.003804675165	0.002501068722	0.003235339738	0.002419738776	0.004185801997	0.004056794214	0.005854837605	0.003880483578	0.007345323001	0.004997455321	0.008540838123	0.004545277883	0.00138163207	0.008275025327	0.0003199513417	0.0002985274493	0.0003664130646	0.000310855433	0.004752976973	0.004125030731	0.008408099435	0.006151842762	0.007850778934	0.003307461969	0.009586002415	0.004806917707	0.007804365374	0.004636111403	0.001991661711	0.007513299735	0.005969006052	0.003497555797	0.004229263859	0.003176550032	0.00491720216	0.004038088086	0.008820573439	0.005853153623	0.002703504294	0.001201998193	0.002120743458	0.002493125283	0.002301273509	0.001263687995	0.0002417382233	0.00257861272	0.002746907673	0.001543822374	0.002216967783	0.002173698573	0.002945135871	0.002273843014	0.002550232728	0.005697661403	0.01131063006	0.003762271167	0.00590663853	0.007402894874	0.006864870497	0.003109118524	0.0006597148386	0.004667169596	0.005019360843	0.002684712161	0.003553054945	0.003576231623	0.007727836237	0.004178909541	0.00624645707	0.009385087414	0.005233188663	0.004009520602	0.005352384973	0.005266082207	0.005227405674	0.003813870839	0.0005058876787	0.005320294717	0.0003066033365	0.0001849214758	0.0002475194921	0.0002648598582	0.004742933287	0.005655295247	0.006150203503	0.007241896602	0.009887677654	0.004230553937	0.009957334976	0.006656244271	0.006923844255	0.00458219647	0.0008227841161	0.00610207328	0.005894609844	0.004123912663	0.006664786307	0.004386603471	0.007514765263	0.005606201765	0.009533095463	0.009351469706	0.004355211577	0.001762382199	0.00252092904	0.003513669729	0.002489557788	0.00152286979	0.0002287652007	0.002302468981	0.003387408952	0.001683224744	0.002291735534	0.002899924664	0.004458889111	0.003098187264	0.003282331253	0.006875951406
colon	V23_S7	772173951	0.01156324425	0.003911417882	0.006677600291	0.006867178041	0.004951877741	0.002146685987	0.0004849567892	0.002837285559	0.004493488799	0.002103690493	0.002854403463	0.002357150222	0.004397399052	0.002094212059	0.004026676885	0.003821277571	0.00666892349	0.003790569465	0.006113631513	0.005815201347	0.005799080627	0.003282777147	0.0007592214154	0.004847868793	0.0002908593325	0.0002009780307	0.0002369906415	0.0003158135543	0.003758737259	0.003263144265	0.005196217763	0.005114544456	0.006925992509	0.002747996092	0.005528355359	0.003838456343	0.004278298945	0.002751058874	0.0005558928781	0.003246249108	0.003720433714	0.002476877131	0.002622655164	0.002086971463	0.003517346055	0.002426525782	0.004445867405	0.003672777353	0.004259005365	0.00180286061	0.002389986087	0.003639200722	0.002155303216	0.001329793628	0.0002278851802	0.002083663918	0.002544585967	0.001478358599	0.001872332003	0.002217729564	0.002825143217	0.002034217805	0.001891663139	0.004984047953	0.009264526459	0.002975630034	0.005894772796	0.004844956237	0.005866645714	0.0030594311	0.0009700871145	0.003959830549	0.005391698327	0.003299225514	0.004934600546	0.00354774335	0.004776778594	0.003418824213	0.005840854893	0.00628183325	0.009439014345	0.006312387246	0.01053708816	0.008199069642	0.01273952843	0.004922055445	0.001961029633	0.007803306486	0.0004999249191	0.0003714163106	0.0004389852825	0.0004102689551	0.006167821375	0.006830650002	0.01088628798	0.008545824411	0.0009338931973	0.0004441149556	0.001384624538	0.000765572316	0.0006483616798	0.0008720612747	0.000200671105	0.0006742237281	0.0005627281255	0.0006787641558	0.0008350359387	0.0004950762707	0.0007826811552	0.0007016709115	0.001665312587	0.0009455369468	0.004202931212	0.001943654015	0.002625584556	0.003072267585	0.00368563456	0.002242962221	0.0005046065067	0.003171238808	0.004726621502	0.002675983821	0.003632844641	0.003488478207	0.003922351947	0.003148677829	0.003515953881	0.006540565106	0.009201765989	0.003204544775	0.006197464954	0.005413312628	0.004856206293	0.00241108755	0.0006427657905	0.003250722194	0.004487371007	0.002244114811	0.003708752408	0.002484804101	0.003605783381	0.00245195917	0.004495981761	0.004198121415	0.006340015736	0.003947556112	0.0073119716	0.005251464382	0.008656044394	0.004211399511	0.001249089015	0.007880000345	0.0003078814038	0.0002657937369	0.0003184191848	0.0002952042085	0.005080312532	0.004061567987	0.008357890073	0.006224313827	0.008042542735	0.003176150914	0.00910736239	0.004834428816	0.007546453739	0.004162334142	0.001682978296	0.006857713852	0.005737420945	0.003115071412	0.003830138269	0.002939474968	0.005074534041	0.003735522283	0.008281532926	0.005550893027	0.002928956613	0.001282321164	0.002083309076	0.002626312371	0.002271347017	0.001215048758	0.0002180441334	0.002499435519	0.002819084997	0.001509777685	0.002092603613	0.002166184184	0.003175265103	0.002342091439	0.00261533557	0.005730669876	0.01188159868	0.003988676381	0.006094087989	0.007853824895	0.007308305328	0.003229225742	0.0006684115662	0.004882388217	0.00506126242	0.002673461074	0.003456124098	0.003461132037	0.008580009713	0.004523089643	0.007199741707	0.009790397604	0.005469158853	0.004035790117	0.005252751656	0.005412017583	0.005350940672	0.003678874425	0.0004620940651	0.005216875025	0.0002977839381	0.0001641288208	0.0002044940778	0.0002348706529	0.005289905202	0.006100062031	0.006303688429	0.007336981509	0.009958800074	0.004196703341	0.009463778195	0.006731371854	0.007009596728	0.004358669437	0.0007546395462	0.005999973185	0.005655372076	0.003839177683	0.005972393907	0.004027544566	0.007778423492	0.005538742915	0.009460027744	0.009191504053	0.004290954125	0.001771369001	0.002334871563	0.003419598649	0.002416341548	0.001488695648	0.0002156560705	0.002280803435	0.003277642294	0.001630372273	0.002036381826	0.002550484897	0.004578486487	0.003145043933	0.003158116117	0.006438869109
colon	V23_S8	748671389	0.01154072818	0.003906823532	0.006615635475	0.006712782235	0.004954808017	0.002193302728	0.0004796416763	0.002786354642	0.004442381596	0.00210782731	0.002848844007	0.002288937477	0.004317346766	0.00203829213	0.003871957768	0.003658110942	0.006828886578	0.00391596773	0.006378491378	0.005728835191	0.006028073286	0.003476469167	0.0007630544033	0.004953657979	0.0002763027986	0.0001879676478	0.0002263583229	0.0002957452405	0.003764702433	0.003219630181	0.005284140757	0.004953380154	0.006799784358	0.002738408373	0.005509123309	0.003716085643	0.004333425916	0.002834409103	0.0005699456481	0.003259787987	0.003681883722	0.002461854463	0.002627240775	0.002044656738	0.003474819578	0.002399625559	0.004456107244	0.003498199662	0.003954512011	0.00163824078	0.00217051703	0.003259657088	0.001993332485	0.001245459642	0.0002082235308	0.001834206596	0.002327752904	0.001298215765	0.001652058591	0.001921186012	0.002675642517	0.001867800774	0.001775942048	0.004657878011	0.009230899032	0.003001931198	0.005960143616	0.004782576245	0.006012023521	0.003196459802	0.0009851972586	0.004041595611	0.005367507105	0.003339264779	0.004995701792	0.003489868904	0.004743398843	0.003410056852	0.005576401157	0.006164842236	0.01002340694	0.006829726733	0.0113786691	0.008489722051	0.01392863966	0.00547178383	0.00218410243	0.00849792191	0.0005099567121	0.0003826311573	0.0004556859057	0.0004055424108	0.00656506322	0.007275270673	0.01184079708	0.009017267254	0.00095770322	0.0004667040909	0.001445337722	0.0007733553178	0.0006821096779	0.000914876687	0.0002127542235	0.0007103717436	0.0005900759752	0.0007167136448	0.0008901368608	0.0005081014255	0.0008061146838	0.0007271174082	0.00177639485	0.0009687841831	0.004039236766	0.001857029693	0.002505789626	0.002874510809	0.003551773233	0.002153620432	0.0004848201832	0.002909846739	0.004610042604	0.002587066941	0.003458504009	0.00332599594	0.003843864	0.003015065132	0.003454378033	0.0063307281	0.009133757614	0.003242777854	0.006297925992	0.005331727723	0.004960104065	0.002517073616	0.0006668105758	0.003270838229	0.0045045918	0.002293096845	0.003736762271	0.002468655844	0.00354307783	0.00241330045	0.004445163858	0.004054780301	0.006583701571	0.0042052562	0.007824702648	0.005362239106	0.009367757474	0.004676966492	0.001389562918	0.00843828827	0.0003106783609	0.0002762587205	0.0003309369152	0.0002973507513	0.005322201514	0.004299963973	0.00902213855	0.006402038425	0.008290252695	0.003364257052	0.009543162868	0.004914385743	0.008018113271	0.00449451929	0.001778593412	0.007201920735	0.005986757429	0.003315841952	0.00404418019	0.003046257722	0.005190669841	0.003880721292	0.008671578873	0.005641911875	0.00279374106	0.001223638319	0.002006406311	0.002470684772	0.002222009582	0.001209052481	0.0002170004122	0.0023816791	0.002764272858	0.00146915458	0.0020035212	0.002085701448	0.003112652673	0.002278203795	0.002593256572	0.005570240911	0.01090967562	0.003925578088	0.005927511142	0.007532594517	0.007164760239	0.003256997711	0.0006559793886	0.004819388123	0.004856206679	0.002618479922	0.003385795206	0.003330214079	0.00829066409	0.004445973292	0.006670224178	0.009620843144	0.00522806542	0.004055199711	0.00520125526	0.005251156993	0.005314267459	0.003796789943	0.0004606627221	0.0053073098	0.0002671572641	0.00015473678	0.0001874507321	0.0002164247257	0.005040387619	0.005735637909	0.006316915631	0.007214519052	0.009781279354	0.004219047297	0.009559048342	0.006626804594	0.00699119811	0.00448123843	0.000760264127	0.006066984884	0.005552532207	0.003856597223	0.005982706252	0.003926092333	0.007732206793	0.005560960471	0.009619357846	0.009213198342	0.003731468894	0.001581126269	0.00205683431	0.002997473969	0.002081388474	0.001344480389	0.0001875963234	0.001915298248	0.002969887767	0.001490851683	0.001806576316	0.002327646048	0.004081868287	0.002890031637	0.002919382298	0.006120522391
colon	V24_S1	560153394	0.009610858486	0.003450303115	0.005785229608	0.005632923113	0.004465898139	0.002206450971	0.0005313526673	0.00281567695	0.003948812992	0.002024477602	0.002756468168	0.002070388241	0.003443194348	0.001997640311	0.003420702294	0.00362182756	0.005980233336	0.003777088602	0.006024788988	0.005647174567	0.005939326684	0.003817454331	0.001047861186	0.005664352004	0.0002842917703	0.0002234102325	0.0002600376996	0.0003199016589	0.003565500132	0.003665863712	0.005681104558	0.005961649141	0.006151656023	0.002708165328	0.005421534588	0.003661620231	0.004170695072	0.003076876831	0.000673197742	0.003715071661	0.003655204131	0.002682999007	0.002771958568	0.002071955669	0.00309862266	0.002483630404	0.004407687299	0.003922404155	0.003184342038	0.001464688081	0.00194454057	0.002744417898	0.001818910696	0.00134735772	0.0002465021215	0.002151324999	0.002009231778	0.001234170867	0.001604319477	0.001739382481	0.002168216801	0.001909628704	0.001624785299	0.004693357263	0.008974456022	0.003102307365	0.006338740492	0.004635385642	0.006452059451	0.003738010021	0.001247294058	0.00456428726	0.005624373669	0.00390314693	0.005860532196	0.003709660643	0.004386330649	0.003728926795	0.005841176783	0.006362960643	0.009940951996	0.007373806968	0.01268175838	0.008645960289	0.01531265559	0.006248033195	0.002724278771	0.00933500012	0.0005965294571	0.0004851456814	0.0005746979371	0.0004830373303	0.006407603771	0.008089423448	0.01348094126	0.009451389667	0.0009770145211	0.0004906870206	0.001648637694	0.0007863024749	0.0007742379224	0.001125834471	0.0002650238338	0.0008256363435	0.0006419848632	0.0008507669597	0.001060154248	0.0005601126466	0.0007812752805	0.0008030585993	0.001906147515	0.0009854479254	0.003932833441	0.001992116824	0.002612173765	0.002845002846	0.003944085716	0.002644834461	0.0006348296802	0.003445218793	0.004731480749	0.00293605112	0.003978860119	0.003522322673	0.003602938091	0.003272539307	0.00372841622	0.006523191753	0.008092561874	0.003107281003	0.005936050795	0.004905547354	0.004793038887	0.002651100602	0.0007893730623	0.003423121275	0.004331367133	0.002284965179	0.003923282486	0.002346958912	0.003010789577	0.002592109618	0.004140499772	0.0041942172	0.006048655665	0.004137927262	0.007738410668	0.005162441272	0.009332377624	0.00506982557	0.001645793831	0.009121296157	0.0003095973386	0.0002949888401	0.0003466728972	0.0003092045891	0.005104358968	0.004679212923	0.00959139953	0.006878680092	0.007925198789	0.003330441304	0.01011279243	0.004824794474	0.008011671532	0.004852570794	0.002214473773	0.008142603524	0.006071344093	0.003487150164	0.004185789152	0.002996270339	0.004550321443	0.003980077643	0.008901204658	0.005672605101	0.002488061333	0.001132102397	0.001949155377	0.002257183503	0.002041422961	0.0012794781	0.0002525147603	0.002614319605	0.002483541142	0.001441808634	0.002047374902	0.001911383581	0.002553527329	0.00224135034	0.002410918178	0.005481955537	0.01053142775	0.003531923614	0.005459184989	0.006624662172	0.006690465576	0.003147489632	0.0006558150034	0.004611081585	0.004560381187	0.002560341534	0.003380427612	0.003015247284	0.006856919981	0.003978297773	0.006023068031	0.008297662836	0.004847773894	0.00403754583	0.005063536221	0.004844780071	0.005360604849	0.004110027761	0.0005373081788	0.005393574389	0.0003044291114	0.0001845262407	0.0002272431112	0.0002347963994	0.004517244789	0.00576582778	0.006314304328	0.006815906216	0.00924355374	0.00416675508	0.009837010824	0.006251550089	0.007257030027	0.004869109121	0.0008726448956	0.006236580975	0.005651312719	0.004207742067	0.006610789187	0.00406429029	0.007178912139	0.00556764278	0.009735472566	0.008862040386	0.003525236161	0.001568972016	0.002101260142	0.002805049504	0.002231451266	0.001462560093	0.0002180616976	0.002030060002	0.00293778993	0.001499537464	0.00194719877	0.002301710592	0.003862190291	0.002730519919	0.00287221682	0.005340628178
colon	V24_S2	674745996	0.009189068237	0.003308385694	0.006008678857	0.005035093235	0.00407802494	0.002019703723	0.000475448542	0.002288517471	0.004012680351	0.002117161137	0.002942236059	0.002060225638	0.002925173342	0.001675609795	0.00318046941	0.002631135287	0.005453372116	0.003501791806	0.005949253532	0.004515681483	0.005290773152	0.003423984749	0.0007777059858	0.004464511117	0.0003026575944	0.0002434560575	0.000297119214	0.0003141463621	0.002830493269	0.002852507479	0.004733264101	0.003791161437	0.006264357292	0.002823668479	0.006058337544	0.003381952636	0.00414619726	0.003075626995	0.0007053276386	0.003267788194	0.004098253293	0.003049620171	0.003251425	0.002252416478	0.002907368123	0.002324234615	0.004572267221	0.002991906602	0.003340368099	0.001493938469	0.002239006988	0.002511027868	0.001737144062	0.001207553664	0.0002170253708	0.001606524539	0.002182539813	0.001337509234	0.001891594774	0.001775519984	0.001894117205	0.001543785374	0.001522369908	0.003473321834	0.009126991544	0.003171175543	0.006930507225	0.004416091415	0.006486673542	0.003798192231	0.001284395914	0.004308637646	0.006261448049	0.004396657435	0.00691484207	0.003983576066	0.004062986689	0.003478071769	0.005828181306	0.005425526082	0.01001680194	0.007695301685	0.01354764764	0.008471341859	0.01576057222	0.006651769742	0.002960339167	0.009369324216	0.0006974342979	0.0005872609876	0.0007361229306	0.0005267033848	0.006064557662	0.008113586494	0.0138771005	0.008565095657	0.001041431893	0.0005375044864	0.00187244831	0.0008268074258	0.0008462339953	0.001273990517	0.0003199366892	0.0008953517377	0.0007205333605	0.0009827298034	0.001234111806	0.0006247536147	0.0008010732975	0.0008695286871	0.002087253586	0.0009898213609	0.004346291816	0.00218792999	0.003103821308	0.002904132832	0.004294328558	0.002813558007	0.0007256345394	0.003363385649	0.005518446974	0.003535773482	0.005124761052	0.003963043895	0.003568489497	0.00323971689	0.003967738995	0.006053120766	0.007561870734	0.00293697482	0.006101141799	0.00431136608	0.004402422567	0.002536690859	0.0007503342043	0.002892941954	0.004447094192	0.002359905816	0.004305635035	0.002356513428	0.002543345215	0.002213515914	0.003925540893	0.003119029994	0.005858109605	0.00412688629	0.008084047971	0.004680580572	0.009150564859	0.005039250355	0.001653050195	0.008562974859	0.0003391824499	0.0003368941814	0.0004134578073	0.0003198092338	0.004567957451	0.004262312066	0.009295859534	0.005445921905	0.007902652304	0.003429785451	0.01099466769	0.004551775065	0.007931710646	0.005002027459	0.002294118097	0.007598162909	0.006489413833	0.003765742983	0.004662788692	0.003092399232	0.004253627316	0.003886591422	0.009202717818	0.00491384761	0.002457758934	0.001082657777	0.002145614807	0.001974605271	0.00191678944	0.001163941698	0.0002352425964	0.002086116862	0.002636721093	0.001531847549	0.002323681814	0.00190634551	0.002265593289	0.001926283383	0.002279768993	0.004296542725	0.01061486254	0.00357623167	0.005847179566	0.006426115939	0.006746280863	0.003185646173	0.0007033713469	0.004551463837	0.004914619753	0.002787637142	0.003791134761	0.003192874078	0.006534851672	0.003928731724	0.006031453353	0.007774491484	0.005002390559	0.004282706407	0.005603582715	0.004853567149	0.005543797254	0.004382456536	0.0006156405558	0.005578414725	0.0003481784277	0.0002134240156	0.0002892347656	0.0002514842637	0.004431073349	0.005937297922	0.006596382974	0.006592299956	0.009827044605	0.004472426688	0.01113948663	0.006462442202	0.00766621222	0.005231828008	0.001018878221	0.006487213005	0.00640251743	0.004757126414	0.007855406377	0.00452576676	0.007364138549	0.005875296813	0.01043307266	0.008864467571	0.004052963658	0.001763407278	0.002655431837	0.00303074492	0.0024669787	0.001579899705	0.0002610863955	0.002155022792	0.003417305199	0.001714820105	0.002500278638	0.002579868588	0.004005108613	0.002785762363	0.003150326215	0.005283884634
colon	V24_S3	523008089	0.009717956771	0.003450973394	0.006017543641	0.005597708834	0.004416119078	0.002159507709	0.00051348919	0.002662761876	0.004053855083	0.002050096399	0.00285100753	0.002079835901	0.003404926305	0.001897980205	0.003469227414	0.003300979538	0.005948116416	0.003685174361	0.00610255571	0.005435501018	0.005779285375	0.003685673397	0.0009802831176	0.005324038114	0.0002871829388	0.0002162394854	0.0002583306126	0.0003142112014	0.003409987412	0.003367131479	0.005410541557	0.005298918044	0.006223523247	0.002723336464	0.005583439456	0.00357237687	0.004159979637	0.003026937887	0.0006576590444	0.003513702825	0.003755123566	0.002703904643	0.002837587087	0.002065958487	0.003081206646	0.002372041707	0.004445103334	0.003569462957	0.003384314769	0.001513630509	0.002092434176	0.002779966564	0.001860598374	0.001322017794	0.0002459292747	0.001997166051	0.002125842838	0.001268926837	0.001729577456	0.001790360455	0.002178277973	0.001816153555	0.001644104591	0.004312011702	0.0093346453	0.003202179919	0.006711416274	0.00475774477	0.006459324571	0.003722204381	0.001216436253	0.004427042428	0.005826345833	0.003980913572	0.00613352655	0.003765955138	0.004485986067	0.003697742044	0.006026306411	0.006175451332	0.01025568268	0.007529443775	0.01311696347	0.008794842942	0.01552747877	0.006316168085	0.002754096983	0.009347090615	0.0006004170999	0.0004790136238	0.000574298957	0.0004739123643	0.006484739092	0.008080630279	0.01377560529	0.009268260094	0.00101687911	0.0005035333211	0.001727774425	0.000810660502	0.0007673437724	0.001114009539	0.000260028483	0.0008100983692	0.0006329194652	0.0008448530898	0.001050951241	0.0005513050487	0.0007987620245	0.0008062590405	0.001948950736	0.0009769600332	0.004188155109	0.002091132093	0.002811149638	0.002952669438	0.004050793945	0.002687247157	0.0006517700341	0.003383542315	0.00499802786	0.003046287493	0.004232605664	0.003639641604	0.003718273275	0.003265939927	0.003885131115	0.006415740159	0.008088802236	0.003075908449	0.006067779957	0.004832143237	0.004728422088	0.002591546916	0.0007683265488	0.003235580932	0.004376693302	0.002256536801	0.003989689727	0.002314373382	0.002963370993	0.002455562403	0.004169182171	0.003823208555	0.006074254045	0.004075130088	0.007897765038	0.005056472463	0.009299089445	0.004903014033	0.001652488782	0.008812286267	0.00030209093	0.0002821313917	0.0003355550396	0.0002966780118	0.004962741599	0.004420421115	0.009541730052	0.006354930392	0.007815498624	0.003275551633	0.01022526441	0.004649654663	0.007914984657	0.004732651468	0.00219810367	0.007742427097	0.006030822594	0.003398696956	0.004130752555	0.002867936522	0.00446595196	0.003797121004	0.008923276902	0.005218882953	0.002529266808	0.001130020763	0.002008739486	0.002204690566	0.00203586335	0.00123787378	0.0002429866816	0.002433960443	0.002552304693	0.001449174527	0.00209606892	0.001920203571	0.002538687313	0.002125282617	0.002402633968	0.005039193572	0.01079959205	0.003587309717	0.005687717002	0.006686942465	0.006731698943	0.003171830484	0.0006648520497	0.004623134997	0.00466969833	0.002586548905	0.00346436898	0.003040731173	0.006991780963	0.003981814132	0.006203477667	0.00817236691	0.004982678193	0.004085009477	0.005208395544	0.004944634805	0.005416333054	0.004131806076	0.0005382670095	0.005423963911	0.000314748478	0.0001792075533	0.0002220424549	0.0002269467767	0.004585496956	0.005750459817	0.006401254723	0.006730869128	0.009432796746	0.004213387988	0.01013674188	0.006320659411	0.007210674327	0.004843840953	0.0008707322307	0.006167336735	0.005735351065	0.004202596568	0.006658636976	0.00404088014	0.007203932557	0.005522182277	0.009902596363	0.008673886877	0.003684985071	0.001604105209	0.002206202971	0.002863535061	0.002239422343	0.001476330895	0.000227921905	0.0019995446	0.00304856088	0.001516930649	0.002014462151	0.002317161102	0.003905700587	0.002667105977	0.002910532422	0.005195795356
colon	VY_S1	641227738	0.01084612937	0.003716473663	0.006435582486	0.006338456307	0.004658251387	0.002087022942	0.0004743135426	0.002703721154	0.004275732064	0.002074999132	0.002807439375	0.002290325126	0.003938061082	0.001959478553	0.003615255334	0.003553665671	0.006235684708	0.003643055129	0.005993199876	0.005412234678	0.005508008763	0.003257777036	0.0007622861131	0.004741458954	0.0002829946199	0.0002101593428	0.000251757668	0.0003163415866	0.00339428392	0.00310465827	0.004945606392	0.004833624337	0.006684668716	0.002716395279	0.005588810009	0.003699841506	0.004145037469	0.002813373304	0.0005763365776	0.003276813955	0.003729442534	0.002579688778	0.002758817024	0.002129524222	0.003329528455	0.002391420254	0.004383497209	0.003575882427	0.004143100559	0.001741570013	0.002446104414	0.003393147038	0.002044855396	0.001302838213	0.0002249419223	0.001995417422	0.002379915761	0.001392909176	0.001830326311	0.002059584952	0.00254990061	0.001909193766	0.001801087089	0.004704665474	0.009408362494	0.003040348825	0.006155263982	0.004751039014	0.00602160632	0.003210799967	0.001045219912	0.004021089306	0.005707309249	0.003621413832	0.005464144472	0.003746158904	0.004611002963	0.003420000212	0.005526440592	0.006100021518	0.009546820322	0.006582821905	0.01118266971	0.008103539027	0.01319058659	0.005327207165	0.002160987303	0.008184725471	0.000555061765	0.000439297902	0.0005223448397	0.0004541943256	0.00603753046	0.00716059635	0.01148993027	0.008630559273	0.0009650783385	0.0004735899307	0.001489076257	0.000781270008	0.0007107194106	0.0009930013352	0.0002309241962	0.0007575654814	0.0006165360239	0.0007701803443	0.0009654167518	0.0005388959016	0.0008085832369	0.0007684758017	0.001804772207	0.0009992190949	0.004448090485	0.002056434745	0.002889349431	0.003153277502	0.003964440166	0.002460980564	0.0005766718719	0.003242782364	0.005078236338	0.002988401603	0.004199757497	0.003748694664	0.00391037981	0.003231004957	0.003702133983	0.006599719178	0.008598130856	0.003076123946	0.006003991674	0.005061056794	0.004601918827	0.002426579369	0.0006471741246	0.003160923772	0.004315906559	0.002255791374	0.003705170346	0.0024234354	0.003212356356	0.002345876373	0.004032455003	0.003927849422	0.006137649335	0.003951608531	0.007479508006	0.005080617707	0.008524717002	0.004470775093	0.001310113319	0.008184819042	0.0003104700377	0.0002849549219	0.0003417584534	0.0003036082011	0.004787620401	0.004084308655	0.008330748474	0.006102027046	0.007841948659	0.003204561934	0.009321302941	0.004652206733	0.007370615337	0.004341664958	0.001758172539	0.00700472817	0.005726776592	0.003268211707	0.003967727609	0.002939666967	0.004666165892	0.003745290258	0.008061762918	0.005393250783	0.002754818445	0.001205067957	0.002089580535	0.002431250097	0.002081397795	0.001190619112	0.0002152776491	0.002373769739	0.002635823281	0.00146759247	0.002079565373	0.002031863132	0.002810934233	0.002180078804	0.002421553074	0.005348419597	0.01268271866	0.00398520346	0.006147931174	0.007779407696	0.007328861061	0.003248164227	0.0006769108295	0.004862802738	0.005163567955	0.002749558223	0.003591644378	0.00352632749	0.008341326619	0.004414416021	0.00660234695	0.009518805314	0.005627187949	0.004171953023	0.005535925522	0.005395728842	0.005443066158	0.003909133762	0.0005016408071	0.005436095155	0.0003202559525	0.0001859588925	0.0002399022857	0.0002530473814	0.004978045725	0.005812259482	0.006292976365	0.007276757887	0.01011319788	0.004314967735	0.009980309055	0.00676052632	0.007254679928	0.004677606445	0.0008091992427	0.006265346556	0.005893129346	0.004130446709	0.006540610693	0.004240059871	0.007777339788	0.005689421689	0.009729911278	0.009307421757	0.004541060574	0.001828762124	0.002513593696	0.003464854791	0.002542566242	0.001548423347	0.0002253130853	0.002290521624	0.003450212567	0.001686084266	0.002231586245	0.002687909299	0.00466287377	0.003083040366	0.003165033076	0.006222924811
colon	VY_S2	437468375	0.0111454708	0.003815503235	0.006311583094	0.006509576835	0.004771707212	0.002150372584	0.0004504691339	0.002719561157	0.004200502493	0.002042453926	0.002721607019	0.002249394599	0.004142461727	0.001991599964	0.003722602805	0.003554304925	0.006544863957	0.00381370882	0.006220314783	0.005565135994	0.005753725626	0.003402227647	0.0006947679361	0.004820629606	0.0002660672329	0.0001905577746	0.0002289811235	0.0002905855766	0.003580567395	0.003153462236	0.005066921695	0.004738625964	0.006369079822	0.002660839198	0.005304319427	0.00356593548	0.004143995552	0.002817234503	0.0005526570921	0.003232859975	0.003474036266	0.002437636778	0.002593588622	0.002006986219	0.00337223005	0.002371337128	0.004377271843	0.003407885199	0.003805630521	0.001584633404	0.002081421314	0.003069124711	0.001896825113	0.001210999538	0.0001921853208	0.001770507411	0.002203270122	0.001234928125	0.001579325591	0.001853996875	0.002560884544	0.001825366234	0.001698314764	0.00454201518	0.009135535797	0.002947054173	0.005811663529	0.004692826081	0.005931560196	0.003150945483	0.0009739584033	0.00399042788	0.005287161615	0.003375702301	0.004979009054	0.003541910887	0.004674667055	0.00337503711	0.005466893464	0.006109714788	0.009821397947	0.006795247771	0.01123229993	0.00836881066	0.01385299223	0.00554923313	0.002181851431	0.008519125525	0.0005088207805	0.0004055241707	0.0004664725764	0.0004201789444	0.006399763183	0.007404148928	0.01184796958	0.009003677123	0.000983867691	0.0004852807932	0.001511972151	0.0008109797651	0.0007282057817	0.001009780421	0.0002280027671	0.00078235141	0.0006165771411	0.0007748240087	0.0009678848214	0.0005523187819	0.0008490899485	0.0007840818208	0.001888947973	0.001041364419	0.004034949955	0.001879939321	0.002473374218	0.00287010461	0.003581068003	0.002208955104	0.000484885336	0.002953870666	0.004576650826	0.002640789749	0.003495722405	0.003377631583	0.003840503899	0.003091665769	0.003458055682	0.006524117315	0.008863202969	0.003190063739	0.006073616179	0.005279821656	0.004794243698	0.002527652427	0.0006415503749	0.003247176439	0.004343020224	0.002269994945	0.003672928357	0.002479262644	0.003398497091	0.002390728244	0.004244953707	0.003982847903	0.006439174032	0.004206528072	0.007797151051	0.005355152815	0.009188293897	0.004778763722	0.001380668945	0.008684881507	0.0003091743489	0.0002869647435	0.000336703196	0.000304579731	0.005221616305	0.004337895282	0.008966714451	0.00633250575	0.008155487811	0.003391902329	0.009622732157	0.00492179349	0.007879442714	0.004642173277	0.001774477984	0.007463348636	0.005971368788	0.003412781552	0.004128993324	0.003117317909	0.00506795034	0.003977780108	0.008622246122	0.005692752076	0.002716966684	0.001200466205	0.001968288565	0.002440841581	0.002092599265	0.00119198102	0.0002040238909	0.002337208947	0.002599177598	0.001424249239	0.001939413335	0.002021076381	0.002979952551	0.002234696394	0.002471431221	0.005526692072	0.01247235757	0.003977832683	0.005864935951	0.007869222547	0.007489021349	0.003317186071	0.0006553388002	0.005019517125	0.004912206511	0.002634082978	0.003331598541	0.003413595326	0.008737280723	0.004536805661	0.006708743232	0.00997347294	0.005502989788	0.004198527494	0.005241098857	0.005462438285	0.005590458967	0.00403876966	0.000482949196	0.005656891198	0.0002852571914	0.0001696579781	0.0001942266112	0.0002282656432	0.005275236181	0.006116956454	0.00648865418	0.007725959619	0.009650359297	0.004209744304	0.009464985898	0.006627585365	0.007234518381	0.004664629758	0.0007807627237	0.006330389025	0.005479516091	0.00394397195	0.006040736087	0.003995822555	0.007913644043	0.005685256677	0.009794369707	0.009443999238	0.003913908062	0.001610756435	0.001998702192	0.003096443257	0.002183049232	0.001395748893	0.0001916161368	0.002040122329	0.003058447368	0.001501342811	0.001769273036	0.00242241282	0.004632993185	0.003057139845	0.00294005481	0.006481188497
colon	VY_S4	430619458	0.010517358	0.003800139473	0.006134042368	0.006470801419	0.00478592168	0.002190260989	0.000462524385	0.002831297976	0.004008701808	0.001974529911	0.002574793079	0.002170538239	0.004193101279	0.002081396888	0.003767414523	0.003698420892	0.006607913198	0.003911091263	0.006230909798	0.005941083136	0.005904356974	0.003502256974	0.0007890470198	0.005180655353	0.0002556851483	0.0001818659109	0.0002106175146	0.00028634563	0.003812008421	0.00343480763	0.005381336019	0.005403227738	0.006133772989	0.00261922442	0.005135239383	0.003614328083	0.004116451236	0.002798398859	0.0005489278192	0.003320314429	0.003299249427	0.002336933414	0.00244189848	0.001923814599	0.003438123783	0.002450857667	0.004390716594	0.003640831762	0.003602668136	0.001538760007	0.001937982561	0.003052576876	0.0018583438	0.001208133981	0.0001977500051	0.001879996328	0.002106985607	0.001166774958	0.001441934377	0.001771190284	0.002624342628	0.001921889466	0.001685216463	0.004794632387	0.009003996285	0.002989409735	0.00577766739	0.004804446157	0.006047404388	0.003213774887	0.0009758894824	0.004146600825	0.005183774115	0.003347921171	0.004835074127	0.003533152002	0.004870042357	0.003542680136	0.005618248212	0.006417276202	0.009952497316	0.006897890805	0.01128757633	0.008642403242	0.01409084724	0.005579334504	0.002180010639	0.008764794367	0.0004909578424	0.0003838888302	0.0004260559912	0.0004131118478	0.006665727585	0.007642376439	0.01214664341	0.009417047754	0.0009924702474	0.0004911366546	0.001516204128	0.0008264953972	0.0007371264677	0.001023866878	0.0002215900797	0.000789137587	0.0006096984127	0.0007761841547	0.0009351690745	0.0005533447121	0.0008828723202	0.0008172041311	0.001913900974	0.001079509974	0.003975633168	0.001863011494	0.002398416934	0.002922968242	0.003561687637	0.002205573813	0.0004797460871	0.003038720094	0.004530192409	0.00256815845	0.003280404482	0.003328100887	0.003982497698	0.003207432861	0.003512644336	0.006765755578	0.008515495368	0.003170003061	0.005892562337	0.005258236612	0.004817662002	0.002553005861	0.0006356540442	0.003340260114	0.00413310399	0.002193646809	0.003418698279	0.002380407994	0.003441588559	0.002478998522	0.004210947662	0.004119662888	0.006447286458	0.004193224357	0.007690488524	0.005479736125	0.009177687925	0.00468866876	0.001355170996	0.008857813852	0.0002937117626	0.0002624962665	0.0003012776074	0.0002895061932	0.005328261316	0.004394195304	0.008996992421	0.006665386217	0.007968599505	0.003318510052	0.009396147631	0.004881242501	0.007806786102	0.004552276874	0.001749811779	0.007472119386	0.005744354915	0.003317258367	0.00390428479	0.003013191754	0.005073221749	0.003974483661	0.008454155827	0.005745427788	0.002652163015	0.001189755805	0.001857333628	0.002464103701	0.002063917418	0.001178924897	0.000202738168	0.002419409947	0.002529360854	0.001354961995	0.001781874891	0.001938839466	0.003036486103	0.002300381419	0.002437867078	0.005668828834	0.0121041581	0.003986898335	0.005744615005	0.007818887274	0.007551858003	0.003361610752	0.0006499520512	0.005100944602	0.00474929073	0.002581065438	0.003208663646	0.003345194866	0.008946017019	0.004668669663	0.006842085153	0.00998691982	0.005488272664	0.004197325426	0.005168057222	0.005573215412	0.005561044573	0.004007538368	0.0004677703161	0.005709860422	0.0002689335046	0.000157747168	0.0001737218294	0.0002207285301	0.005443063374	0.006305291016	0.006590510362	0.00791556428	0.009450996522	0.004195177358	0.009294001759	0.006635422406	0.007208580435	0.004617912551	0.0007571302085	0.006307650408	0.005270753464	0.003857526568	0.005756404997	0.00387857996	0.008033129799	0.005814458575	0.009859861001	0.009469588344	0.003663729009	0.001529963377	0.001810763507	0.002936479011	0.002081852047	0.001331574757	0.0001791488948	0.001941191891	0.002940350178	0.001408299111	0.001586463378	0.002272259142	0.00461840951	0.003048891488	0.00284316228	0.006306066643
colon	VY_S7	420029244	0.01051077291	0.00373575417	0.006288974012	0.006239751249	0.00473103249	0.002160759073	0.0004904396609	0.002757519903	0.004197636296	0.002078202917	0.002777916101	0.002220926312	0.004056431842	0.002046547978	0.003749303227	0.003620795508	0.006497780902	0.003818079391	0.006258104733	0.005628727127	0.005871841152	0.003471505903	0.0008330277118	0.005079353475	0.000277664	0.0002010788563	0.000244271087	0.0002973816747	0.003660707015	0.00335312605	0.005388629559	0.005209432513	0.006535533035	0.0027460707	0.00557434758	0.003686202859	0.004268890858	0.002907185672	0.0006193878253	0.003400934626	0.003653895584	0.002570804332	0.002749403801	0.002091716262	0.003432365771	0.002509703824	0.00457800743	0.003697068769	0.003812353599	0.00161894918	0.002158523515	0.003212731064	0.001978233687	0.00128023943	0.000217806263	0.001959308814	0.002300946931	0.001329038413	0.001683806568	0.001945169323	0.002631654857	0.001953785389	0.001793575116	0.00481853354	0.008668524994	0.002911744878	0.005755225462	0.004527751406	0.005792465727	0.003187523295	0.001009158305	0.004011142138	0.005248265523	0.003384457202	0.005053605268	0.003479926745	0.004501743693	0.003410083989	0.005444932782	0.006030306309	0.009539309601	0.006712482619	0.01113435806	0.008223658351	0.01377996195	0.005575776052	0.00223795846	0.008633370299	0.0005245968064	0.0004184351507	0.000493696577	0.0004208897417	0.006350888749	0.007529242416	0.01196884758	0.009152688902	0.0009390155701	0.000480676055	0.001484472829	0.0007809980012	0.0007049294882	0.0009857480304	0.0002367120895	0.0007625111931	0.0006133763391	0.0007781410572	0.0009804507802	0.0005450287171	0.0008078985091	0.0007796147642	0.001868929393	0.001018105301	0.003858309923	0.001824846748	0.002458726421	0.002794564942	0.003547336337	0.00223535626	0.0005029364098	0.003036624278	0.004585195025	0.002685748709	0.003606351276	0.003374286482	0.00372034572	0.003093313188	0.003458980585	0.006377484516	0.008554199621	0.003181678464	0.006177198462	0.005152386485	0.004897580417	0.002588224548	0.0007144883464	0.003394070819	0.00441435454	0.002364275855	0.003844434698	0.00253414736	0.003455978413	0.002529671482	0.004478373892	0.004226027176	0.006351076831	0.004159960348	0.007848486854	0.005324234043	0.009139339831	0.004792992461	0.001438433177	0.008770853584	0.000332255437	0.0003071762308	0.0003757976433	0.000320684814	0.005237473417	0.004500539015	0.009206158988	0.006723919918	0.008069480991	0.003453383355	0.009774226577	0.004939594158	0.00807065948	0.004787102395	0.0019283324	0.007753993434	0.006140884324	0.003599973149	0.004358510809	0.003236272282	0.005156119558	0.004158229516	0.009073915815	0.006005084256	0.002748556241	0.001229771516	0.002062530198	0.002498785537	0.002241462978	0.001271435281	0.0002311672375	0.002578772825	0.00280103592	0.001538076239	0.002123018844	0.002145526801	0.003108664501	0.002409060832	0.002673351954	0.005905376912	0.01088005196	0.003786531587	0.005700445943	0.00717059596	0.006996210483	0.003171783915	0.0006526926492	0.004665170409	0.004801822799	0.002611575303	0.003363706266	0.003302412915	0.007968340414	0.004324572696	0.006469823325	0.009216082107	0.005183020066	0.004027405292	0.005177701389	0.005137387529	0.005301740371	0.003861640643	0.000480118951	0.005378880238	0.0002759712607	0.0001659527307	0.0002001836805	0.0002218202693	0.004924059526	0.00586444881	0.00634834845	0.007266667842	0.009415734872	0.004191912885	0.009581970916	0.006475182476	0.007062736803	0.004612221715	0.0008078008968	0.006174082012	0.005584739714	0.004026210137	0.006259007051	0.004051744073	0.007633175656	0.00567389303	0.009877976496	0.009219855654	0.003800882969	0.001588337025	0.00207636733	0.002972838244	0.002138843932	0.001361971835	0.0001945769281	0.001972141254	0.003107224125	0.001543752035	0.001891463538	0.002414703296	0.004302155209	0.00298938233	0.002998979281	0.00618245762
colon	VY_S8	445169210	0.01111436705	0.003903401136	0.006414041977	0.006621473215	0.00494288902	0.002214652267	0.0004801073282	0.002849049241	0.004269749473	0.002086204479	0.002748995152	0.002295360903	0.004290076576	0.002103123889	0.003893968768	0.003725313797	0.006648772946	0.003855985458	0.006232542453	0.0057300369	0.005921393351	0.003426820557	0.000753129355	0.004991870395	0.0002763713151	0.0001922145514	0.0002312895809	0.00029509004	0.003738196539	0.003302267917	0.00528401998	0.005070546096	0.006552544368	0.00272051834	0.005357252807	0.003678032899	0.004301236377	0.002851787526	0.0005680716328	0.003342827776	0.003521687854	0.002467659432	0.002583729904	0.002052451022	0.003489702264	0.002505285574	0.004525059134	0.003643457282	0.003915344909	0.001663616853	0.002175211084	0.003304941058	0.002055604879	0.001286969061	0.0002104166189	0.001937151044	0.002335723084	0.001329613519	0.001669801018	0.001976742731	0.002751946838	0.001970837112	0.001835515534	0.004837863787	0.008859251519	0.002964659214	0.00569627895	0.004676019709	0.005862489906	0.003177245794	0.0009652082632	0.004041586793	0.005195177357	0.003304098682	0.00479981084	0.00350702826	0.004682518362	0.003440478285	0.005504502434	0.006198045458	0.009575756598	0.006618285663	0.01077564866	0.008278816048	0.01348525654	0.005297419379	0.002048843405	0.008361061179	0.0004944052622	0.0003728694534	0.0004333722901	0.0004091657642	0.006399121808	0.007303400431	0.01154703175	0.009033850297	0.0009437984267	0.0004643470289	0.001397358546	0.0007762329295	0.0006858291031	0.0009538350597	0.0002114094998	0.0007368816006	0.0005819876896	0.000727954658	0.0008879163049	0.0005195260472	0.0008127426423	0.0007578826038	0.001752839106	0.001012626188	0.003968715626	0.00185969735	0.002452977375	0.002892616944	0.003596944631	0.002192595485	0.0004780676543	0.003004172279	0.004548672627	0.002588063087	0.003396133349	0.003376376816	0.00385456128	0.003109482796	0.003471190202	0.006492699708	0.009016717486	0.003288062083	0.006150479275	0.005391296042	0.004971345615	0.002570555138	0.0006581587258	0.00339773948	0.004451868987	0.002319349535	0.003680427494	0.002559867067	0.003597261365	0.002532594292	0.004487284734	0.004249038248	0.006425561193	0.004129038933	0.00754082925	0.005361666859	0.009025502909	0.004563172732	0.001271363759	0.008457424538	0.0003153564911	0.0002762949396	0.0003243395921	0.0003084422663	0.005284127804	0.00432473306	0.008718678006	0.006521331518	0.008048928182	0.003325975756	0.009238455643	0.004902221337	0.007849482672	0.00448892456	0.001752012454	0.007384827895	0.005797218096	0.003321640326	0.00397958565	0.003098026479	0.005213577103	0.004050567648	0.008680236443	0.005895605404	0.002852598454	0.001274807393	0.002027031474	0.002576033953	0.002306484763	0.001264480982	0.0002172432366	0.002554900416	0.002804686335	0.001508630842	0.002041578752	0.002162481093	0.003244289963	0.002431655145	0.002691771967	0.005938977675	0.01070883811	0.003982182416	0.005840262403	0.007527279346	0.007289396767	0.003343099582	0.0006573253348	0.004959291771	0.004848837142	0.002674836833	0.003363336831	0.003425495218	0.008327172942	0.004567225123	0.006706330835	0.009771522608	0.005244282281	0.004108550095	0.005157809544	0.005336680854	0.005382510619	0.003864499074	0.0004559951485	0.005432637626	0.0002789995292	0.0001627111632	0.0001908487786	0.0002333899058	0.005043351943	0.005912634883	0.006317573041	0.007400392763	0.009661860936	0.004268010809	0.009402018167	0.006684512166	0.007129632797	0.004624567364	0.0007681348852	0.006304780153	0.005523376156	0.003956576422	0.005959632743	0.004059020614	0.007829225206	0.005794073224	0.009729967623	0.009519827303	0.003743691079	0.001639985389	0.002059351769	0.003073274093	0.002193848941	0.001414745193	0.0001907701568	0.002042544676	0.003045583498	0.001559442981	0.001839392711	0.002430026551	0.004210261981	0.003127264799	0.003052722357	0.006414965222
colon	VZ_S2	476938508	0.01022082285	0.00368464691	0.00601607325	0.006098337524	0.004530665827	0.002167805666	0.000463873217	0.002760924056	0.004014488174	0.002041518946	0.002680928419	0.002168260651	0.003716367981	0.00197800971	0.003538615506	0.003528238907	0.006187562863	0.003718196309	0.006074074438	0.005482859857	0.005648176767	0.003517101202	0.000790282172	0.005097283946	0.0002608491407	0.0002016717006	0.000229901755	0.0002869720052	0.00341326811	0.00328607142	0.005144382261	0.005111237527	0.006134509902	0.002663810908	0.005266580404	0.003569168711	0.004076198435	0.002918967491	0.0005828109816	0.003418126179	0.003470589965	0.002530586186	0.002624271219	0.002020520432	0.003175419838	0.002400439429	0.004307836263	0.003538458253	0.003401159631	0.001460223883	0.001904832562	0.002746588875	0.001747684421	0.001202796567	0.0001982456824	0.001821257847	0.00201583639	0.0011677627	0.001467048662	0.001697067832	0.002271915523	0.001837943436	0.001572320095	0.004486410646	0.009131332293	0.00304993406	0.006093772994	0.004719375689	0.006255238254	0.003456068177	0.001061562427	0.004279090419	0.005461267975	0.003669393372	0.005340202054	0.003631596046	0.004594776818	0.003568053264	0.005692289372	0.006277616401	0.01003869245	0.007158673378	0.01203326824	0.008643156153	0.01491416583	0.00600812883	0.002407991766	0.00913151261	0.0005305652527	0.000442495199	0.0004897172195	0.0004412497554	0.006537312353	0.007871041942	0.01285618564	0.009336891287	0.001014426371	0.0004956173512	0.001571688986	0.0008341913964	0.0007749154111	0.001104526037	0.0002450881991	0.0008392738126	0.0006387972346	0.0008337385079	0.001014317343	0.0005646409243	0.0008451676542	0.0008194892915	0.001927969716	0.001048741067	0.004026705682	0.001918352124	0.002485007983	0.002861364677	0.003746491361	0.002387272113	0.0005289424019	0.003165416452	0.004645248733	0.002765855509	0.003553659374	0.003419862252	0.003818400002	0.003247229934	0.003596100904	0.006667371048	0.008382959088	0.003139989694	0.005963047547	0.005095554163	0.004669375533	0.002582630631	0.000672981935	0.003308093126	0.004262341929	0.00225464076	0.003680329792	0.002392291629	0.003091102889	0.002396141181	0.004086767932	0.003987977419	0.006228023005	0.004137654995	0.007705821481	0.005237151033	0.009176071813	0.004931931393	0.001405009218	0.008972884194	0.0002968894263	0.0002836298553	0.0003208904239	0.0002944845041	0.005155362712	0.004485943081	0.009185521669	0.00652586853	0.008027877673	0.00335669478	0.009783250716	0.004839781148	0.007786892729	0.004712622198	0.001835106592	0.007793237362	0.005933691561	0.003450526582	0.004102394684	0.003054314079	0.004688495398	0.003936777946	0.008496619443	0.005579599792	0.002573166099	0.001139276848	0.001899345481	0.002303946906	0.001950758818	0.001187517868	0.0002037579234	0.002356544882	0.002454771381	0.001370820324	0.001864624024	0.001881032848	0.00268241708	0.002197052623	0.002341238926	0.005400304142	0.01169989822	0.003858803534	0.005700885868	0.007461569868	0.007248324348	0.003332565883	0.0006474901792	0.005008106831	0.00476010421	0.002611487601	0.00332503661	0.003254505505	0.008053715386	0.004433206723	0.006507260261	0.009512532379	0.005204995945	0.004176330841	0.005109075822	0.005308768232	0.00558389175	0.004198757212	0.000501880213	0.005753777382	0.0002960318734	0.0001761317205	0.0001962307476	0.0002276981166	0.005108004405	0.006259003939	0.006639883228	0.007686663875	0.009615480661	0.004276096322	0.009690651777	0.006672275244	0.007428825604	0.004925511278	0.0008279746621	0.006529164552	0.005575507021	0.004171321809	0.006277618498	0.004091852445	0.007791803215	0.00585369173	0.00999897664	0.009517967042	0.003706869901	0.001602428798	0.00197643718	0.002974578433	0.002181574737	0.001439338591	0.0002120944279	0.002036361048	0.002985175187	0.001497308328	0.001760067568	0.002369808646	0.004386299208	0.003015397113	0.002935246319	0.006054510071
colon	VZ_S3	607384635	0.01103047824	0.003790767608	0.00629279501	0.006552783476	0.004616593569	0.002126856568	0.0004476603199	0.00273542481	0.004164596623	0.002041698009	0.002719869593	0.002258544127	0.003982578519	0.001983137094	0.003632521919	0.003652617916	0.006369356051	0.003684322703	0.006035001198	0.005495843667	0.00555433708	0.003352993939	0.0007084094249	0.004816162332	0.0002596970534	0.0001913482714	0.0002226184072	0.0002884811204	0.003425427448	0.003100951014	0.004959310503	0.004817599642	0.006327020439	0.002647340593	0.005297168902	0.003628670982	0.00404186879	0.002788012575	0.0005468165983	0.003264210001	0.003449311819	0.0024425906	0.002579187733	0.002037259306	0.003268953289	0.002373942173	0.004345939703	0.003586182255	0.003668815231	0.001526553269	0.002031729038	0.002955269028	0.001795103032	0.001176893452	0.0001827721572	0.001774404451	0.002093490561	0.001186129774	0.00149593017	0.001806267292	0.002428747642	0.001798438645	0.001665613421	0.004641982753	0.009472152683	0.003030317025	0.006031894435	0.004903611037	0.006130650638	0.003248429226	0.0009918064523	0.004113390191	0.005463076951	0.003503888438	0.005163614322	0.00367510943	0.004742536828	0.003474570936	0.005621032873	0.00640268419	0.009973956618	0.006836651375	0.01148614337	0.008495025562	0.01411440874	0.005634951566	0.002181984732	0.008652604457	0.0005013857488	0.0004054004428	0.0004556750106	0.0004238138161	0.006429099083	0.007418134639	0.01209581306	0.009101053404	0.0009822112145	0.0004739747821	0.001478249446	0.0008000334088	0.0007371342214	0.001008290241	0.0002241363909	0.0007817599798	0.0006029836431	0.0007646275082	0.0009367309728	0.0005418559855	0.00085722287	0.0007923463523	0.00185373145	0.001079684869	0.004205144241	0.001932276407	0.002546725602	0.002998548029	0.003733830047	0.002286631765	0.0004979414733	0.003104415047	0.004668582043	0.002676246494	0.003541447834	0.00351296012	0.003982784319	0.003262902757	0.003639820424	0.006938392506	0.008718350276	0.003096607803	0.005951423187	0.005187311003	0.004597816341	0.002455355164	0.0006227091997	0.003186323605	0.00425110194	0.00219153881	0.003618644387	0.002377686093	0.003198671629	0.00231594762	0.004028002783	0.003978304456	0.006214403168	0.003994700985	0.007399085754	0.00520259621	0.008878616101	0.004598221356	0.001288537699	0.008459642711	0.0002848475085	0.0002605943432	0.0003001969255	0.0002825227872	0.005077464628	0.004223658045	0.008679481989	0.006278342882	0.007857062436	0.003190930241	0.009306950941	0.004741702101	0.007428539907	0.004378882584	0.001679599616	0.007235089179	0.005659782619	0.00323973951	0.003899463147	0.002977169483	0.004716933612	0.0038086459	0.008160124103	0.00570691091	0.002677517517	0.00115886863	0.001935946239	0.002407925581	0.001978734612	0.001140282385	0.0001934671923	0.002290212692	0.002490601363	0.001342709303	0.001866146976	0.001958427875	0.00290420748	0.002249798433	0.002470935077	0.005721088088	0.01251351543	0.003966262663	0.005872285525	0.008023821676	0.007429544213	0.003337791052	0.0006536517013	0.005138700949	0.00489159888	0.002613335782	0.003330983175	0.003402634642	0.008641960461	0.004604920571	0.006778814877	0.01030238113	0.005431556562	0.004143972131	0.005138687777	0.005494745517	0.005574337586	0.004046450731	0.0004817688548	0.005686431301	0.0002703064756	0.0001651539967	0.0001858064783	0.0002238663808	0.005320514899	0.00621499752	0.006641839071	0.007966266713	0.00989254692	0.004271207815	0.009586806555	0.006856648588	0.007354529144	0.004718983384	0.0007942413624	0.006471592749	0.005509474239	0.004007416157	0.006051211684	0.004124561037	0.008161811667	0.005931030837	0.01011845484	0.01032716114	0.003974529254	0.001647582014	0.002060911534	0.003220870083	0.002284675838	0.001425422953	0.0001926703332	0.002122368472	0.003076008006	0.001495329232	0.001776712709	0.002516156834	0.004794788726	0.003210715069	0.003129805877	0.006649878458
colon	VZ_S6	477461692	0.01151431223	0.003807367231	0.006600546291	0.006559198471	0.004741431696	0.002124769415	0.0004706869761	0.002707894731	0.004353693783	0.002068549198	0.002843972664	0.002343647708	0.004076936501	0.00196926584	0.003740396413	0.003548711925	0.006420054323	0.00370807759	0.006126162683	0.005384157605	0.005638967576	0.00331285007	0.0007175235328	0.004699732015	0.0002884796881	0.0002033880448	0.0002532140317	0.0003049396474	0.0034814814	0.003071444316	0.004984087812	0.00461266325	0.00668683803	0.002711691894	0.005573138211	0.003640560131	0.004196007834	0.002829355784	0.0005746534321	0.003231333583	0.003684532245	0.00252449363	0.002732158458	0.002125259507	0.003406792686	0.002398569391	0.004525657317	0.003495306593	0.003866197081	0.001624940834	0.00221302571	0.003142526458	0.001976032875	0.001238777916	0.0002094346032	0.001801620977	0.002292376579	0.001300049848	0.001718835278	0.001972275506	0.002535147888	0.001803212728	0.001735705741	0.004446966187	0.009614838377	0.003055352973	0.006227691247	0.004854569568	0.006117276106	0.00327644715	0.001023690504	0.004127658895	0.005675414479	0.003548435463	0.005417909004	0.003746681734	0.004721547378	0.003450846482	0.005643273681	0.006210378863	0.01004479538	0.006851550721	0.01162018041	0.008524154017	0.01401847962	0.005545372633	0.002235308126	0.008550373922	0.0005592071667	0.0004337793031	0.0005255981877	0.0004536280159	0.006427340772	0.007395420531	0.01197463398	0.008967186419	0.0009858194027	0.0004755208717	0.001512018686	0.0007962335123	0.0007163548526	0.0009893987474	0.0002362828304	0.0007596483782	0.0006188224206	0.000757045028	0.0009753326975	0.0005396055942	0.0008390369462	0.0007804102533	0.001856835878	0.001026974537	0.004207638086	0.00195009781	0.002653982552	0.002942189967	0.003759987513	0.002312078683	0.0005298079495	0.003081652465	0.004831947858	0.002750719109	0.00383527104	0.003657562542	0.003838542507	0.00308825823	0.003562254372	0.006481988088	0.008998009834	0.00315334408	0.006226914221	0.005206985276	0.004690150095	0.002451191414	0.0006536482512	0.003151505189	0.004493311267	0.002281847985	0.003876801073	0.002556301417	0.003331109127	0.002358597598	0.004267232396	0.003925362037	0.006244884249	0.004057219736	0.007665247414	0.005141166383	0.008794345327	0.004501202999	0.001365257173	0.00818876376	0.0003252596022	0.0002991548901	0.0003784387377	0.0003211273335	0.004955465621	0.004132224706	0.008522943449	0.006028766387	0.008017118575	0.003257341952	0.009651635047	0.004770719909	0.007653501969	0.00442679703	0.001816577151	0.007065892524	0.005887429394	0.003303743581	0.004077365855	0.003074428849	0.005035306581	0.003873213351	0.008704459582	0.005613185403	0.002702204222	0.001178641155	0.002001613985	0.002371009065	0.002123772476	0.0011779123	0.0002144339571	0.002301600355	0.002690948869	0.001467876924	0.002089137237	0.002115991747	0.002909125535	0.002176134792	0.002477065741	0.005372791248	0.01214767194	0.003933165805	0.006046853702	0.007707114647	0.007272533186	0.003223379018	0.0006619525824	0.004875417314	0.005061425954	0.002657970307	0.003474347844	0.003492759792	0.008177604749	0.004310645303	0.006484767369	0.00947503868	0.005420566809	0.004080819535	0.005292876983	0.005245273164	0.00535361484	0.003836892112	0.0004805788691	0.005331573281	0.0003043322688	0.0001759512887	0.0002167734118	0.0002438604017	0.004882609514	0.005668019121	0.006175375008	0.007068196374	0.009853299393	0.00418698512	0.009698197945	0.006592960342	0.007115291251	0.004538186071	0.0007935128752	0.006132278357	0.005653435752	0.003887476275	0.006154089531	0.004082141107	0.008036529557	0.005659561898	0.009975451601	0.009560333481	0.003951699229	0.001603064733	0.002139851253	0.003044229567	0.002245516275	0.001403264411	0.000204290735	0.002023490086	0.003100179606	0.001506478974	0.001884882107	0.0024889557	0.004328144089	0.002910556016	0.002970833103	0.006271696872
colon	VZ_S7	544595707	0.00932113297	0.00337573906	0.005891871638	0.0050949153	0.004120945081	0.002123371494	0.0004522051805	0.002399084281	0.003912544614	0.002063053354	0.002845486992	0.00206381906	0.002950210549	0.001754483166	0.003244662008	0.002657108716	0.005609675142	0.003675432939	0.006188860758	0.004796973179	0.005494371258	0.003695653444	0.0007686674622	0.004853034951	0.0002823029966	0.0002235878808	0.0002697285309	0.0002976226179	0.0030041423	0.003078702198	0.004926573907	0.004107268881	0.005878243179	0.002746685258	0.005655531177	0.003282758158	0.004080395735	0.003115074133	0.0006498618984	0.003353524415	0.003752824295	0.002878599629	0.002997588815	0.002148738936	0.002865512856	0.002329787003	0.004528744844	0.002964512902	0.002997968913	0.001348291936	0.00187787011	0.002289298252	0.001674910375	0.001209212617	0.0001952329015	0.001569156696	0.001968812802	0.001175277351	0.00162563529	0.00162221624	0.001865941995	0.00153202089	0.001419587026	0.003402564464	0.008897045896	0.003087547291	0.006658041834	0.004328278702	0.006360006066	0.003821089614	0.0012383535	0.004362597739	0.005833031658	0.004249214546	0.006475590892	0.003864457565	0.004104112411	0.00357926986	0.005998341445	0.005467766201	0.01020139331	0.007798179357	0.0136985674	0.008728069169	0.01644338155	0.006900952306	0.002972924647	0.009894707084	0.0006465768927	0.000547832082	0.0006470102417	0.000509625758	0.006358502198	0.008635277399	0.0146019605	0.009177562246	0.001062371577	0.0005526393178	0.001953485836	0.0008681265642	0.0008668063188	0.001310792558	0.0003201108598	0.000949272999	0.0007248367825	0.001018171816	0.001272806581	0.0006668726825	0.0008297972132	0.0009213770758	0.002262100094	0.001047951706	0.004028546262	0.002041922082	0.002702478152	0.002721894391	0.004035031808	0.002701023862	0.0006427428558	0.003269496944	0.005061675964	0.003194509207	0.004410504837	0.003764770772	0.003534642259	0.003280222332	0.003904143886	0.006219713003	0.007677998461	0.003112035182	0.006209316299	0.004503687724	0.004556023795	0.002722500345	0.0007436984809	0.003093511349	0.004473211905	0.002400843384	0.004318590782	0.0024573991	0.002639280812	0.002382367293	0.004147032323	0.003221240964	0.005977799601	0.004361057147	0.008425654005	0.004928468891	0.009720702774	0.005457878132	0.001749132407	0.009494692914	0.0003322391228	0.0003361264102	0.0004052914798	0.000338193999	0.004820456655	0.004653791735	0.009915643716	0.005921390783	0.008005259579	0.003573990715	0.01135477735	0.004774973373	0.008396694908	0.005348110465	0.002303020358	0.008161133007	0.006641943654	0.003939443467	0.004723720674	0.003285194828	0.00444223847	0.004158242474	0.009768305059	0.005179857211	0.002383634287	0.001075032345	0.001959815302	0.001973504356	0.001932710792	0.001223318494	0.0002249338333	0.002173875014	0.002541244784	0.001488517059	0.002190639744	0.001929445984	0.002341617798	0.002053312183	0.002290890259	0.004508682254	0.01025937026	0.003503960783	0.005495504209	0.006324324551	0.006631045661	0.003201606215	0.0006484241346	0.004684542987	0.004511983786	0.00259327237	0.00342315405	0.00304708792	0.006585624811	0.003925376151	0.005925169733	0.007769475495	0.004861129028	0.004347175289	0.005344805261	0.004982542031	0.005572102316	0.004628883349	0.0005785906792	0.005948491621	0.0003128339019	0.0001977044597	0.0002342324744	0.0002356537122	0.004626362213	0.006383968796	0.006754517072	0.007066006857	0.009138388232	0.004285777449	0.01043873084	0.006247113145	0.007377722498	0.005177292005	0.0009477415877	0.006490699347	0.005830238761	0.004546484609	0.007185958225	0.004302492601	0.007214654742	0.005803466607	0.01038136902	0.008893680097	0.003363377596	0.00149980984	0.002043569176	0.002621855042	0.002091154934	0.001454049288	0.0002179855597	0.00195693243	0.002911436832	0.001476823981	0.001932180123	0.002280578022	0.00375811813	0.00271165193	0.002836814503	0.005357873671
colon	VZ_S8	489719202	0.01087870351	0.003721267193	0.006185158735	0.006220885331	0.004632918192	0.002164250443	0.0004649215286	0.002680560604	0.004152647051	0.00202711063	0.002726766675	0.002144816858	0.003865817375	0.001964482904	0.003599015503	0.003424987203	0.006466891613	0.003813824315	0.006258106661	0.00552492324	0.005806423331	0.003568710381	0.0007869632198	0.00502287227	0.0002727358851	0.0001970394455	0.0002332152783	0.0002922307302	0.003536790048	0.00325087314	0.005184232086	0.004905117035	0.006259213418	0.002681610185	0.005330771163	0.003555002526	0.004139952021	0.002911654259	0.0005876122456	0.003342433773	0.00353193012	0.002522710964	0.002608511152	0.001994332662	0.003239744314	0.002361494087	0.004402318699	0.003404771537	0.003476633126	0.001457857885	0.001910946102	0.002739235044	0.001761033663	0.001184407304	0.0001910094593	0.001718934027	0.002040064992	0.001140090071	0.001473973242	0.001684242718	0.002326271862	0.001720187807	0.001571588365	0.004297628093	0.009355471424	0.00305151604	0.006111271496	0.004783706643	0.006280247921	0.003442331837	0.001073290567	0.004249553604	0.005416342649	0.003623231421	0.005315209184	0.003596667218	0.004702159912	0.003547193969	0.005735229471	0.006192599734	0.01035472569	0.007280296516	0.01231394843	0.008792797959	0.01526923382	0.006038846318	0.002495999738	0.009112916099	0.0005403892658	0.000432803123	0.0004913897577	0.0004433704031	0.006709024246	0.007876513692	0.01305591852	0.009313567819	0.00101360126	0.0004959045898	0.001644889554	0.0008185098693	0.000773010326	0.001099278929	0.0002524997989	0.0008235597019	0.000632930052	0.0008340922682	0.001009801123	0.0005588406558	0.0008540853581	0.0008224958269	0.001974380412	0.001028119784	0.004043406899	0.001913951906	0.002450545119	0.002848697773	0.003690649647	0.002304588008	0.0005193425109	0.003029133826	0.004568748766	0.00265673879	0.003450520202	0.003336951039	0.003852838509	0.003166308353	0.003595047923	0.006588941146	0.008619133133	0.003119751061	0.006034539769	0.005050684127	0.00466780349	0.002538346454	0.0006793872869	0.003146094729	0.004305087469	0.002209801036	0.003744513167	0.002325518369	0.003128647996	0.002360403667	0.004077702062	0.003765288338	0.006365315036	0.004191422333	0.007905732477	0.005212652454	0.009447252591	0.004891053874	0.001551037813	0.008892716443	0.0002973867461	0.0002800196509	0.0003272855125	0.0002959879854	0.005219815742	0.004392016877	0.009336268583	0.006292113904	0.008078353848	0.003287046931	0.01003797682	0.004796207685	0.007889476223	0.00467985121	0.001979038184	0.007554459749	0.006041854164	0.003410476847	0.004069209441	0.00297623004	0.004739221967	0.003866242108	0.008745634197	0.005374522766	0.002592728639	0.001118804404	0.001877502447	0.002258972071	0.001937653243	0.00113188537	0.0002046295093	0.002214401632	0.002460848983	0.001338081083	0.001845545358	0.001858640617	0.002714431034	0.002100601724	0.002328273009	0.00513821592	0.01193854963	0.003820975352	0.005687040632	0.007509066389	0.00729202977	0.0032912085	0.0006558942322	0.005004929335	0.004708639136	0.002558786739	0.003254824384	0.003188404689	0.008215712154	0.004411689375	0.006540049863	0.009464842263	0.005276576841	0.004172821878	0.005088154579	0.005296122736	0.005574465916	0.004167806759	0.000501025892	0.005696311251	0.0002818513128	0.0001682270159	0.0001877096091	0.0002207183209	0.005205385024	0.006265186228	0.006611844067	0.007621459368	0.009646472878	0.004217692489	0.009675342483	0.006566540554	0.007412210886	0.004776933374	0.0008327956068	0.006352517907	0.005462136239	0.004027650931	0.006148917559	0.003937856617	0.007915491131	0.005765171119	0.01003550602	0.009366097922	0.00359336941	0.001505977297	0.001870061448	0.002842626947	0.002089642382	0.001341076677	0.0001874706967	0.001909173657	0.00289418098	0.001396157221	0.001641765315	0.002235334035	0.004360780609	0.002869587295	0.002818096563	0.005915659399
Healthy	V12_S14	458705769	0.009502056208	0.003473396473	0.006072177828	0.005646246843	0.004386153687	0.002120808295	0.000522694538	0.002624649789	0.00399794405	0.002087850349	0.002824041221	0.002113760204	0.003506498302	0.001929273752	0.003488805043	0.003324780509	0.005981803992	0.003780301268	0.006297614277	0.005359184833	0.005835363714	0.003660882669	0.001018890608	0.005257899863	0.0002981192068	0.0002404199107	0.0002826975564	0.0003312668169	0.003424419543	0.003455387107	0.005546025736	0.005240729815	0.006409653418	0.002805227418	0.005901781017	0.003627238008	0.004280730989	0.003073955235	0.000718133545	0.003538313903	0.003881322452	0.002836944918	0.003003788252	0.002148821895	0.003219772019	0.002479539341	0.004687865611	0.003593133358	0.003671754562	0.001644888839	0.002310315395	0.003145986158	0.00201925954	0.001398676545	0.0002725385388	0.002103614267	0.002310644582	0.001445660911	0.001896001879	0.001966587431	0.002432890701	0.001974559862	0.001801972105	0.004622169903	0.008714786842	0.003077798657	0.006434769736	0.004517087292	0.006171729661	0.003650697491	0.001191984137	0.004400722939	0.00576563056	0.003943218338	0.006001452753	0.00374541834	0.004261398334	0.003584003322	0.005638780183	0.005927987359	0.009966345115	0.007477706259	0.01289450755	0.008706160397	0.01519510429	0.006236751734	0.002780490428	0.00942186755	0.0006347162379	0.0005279135698	0.0006521086505	0.0004961524694	0.006375782032	0.008293388174	0.01336522105	0.009454256504	0.0009542413233	0.0004936214351	0.001653842291	0.0007695455864	0.0007363957962	0.001088881008	0.0002707596206	0.0007817320475	0.0006458519165	0.0008642293749	0.001086230071	0.0005672612328	0.0007380787923	0.0007812262767	0.001888836066	0.0009431448855	0.004041416362	0.002027875084	0.002795691894	0.002899377095	0.003992836201	0.002662447439	0.0006608004967	0.003397587528	0.005077860706	0.003203216744	0.004446538801	0.003731500922	0.003615871245	0.003241616087	0.003721311384	0.006314228413	0.007550916588	0.003005229263	0.005932524036	0.004594082182	0.004677791615	0.002588007564	0.0007963121999	0.003207066707	0.004307665466	0.002396601644	0.003961938399	0.002463454956	0.003007792998	0.002482606666	0.004283558509	0.003828124952	0.006010977377	0.004184130939	0.008217452787	0.004982023673	0.009164639479	0.005023551382	0.001663458477	0.00883187715	0.0003517112949	0.0003568256845	0.000431021394	0.0003322696384	0.00493617293	0.004574703747	0.009582247046	0.006436655476	0.00741238116	0.00330988861	0.009849239546	0.004488607162	0.007910988362	0.004850050185	0.002271512744	0.007764502303	0.006113143085	0.003706225461	0.004456503794	0.003110096049	0.00457531416	0.003968676923	0.009238144114	0.005412633038	0.002544666056	0.001171042608	0.002129022711	0.002265351932	0.002171256756	0.001291019298	0.0002705743167	0.00254860322	0.00277405493	0.001641884735	0.002326016092	0.002106125681	0.002733107113	0.002279653038	0.002568714151	0.005286035546	0.009367518986	0.003542479973	0.00565496267	0.006378051461	0.006422245367	0.00305225723	0.0006608353775	0.004308421942	0.004710906524	0.002651872033	0.003548856609	0.003171688909	0.006762020907	0.003912013149	0.005957627274	0.008051555593	0.004851395274	0.004139479222	0.005501472121	0.004831181881	0.005223941276	0.004045735034	0.00055312799	0.005299000284	0.0003161154923	0.0001964091278	0.000261579444	0.0002445118583	0.004410683573	0.005743513987	0.006334494128	0.006616714254	0.009083650744	0.004160682357	0.01005464791	0.006110141161	0.006909956696	0.004697287773	0.0008820948576	0.005914407848	0.005762393191	0.004242741495	0.006826519768	0.004068841349	0.006866809212	0.005397457733	0.009458649298	0.008335964486	0.003710260727	0.001680693926	0.002406087027	0.002910275149	0.002227589163	0.001495274414	0.0002372850035	0.00203281943	0.003139718524	0.001666985793	0.00223119932	0.002439173596	0.003660121833	0.002850888496	0.003056072312	0.005596334674
Healthy	V12_S3	475267056	0.009844671414	0.00356596145	0.006392997288	0.005767277503	0.004455987372	0.002072169715	0.0005092189685	0.002556621556	0.004281754804	0.002190785132	0.00296052079	0.002255807522	0.003604038989	0.001915072775	0.003581925106	0.003239995242	0.006138119533	0.003781774851	0.006294303302	0.005211709856	0.005761407119	0.003456721814	0.0008932388531	0.004860515727	0.000310488594	0.0002368478913	0.0002898580877	0.0003433017247	0.003369671808	0.003257993544	0.005309814699	0.004770730416	0.007035909512	0.002987551908	0.006390716465	0.003861447952	0.00446269518	0.003048061046	0.0007009132987	0.003499878603	0.004266977848	0.003014170627	0.003190345261	0.002381463192	0.003384215211	0.002554212384	0.004877064317	0.003651690093	0.003931825226	0.001767496799	0.00250551976	0.003405632643	0.00207548785	0.001353786238	0.0002608870075	0.002013693118	0.002502123774	0.001547898157	0.002014795656	0.002145635779	0.002517035391	0.001955763582	0.001866777823	0.004568160096	0.008500646003	0.002929477191	0.006150920757	0.004355616435	0.005874892789	0.003245122885	0.001081591904	0.004022067122	0.005693470578	0.003727817819	0.005691698942	0.003685807754	0.004103486609	0.003286200843	0.005316259497	0.005585144113	0.009418765604	0.006798611347	0.01166118276	0.00811824626	0.01379780256	0.005458390114	0.002337121805	0.008428802185	0.0005887405754	0.000455369244	0.0005817760699	0.0004581276932	0.005909328165	0.007341236797	0.01178824816	0.008641949717	0.0009403176474	0.0004644820153	0.001534667701	0.0007494186595	0.0006864729964	0.0009497291981	0.0002371403584	0.0007138996817	0.0006261469131	0.0007890300732	0.001000254476	0.0005353263955	0.0007334823561	0.000724508454	0.001791525395	0.0009253197638	0.004083472598	0.001972368983	0.002830345556	0.002934684789	0.003833873981	0.002396984991	0.0005991515642	0.003162670295	0.005049638871	0.003113289636	0.004371706336	0.003773156539	0.003567703628	0.003076777533	0.003621460773	0.006135276921	0.008005297131	0.003081307618	0.006297674039	0.004742394768	0.004715290007	0.002493770576	0.00074171983	0.003124426533	0.004559878436	0.002460372511	0.004077356037	0.00256277599	0.003099106032	0.002398480992	0.004311453896	0.003792360479	0.006201622778	0.004168557393	0.008149862169	0.0050133498	0.009152357491	0.004720400818	0.00152725713	0.008446749989	0.0003595915135	0.0003363224907	0.0004216134855	0.0003373787389	0.004992332143	0.00440272679	0.009320029537	0.006278539533	0.007941720244	0.003345647421	0.01000324542	0.00462457259	0.007942791221	0.004643408316	0.002094811722	0.007440042299	0.006247960936	0.003638781561	0.004419906605	0.003150304615	0.004749275111	0.003927854827	0.009056931141	0.005452481857	0.002739682845	0.001222405367	0.002273816345	0.002380017688	0.002253337332	0.001266441661	0.000259929651	0.002478488642	0.002991398167	0.001724823948	0.002445374627	0.002262052432	0.002884275236	0.002313692872	0.0026883496	0.005399589489	0.009801992251	0.003613408458	0.0059275495	0.00655656217	0.006515469484	0.003002835947	0.0006716308147	0.004290124835	0.004997697547	0.002760140816	0.003743642606	0.003366803947	0.006971665631	0.003972730649	0.00612952647	0.008280929533	0.004977832926	0.004093969854	0.005561494252	0.004939662807	0.005222569014	0.003842833154	0.0005206630606	0.005172634983	0.0003326908482	0.0001953175564	0.0002776544226	0.0002558940252	0.004468411966	0.005627543433	0.006322011934	0.006667811202	0.009597279976	0.004254778391	0.01035893807	0.006396755175	0.007055317548	0.004600929041	0.0008619385561	0.005963689181	0.006119422677	0.004303561491	0.006984553122	0.004304563033	0.007275166575	0.005561016626	0.009845864427	0.008763618154	0.004141479985	0.001829779677	0.002787672706	0.003304338014	0.002436714233	0.00155701724	0.0002564852717	0.002228284049	0.003505286089	0.001861639659	0.002615340122	0.002823490463	0.004030876906	0.003051168773	0.003435161304	0.006071058289
Healthy	V13_S10	456999101	0.009532701466	0.003621549794	0.006031591734	0.005727245402	0.004398890491	0.002168717614	0.0004780293868	0.002572407686	0.003962132521	0.002044931813	0.002688930891	0.002036240329	0.003657092533	0.001950307994	0.003662766505	0.003187745877	0.006568253621	0.003936020872	0.006713319552	0.005532527295	0.006043294164	0.003722895726	0.0008455268274	0.005167716949	0.0002663965853	0.000189153545	0.0002235321684	0.0002875826226	0.003586639441	0.003397122656	0.005633258346	0.004892090586	0.005940151729	0.002705909043	0.005471632208	0.00345064355	0.004116465428	0.002998117495	0.0006321434755	0.003426671949	0.003400671898	0.002542810254	0.002656620106	0.001933568355	0.003216085101	0.002454549686	0.004696838561	0.003351181647	0.003328157532	0.001401536674	0.001891452299	0.002556422972	0.001733384154	0.001174761611	0.0001949106679	0.001717898347	0.0020632557	0.001126993464	0.001464563056	0.00164205137	0.002332849228	0.00178768623	0.001647071074	0.004257938354	0.008534148079	0.002936896368	0.005971705402	0.004493951948	0.006042049085	0.003424256189	0.001039651936	0.004153130708	0.005142797863	0.003552157972	0.005129438975	0.0034458361	0.004382417811	0.00347509874	0.005651689455	0.005851530111	0.01025690639	0.007387428099	0.01270030069	0.008785514	0.01579588009	0.00626426834	0.002572886899	0.009404922221	0.0005067384148	0.0004109636093	0.0004514429012	0.0004116550768	0.006667555786	0.008074138422	0.01362624344	0.009272366162	0.001003608101	0.0005020731977	0.001643613737	0.0008245727381	0.0007711065497	0.001092870859	0.0002492455669	0.0008240738312	0.0006210209153	0.0008549601064	0.0009940063318	0.0005666575699	0.0008447565852	0.0008265399192	0.001990677877	0.00102436963	0.00372303577	0.001780957552	0.002277137959	0.002595353027	0.003501427019	0.002168667286	0.0005022198063	0.002907721256	0.004394102736	0.002564742463	0.003188664916	0.003160505123	0.003659287286	0.003058045403	0.003514083499	0.006254001362	0.007966416109	0.003128273112	0.006030232869	0.004893828008	0.004719320006	0.002649854228	0.0007268285633	0.003177494216	0.004191041067	0.002161783246	0.003587742287	0.002235433282	0.00306680472	0.002427569327	0.004311100384	0.003686803752	0.006457804826	0.004279951527	0.008095670193	0.005320697556	0.01007769597	0.005162878865	0.001548169347	0.009271092636	0.0002982062759	0.0002658145273	0.0002908649048	0.0002800574437	0.005561768053	0.004709418455	0.01014093461	0.006505704264	0.007897048358	0.003289196842	0.01013219061	0.004658026669	0.008307613717	0.00496466841	0.002038358496	0.008121479871	0.006111338061	0.003509930318	0.00417946774	0.002979075882	0.004799291717	0.004098428194	0.009463788858	0.005528842386	0.002539449197	0.001115295411	0.001917990644	0.002212540457	0.001980187703	0.001166717831	0.0002158975801	0.002309857936	0.002562070686	0.001362177734	0.001822003584	0.001852819837	0.002747014157	0.002237684927	0.002534584855	0.005333750099	0.01105414647	0.003782943984	0.005645238676	0.007207990109	0.00711491334	0.003303529475	0.0006491916491	0.004873720747	0.004599534212	0.00252147542	0.003219218587	0.003012817743	0.008071247825	0.00449840491	0.006706354549	0.009278048886	0.005209962109	0.004301494239	0.005081042818	0.00538651169	0.005850265338	0.004344735024	0.0005041454119	0.005900928457	0.0002531099071	0.0001473197646	0.0001420812423	0.0001954314567	0.005456058873	0.006679947495	0.007007619912	0.007840838181	0.009445729741	0.004313741527	0.009984094039	0.006591188021	0.00765756211	0.005025125859	0.000861550929	0.006603584106	0.00533821619	0.004107723617	0.006111559068	0.003878403691	0.00807484083	0.006097683768	0.01060344974	0.009654590108	0.003222041349	0.001383525698	0.001626351121	0.002586331127	0.001949566198	0.001240273775	0.0001770309828	0.001754817456	0.002766495595	0.001275440146	0.001364921722	0.00217118589	0.004253632	0.00279974949	0.002756454	0.005525148725
Healthy	V13_S1	478237318	0.009957094147	0.003628345039	0.006104734804	0.005966673642	0.004618717354	0.002156634293	0.0004945849918	0.002767619653	0.004136588521	0.002083940258	0.002765095801	0.002177686602	0.003918311954	0.002031434945	0.003654376048	0.003611769586	0.006405211147	0.003869643648	0.006296560069	0.005725105292	0.006016749199	0.003643776708	0.0009218268492	0.005374668398	0.0002838193401	0.0002136679765	0.0002534264798	0.0003204245972	0.003722336031	0.003543730144	0.005611799621	0.005582017336	0.006456083379	0.002778591193	0.005597831661	0.003719971096	0.004297376894	0.002982471142	0.0006361485993	0.003563105462	0.003685362755	0.002649705392	0.00277416243	0.002092354491	0.003380940673	0.00251013661	0.004548517897	0.003768861049	0.003551864181	0.001571255466	0.002056821923	0.003020282913	0.001908864	0.001291676698	0.0002233368162	0.002034726198	0.00221243504	0.001299405079	0.001641289733	0.001873833275	0.002502289041	0.001963006576	0.001729089238	0.004763634945	0.008526390239	0.00286467816	0.005858421948	0.004396702057	0.005856688499	0.003258442914	0.001044263969	0.004061138533	0.005296981027	0.003529988013	0.005203424966	0.003450611104	0.004378533254	0.003386212115	0.005408444516	0.005903916097	0.00951685665	0.006727379648	0.01153110975	0.00812085936	0.01409580295	0.005637629893	0.002306062197	0.00870037917	0.0005334819982	0.0004259997962	0.0005011842259	0.0004229803748	0.006220572691	0.007558013279	0.01219365738	0.00894690531	0.0009511553843	0.0004650599015	0.001524644716	0.0007676460748	0.0007024023165	0.0009826021147	0.0002319141477	0.0007512629953	0.0006020504657	0.0007804702518	0.0009709739966	0.0005255445164	0.0007742139437	0.0007407493867	0.001779886194	0.0009453319157	0.003814344743	0.001828270123	0.002439677867	0.002709767622	0.003585035997	0.002295872695	0.0005360204868	0.003076736057	0.004582885771	0.002773827868	0.003657481201	0.00334822679	0.003605465185	0.00305581339	0.003429889175	0.006222442055	0.008377790376	0.003166289921	0.006173020985	0.005089648817	0.004841974712	0.00260711984	0.0007380687092	0.003353038209	0.004438275559	0.002358295678	0.003873750396	0.002479572286	0.003320021128	0.002550557964	0.004331284745	0.004168484819	0.006339095436	0.004241929527	0.008043594373	0.005333105352	0.0093899364	0.004976548066	0.001493741649	0.009037952157	0.0003305220945	0.0003097729818	0.0003699251258	0.0003201966769	0.00527419736	0.004617749215	0.009408540134	0.00674378782	0.008024089412	0.003355712613	0.009946555446	0.004772645116	0.008011758714	0.004733398911	0.001986936118	0.007810093147	0.006023377707	0.003496211895	0.004199714084	0.003032182863	0.004836406347	0.003985749184	0.008869437495	0.005641107246	0.002672006035	0.00120182591	0.002031441218	0.002421023949	0.002161067238	0.00127969729	0.0002363408202	0.002602601163	0.002690170657	0.001523417292	0.002108066355	0.002047027622	0.002912662704	0.002346897571	0.002537965889	0.005697828039	0.01154809713	0.00380667282	0.005820336254	0.00724374253	0.007125847088	0.003211692066	0.000656887257	0.004768184987	0.004891374872	0.002659811253	0.003426087715	0.003307989445	0.008019027072	0.004268838761	0.006465802403	0.009052695884	0.005283155256	0.004165940057	0.005323294323	0.00517446654	0.005534068339	0.004046911287	0.0005085236782	0.005566510391	0.000306000796	0.000181518666	0.0002253483698	0.0002362613618	0.004982162433	0.005962096417	0.006514510438	0.007264487461	0.009520323548	0.004202463765	0.009832658019	0.006403402421	0.007247322343	0.004782286773	0.0008209104251	0.00624517763	0.005619971296	0.004110509419	0.006339222988	0.00402487202	0.00755369743	0.005603776408	0.009702398423	0.008942825746	0.003775125721	0.001605740437	0.002099539208	0.002945623328	0.002197741499	0.001398031845	0.0002075329471	0.002008000973	0.003094653939	0.001554297358	0.001915831253	0.002379193252	0.004282426157	0.002848884746	0.002909708104	0.005719122906
Healthy	V13_S2	552946518	0.01015865697	0.003724305937	0.006101872225	0.006138552083	0.004758923177	0.002242730462	0.0005009598415	0.002829351391	0.004068308465	0.002059687443	0.002739172688	0.002165043021	0.004054276367	0.002082554031	0.00381898598	0.003680289022	0.006647500039	0.004014563665	0.006578912936	0.005900467575	0.00625833582	0.003773014084	0.0009215791825	0.005476290928	0.0002736738456	0.0002043090902	0.0002376613212	0.0003109306134	0.00386742647	0.003580140096	0.005798725366	0.005593557242	0.006126579858	0.002700673485	0.0053384096	0.003609479281	0.004285528388	0.002992463007	0.0006231145125	0.00353518819	0.003406653155	0.00249991085	0.002621108828	0.001968213859	0.003387376426	0.002493072938	0.004588546844	0.003691756677	0.0033508738	0.001487333717	0.001883782547	0.002820269139	0.00185970246	0.001284147701	0.0002142377177	0.001956572588	0.002104301161	0.001210885643	0.001525923344	0.001769936094	0.002520316079	0.001948437986	0.001736884072	0.00477126976	0.008439302623	0.002881502909	0.005723806728	0.004465354098	0.005908866217	0.003340247094	0.001031741735	0.004122221455	0.004983234201	0.003423475758	0.004928102287	0.003369843085	0.004467853435	0.003467257569	0.005556864724	0.006072650592	0.009775073762	0.006992886064	0.01183645215	0.008408768025	0.01470257563	0.005808986756	0.002416535698	0.008896543951	0.0005027972705	0.0004172862881	0.0004669601699	0.0004114792165	0.006462491188	0.007726946207	0.0127459524	0.009115344497	0.0009511842156	0.0004703800305	0.00150265708	0.0007789614112	0.000710602178	0.0009991888583	0.0002358220836	0.0007583789505	0.0005865901845	0.0007813739411	0.0009401505988	0.0005265735302	0.0007878338787	0.0007543460107	0.001822266652	0.0009615215626	0.003599908735	0.001758300248	0.002235941379	0.002586515971	0.003446624471	0.002230344093	0.0005061845782	0.002947870991	0.004284381803	0.002555243507	0.00324138039	0.003153077094	0.003601087872	0.003023239944	0.00342268183	0.006234816366	0.008579023189	0.003251229443	0.00618650428	0.005250945445	0.004991066785	0.002684699065	0.0007510057238	0.003421822796	0.004357273121	0.002311409799	0.003767579562	0.002454693096	0.003413807554	0.002581437722	0.004489754288	0.004234257607	0.006595903729	0.004420950165	0.008329252197	0.005525415028	0.009843472782	0.005134612313	0.001570943973	0.009233426441	0.0003227292228	0.0003081817038	0.0003584650478	0.0003118601789	0.0054987922	0.004727214866	0.009959963253	0.006829391048	0.00801329759	0.003380430004	0.009839217398	0.004810331404	0.00817060756	0.00483504808	0.002017627318	0.007948511939	0.005937084136	0.003456090124	0.004122915916	0.003013347486	0.004943915751	0.004048623017	0.009121119016	0.005716041058	0.002635218692	0.001203870498	0.001957187476	0.002416731016	0.002159335417	0.001278890412	0.000234118483	0.002565564578	0.002609407878	0.001466067646	0.001989373229	0.001996618053	0.002967990478	0.002373668985	0.002597963733	0.005785313581	0.01123514264	0.003794867915	0.005595336799	0.007219933339	0.007148884876	0.003248310536	0.0006529546498	0.004816567088	0.004591548943	0.002561746849	0.003210746324	0.003189001002	0.008046680565	0.004332970589	0.006583703634	0.009234994405	0.00523742515	0.00423118136	0.005269276332	0.005240646076	0.005617333501	0.004118600852	0.0005093096544	0.005626169799	0.0002801066558	0.0001693201728	0.0001907652848	0.0002197717067	0.005118315982	0.006067112986	0.006746616316	0.007391662425	0.00912547025	0.004139830753	0.009421648985	0.006294706426	0.007224389466	0.004745325117	0.0008161603072	0.006232251923	0.005205277375	0.003944784765	0.005905723056	0.003824225185	0.00757875466	0.005647132043	0.009856832121	0.00905119001	0.003314365748	0.001468874427	0.001755459106	0.002668209225	0.001979100988	0.001316250263	0.00018754255	0.001826921713	0.00281729055	0.001419956496	0.001600530922	0.002204849765	0.004182024707	0.002793429291	0.002805661939	0.00570167258
Healthy	V13_S8	481391050	0.01078945485	0.003707707071	0.006463799026	0.006257810568	0.004623218483	0.002067801219	0.0004727985699	0.002640975564	0.004393841556	0.002124833854	0.002912451322	0.002308387329	0.004014102464	0.001978834048	0.003685907746	0.003539155952	0.006474289458	0.003768921337	0.006221484591	0.005419433951	0.005721203167	0.003309128826	0.0007479823316	0.004714244272	0.000298304258	0.0002136869807	0.0002671154771	0.0003322060101	0.003495081597	0.003131981785	0.005096160388	0.004707810833	0.006860150391	0.002808166043	0.005835280901	0.003740154704	0.004245407138	0.002808747691	0.0005945769037	0.003288415935	0.00386757502	0.002648314712	0.00287217845	0.002161170217	0.003404207453	0.002442750026	0.004528501309	0.003578223982	0.004017411624	0.001717237992	0.002365463587	0.003348336036	0.002042730126	0.001282242368	0.0002198981473	0.001947169562	0.002423590966	0.001413516101	0.001850921408	0.002087521154	0.002615069391	0.001918562881	0.001825036008	0.004726213751	0.009082748838	0.002921047244	0.005984793444	0.004624799319	0.005853409614	0.003082300762	0.0009844844436	0.003928456917	0.005570978106	0.00344853524	0.005259956536	0.003586394055	0.00448033257	0.003325109596	0.005354740185	0.00593698408	0.009539824224	0.006571326991	0.01114571823	0.00807701348	0.01327730958	0.005253828462	0.002097945111	0.00818763041	0.0005369252295	0.0004095755415	0.0005151736826	0.0004296257689	0.00605357744	0.007093154308	0.01124099835	0.008586115176	0.0009205156598	0.0004458350441	0.00141652405	0.0007466009183	0.0006721458573	0.0008964001304	0.0002200394046	0.0007054638843	0.0005907027146	0.0007155513174	0.0009233574243	0.0005047559567	0.0007624799007	0.0007138001423	0.001705160493	0.0009482353276	0.004122461354	0.001916473104	0.002659482348	0.002932059082	0.003711088937	0.00226699894	0.0005228659735	0.00311560217	0.00481328018	0.002818610774	0.003910857919	0.003556233544	0.003725098337	0.00310647861	0.003466416752	0.006433210588	0.008778601098	0.003129245963	0.006302742853	0.005126349981	0.00472489258	0.002403347549	0.0006760428969	0.003138440152	0.004566676094	0.002317783017	0.003958854241	0.002528582532	0.003352239307	0.002370399283	0.00429149441	0.004028541868	0.006367573722	0.004118180012	0.007813585234	0.005212832686	0.008941404291	0.004522603817	0.001342943538	0.008151933859	0.0003379144668	0.000307058056	0.0003776181547	0.0003271249019	0.005083596797	0.004268795608	0.008826757373	0.006183689954	0.007990520389	0.003263957649	0.00947778111	0.004654272239	0.007610264046	0.004357459492	0.001808191075	0.007083945578	0.005902938993	0.003329413789	0.004129671709	0.003003088653	0.004834691048	0.003826541852	0.008505295227	0.005529828608	0.002859049831	0.001252399686	0.002208599433	0.002541285302	0.002245681551	0.001235506975	0.0002277607779	0.002488791597	0.002864546402	0.001588612834	0.002292635062	0.002212818456	0.003041126336	0.002343628948	0.002688377775	0.005778738512	0.01214530058	0.003886260453	0.006053047725	0.007561598829	0.007157993486	0.003147837917	0.0006639342381	0.004699894192	0.005185574181	0.002708058241	0.00356342728	0.003476375392	0.008176886546	0.004331063072	0.00648716049	0.009385170331	0.005560358881	0.004175962557	0.005479071537	0.005335186435	0.005517537146	0.003873509904	0.0004925434322	0.005432955183	0.0003160258173	0.00018260622	0.0002370546773	0.0002535651629	0.005016973207	0.005880855076	0.006421772902	0.007303557056	0.009922502714	0.004221937653	0.009828726562	0.006578236135	0.007136237784	0.004527782558	0.000799447767	0.006098684219	0.005797394862	0.003996526317	0.006298413732	0.004124085813	0.007648162549	0.005573173826	0.0095616921	0.009241871032	0.004365353282	0.001775043387	0.002466547727	0.00339850315	0.002467091983	0.001507653705	0.0002218155074	0.002256805564	0.003380866761	0.001695077214	0.002178968637	0.002679206437	0.004618916367	0.003108184084	0.00319199121	0.006378257344
Healthy	V13_S9	448922806	0.01005280404	0.003629109455	0.006165405194	0.005984302789	0.004524118563	0.002113875676	0.0004838359671	0.002626291167	0.004040977593	0.002060033457	0.002723388038	0.002171881194	0.003750800756	0.001927605344	0.003608600361	0.003338391322	0.006181087178	0.003743436461	0.006241932828	0.00536655293	0.005748536197	0.003462348046	0.0008166838376	0.004921442997	0.0002773639439	0.0002083164383	0.0002465746862	0.0003111492625	0.003465553497	0.003213788608	0.005255905845	0.004779349526	0.006328112455	0.002740139248	0.005587762454	0.003580755931	0.004220251176	0.002927608004	0.0006310884549	0.003364810118	0.003609025824	0.00262551375	0.002743767934	0.00208122641	0.003303632563	0.002414938572	0.004606921218	0.003452337416	0.003620680389	0.001589531631	0.002146221994	0.003022588699	0.001912246356	0.001252471455	0.0002188661362	0.001860313151	0.002202356367	0.001305892666	0.001676058757	0.001896074311	0.002414784871	0.001825229169	0.001706066143	0.004379675021	0.008962765861	0.003021532838	0.006200331021	0.004600064805	0.006029533282	0.003388317501	0.001066847114	0.004124713593	0.005539373288	0.003701645311	0.005515072897	0.003656071775	0.004449985551	0.003442819076	0.005609955579	0.005920327425	0.00987702995	0.007122320268	0.01217775289	0.008455264356	0.01463426431	0.005796430846	0.002473046558	0.008793251194	0.0005665562021	0.0004524051736	0.0005327218774	0.0004447958476	0.00628709204	0.007657851092	0.01262896633	0.008821498812	0.0009903083427	0.0004886318919	0.001614128287	0.0007944439339	0.0007310677818	0.001056852077	0.0002464009369	0.000771874352	0.0006198927662	0.0008242307921	0.001001390426	0.0005634955423	0.000796473236	0.0007776927243	0.001873241878	0.0009786604604	0.004090734477	0.001962537853	0.002640658893	0.002874523154	0.003803085914	0.00237529924	0.0005641437606	0.003110922371	0.004878587077	0.002925012903	0.003939196174	0.003596362177	0.003692928891	0.003079152989	0.003588877594	0.006226010269	0.008185429546	0.003096617016	0.006026561725	0.004927401706	0.004701587827	0.002525844053	0.0007128820272	0.003145224482	0.004302766476	0.002282644112	0.00373521233	0.002440820527	0.003152882814	0.002387838144	0.004226740042	0.00376416831	0.006180904518	0.004168903818	0.007965340482	0.005111350926	0.009137588791	0.00477604829	0.001466878027	0.008597037059	0.0003235856991	0.0003023615601	0.0003537757447	0.0003044710542	0.005014902273	0.004301311883	0.00904225837	0.006037574754	0.007779520116	0.0033063034	0.009878321931	0.004633333331	0.007855887366	0.004661462889	0.001989359837	0.007481096873	0.005953629364	0.00346620617	0.004155255592	0.003044559068	0.004762101572	0.00390005136	0.00898847184	0.005390712986	0.002658316717	0.001192628204	0.00208550777	0.002366215273	0.002115624306	0.001193367752	0.0002268853323	0.002377070146	0.002686680168	0.001503576987	0.0020947989	0.002054876668	0.002844076939	0.002205425937	0.00251171022	0.005290341609	0.01150819235	0.003870961726	0.005964319398	0.007340887912	0.007164260664	0.003248803537	0.000682789994	0.004778679032	0.004971322397	0.002736376908	0.003537002306	0.003420158164	0.007899701135	0.004300140189	0.006545802442	0.009074208184	0.005373482852	0.004301412123	0.005566493764	0.005258006429	0.005515451581	0.004091852709	0.0005279036771	0.005512030057	0.0003121850753	0.0001829334552	0.0002265779297	0.0002408855121	0.004920331448	0.005962530672	0.006620098066	0.00708427141	0.00964973252	0.004296892415	0.01011347149	0.006500972909	0.007298764857	0.004807998104	0.0008556081243	0.006226801051	0.005694495726	0.004182719111	0.006566656807	0.004177014344	0.007619403502	0.005702361221	0.01003374063	0.009090355726	0.004015445364	0.001699399072	0.002306211639	0.003100829322	0.002284036334	0.001440044906	0.0002213699074	0.002044569774	0.003228167473	0.001624916334	0.002058460804	0.002534613935	0.004347907867	0.002934455506	0.003105934876	0.006028488559
Healthy	V17_S18	464159656	0.01005892248	0.003747895746	0.006208613702	0.006274875385	0.004709437737	0.002164072183	0.0004783892722	0.002847130256	0.004027581837	0.002023034505	0.002636049868	0.002185862099	0.003934639679	0.002045494449	0.003650985126	0.003683510572	0.006411274572	0.003859116097	0.006167403744	0.00586151977	0.005943381688	0.003500317141	0.0008571447235	0.005340059111	0.0002643745496	0.00019397205	0.0002260084405	0.0003065626195	0.003775666363	0.003532579747	0.005526225657	0.005736095254	0.006397914945	0.002728255211	0.005441819355	0.003754606798	0.004216794749	0.002847076395	0.0005728589216	0.00347733367	0.003535718753	0.002486560357	0.002583944952	0.002032324412	0.003393282849	0.002495412915	0.004399014377	0.00381920957	0.003556433608	0.001567156884	0.002044421543	0.003109389154	0.001856712424	0.001221271588	0.0002066681125	0.001998146517	0.002125066208	0.001241592182	0.001529521127	0.001828120969	0.002476934359	0.001915623188	0.001694128281	0.004758683723	0.00908292426	0.003043345068	0.006118670512	0.004753295491	0.006137004721	0.003245085997	0.001037035412	0.004205927798	0.005570561695	0.003579117613	0.005248650908	0.003644517524	0.004731234117	0.003534635074	0.005676686817	0.006306483043	0.009995192258	0.006893886529	0.01171467819	0.008545587598	0.01419199173	0.005523995821	0.002203274211	0.008825290925	0.0005291261247	0.0004012541754	0.0004659474325	0.0004215575341	0.006545917899	0.007613701351	0.01220201482	0.009412002839	0.0009630350122	0.0004700300795	0.00149273637	0.0007808347738	0.0007065370628	0.0009548244753	0.0002130710817	0.0007416025834	0.0006102986254	0.0007578060597	0.0009375760999	0.0005234211911	0.0008240655883	0.0007625630436	0.001801076395	0.0009969457578	0.004133547531	0.001929163788	0.00261226064	0.00298500092	0.003715152702	0.002276531332	0.0005232014391	0.00318459388	0.004845502988	0.002795960362	0.003701698279	0.003528076986	0.003907422751	0.00321553582	0.003598124004	0.006688375346	0.008385500441	0.003198268055	0.006078378341	0.005179179123	0.004807143342	0.002532438968	0.0006767908325	0.003365747065	0.004213550176	0.002252412476	0.003534904378	0.002407471191	0.003344097187	0.002506008407	0.004185689072	0.004178075313	0.006338232895	0.004175011712	0.00778094122	0.00542886907	0.009002820357	0.004625080987	0.001342466955	0.008757249682	0.0003026480182	0.0002718633521	0.0003196723327	0.0002934464429	0.00524818986	0.00445463317	0.008918157678	0.006839377268	0.0081273048	0.003378994662	0.009651321355	0.004904614114	0.007770936042	0.004466549329	0.001788660409	0.007519694904	0.005794809965	0.003327908792	0.003936139163	0.002982952056	0.004942616124	0.003937496455	0.008337674225	0.005727201763	0.002606689281	0.001181505098	0.001931630611	0.002426287993	0.002048379233	0.001170213725	0.0002109468127	0.002475667553	0.002533167165	0.001384323242	0.001863906069	0.001926438432	0.002894366157	0.002271832518	0.002403963777	0.005641461868	0.01162065882	0.003943675363	0.00593538444	0.007456906164	0.007281027027	0.003245210954	0.0006431321554	0.004850475415	0.004939240131	0.002692713561	0.003432204802	0.003387336619	0.008145208122	0.004381860797	0.006569166365	0.009210063703	0.005282059671	0.00409594409	0.005279295536	0.005243715107	0.005311905005	0.003797882856	0.0004599107166	0.005397149381	0.0002783697341	0.0001662897647	0.0002023183161	0.0002245778983	0.004933724787	0.005807691309	0.006318263473	0.00726471152	0.00952598948	0.004238573893	0.009657648919	0.006511867115	0.007159527885	0.00458113921	0.0007590082323	0.006159335399	0.005570421657	0.003981252951	0.006100913691	0.003962500782	0.007625445155	0.005618691686	0.009551327744	0.008996464785	0.003896006421	0.001625507496	0.00214603744	0.003051079476	0.0021351511	0.00133727693	0.0001920804595	0.002001425561	0.003100719723	0.001528646428	0.001880152634	0.00238304856	0.004379452143	0.002944943582	0.002977919305	0.00604503852
Healthy	V17_S19	509997377	0.01067375686	0.003799099931	0.00639098385	0.006391215224	0.004721188988	0.002143879654	0.0004597651097	0.002745180786	0.004119191774	0.002033016338	0.002690633446	0.002218780039	0.003969338062	0.001984035694	0.003695546458	0.003503055272	0.006451415533	0.003750099679	0.00623071832	0.005643676085	0.005846837914	0.003406215558	0.0007513960214	0.005007013987	0.0002663915662	0.0001883068508	0.0002262129282	0.0002998466402	0.003674334584	0.00328653455	0.005289123281	0.005085157526	0.006462205785	0.002723659106	0.00548275565	0.003665905129	0.004215323641	0.002842675405	0.0005551322669	0.003351179981	0.003565626182	0.002480357855	0.002603870255	0.002035222232	0.00338220563	0.002409743766	0.004447620914	0.003540271149	0.003661101182	0.001582294412	0.002109248103	0.003093059045	0.001883039096	0.001206610127	0.0001971716023	0.001842578104	0.002175320992	0.001244792677	0.001587804245	0.001848848725	0.002491069675	0.001829309408	0.001697536182	0.004497538818	0.009345467673	0.003061609864	0.006208510363	0.004803952158	0.005949909033	0.003158600559	0.0009835815293	0.004004379419	0.005619705374	0.003600581263	0.005322654826	0.003691885655	0.004741334189	0.003439139257	0.00570381561	0.006179927863	0.01000072791	0.006794562396	0.01172355637	0.008418082511	0.0141429198	0.005410519984	0.002156128736	0.008517283021	0.000528341933	0.0003907765196	0.0004628082626	0.0004120727076	0.006481058823	0.00738537916	0.01215182132	0.00904433083	0.0009964521837	0.0004800691357	0.001558308015	0.0008052688475	0.0007035702852	0.0009767795335	0.0002150834591	0.0007326586701	0.0006164325822	0.0007770608593	0.0009640500563	0.0005467028118	0.000833378796	0.0007611392088	0.001809397541	0.001000452204	0.004233798246	0.00197837292	0.002656796017	0.002997264435	0.003742958466	0.002245709589	0.0005162026549	0.003095211998	0.004923468459	0.002803300692	0.003790813614	0.003593951818	0.003919367217	0.003142376946	0.003630591222	0.006575578917	0.00854879887	0.003193620347	0.006143155125	0.005168673642	0.004766406867	0.002501067765	0.0006465366586	0.003223045988	0.004276923958	0.002231313437	0.003583975296	0.002412304564	0.003319277856	0.002406037865	0.004201762787	0.003913047576	0.00632016976	0.004111785853	0.007783481208	0.00533122938	0.00909428991	0.004566923488	0.001349836354	0.008636550301	0.0002993348729	0.0002633778252	0.0003151094638	0.0002866328467	0.005197295358	0.004252970893	0.008790170699	0.006359915063	0.008117763319	0.003347942709	0.009730061808	0.004841019016	0.007871273816	0.004489823092	0.001784722905	0.007337384796	0.005872308633	0.003335483822	0.003955953679	0.002982734948	0.004975478531	0.003857210034	0.008547708668	0.005539563785	0.002650676378	0.001179290379	0.00196593168	0.002391651516	0.002059596867	0.00114801963	0.0002049147794	0.002346465009	0.002573056371	0.001385297321	0.001906535296	0.001950427678	0.002909695357	0.002202138777	0.002435657625	0.005415270989	0.01183366674	0.003995432314	0.006057929196	0.007664815892	0.007412551849	0.003286516903	0.0006480072544	0.00494672152	0.005009033605	0.002719919871	0.003474633557	0.003463853109	0.00832297614	0.004425477663	0.006681297108	0.009412136643	0.005414645495	0.004134852639	0.005385521816	0.005339419618	0.005369588401	0.003846876648	0.0004567729375	0.005411467048	0.0002875034395	0.0001643714336	0.0002019696662	0.0002262325361	0.005016223838	0.005827347618	0.006408248645	0.007239747039	0.009778034603	0.004274369042	0.009851768316	0.006642453771	0.007258231448	0.004653725896	0.0007563274193	0.006219645714	0.00566350756	0.004015363789	0.006216033931	0.004071152311	0.007823438276	0.005658099689	0.009696377321	0.009237927904	0.003944259502	0.00163007309	0.002171501364	0.003074909932	0.002159558166	0.001348883408	0.0001971323864	0.00199394751	0.003130388649	0.001535609859	0.001900964679	0.002431665448	0.004408899146	0.002952444597	0.003052266679	0.006248181155
Healthy	V32_S10	430729844	0.009662320961	0.003692750856	0.00585942682	0.005817973922	0.004435996313	0.002232884518	0.0004500477566	0.002635359532	0.003660168948	0.001953414679	0.002526193657	0.001998531126	0.00322288093	0.001844292916	0.003341454093	0.002986071241	0.005834320596	0.003736778453	0.006042945564	0.005233401009	0.005677215159	0.003596428299	0.0007570383259	0.005013007643	0.0002411650863	0.0001764702424	0.0002025910236	0.0002687067117	0.003260533301	0.003125269862	0.005013490544	0.004539098062	0.005522814435	0.002600873879	0.004945308596	0.003321657461	0.003950634078	0.002833256198	0.0005569035983	0.003207994568	0.003230683964	0.002405461368	0.002377903492	0.001864625847	0.00293057706	0.002250573099	0.004158369857	0.003081284054	0.002701400927	0.001228391781	0.001609164096	0.002130353893	0.00147933794	0.001029357511	0.0001657210453	0.001426288446	0.001692283482	0.0009810604161	0.00125288277	0.001373501298	0.001815734412	0.001444798889	0.0013071163	0.003376095296	0.0104160138	0.003706357993	0.00748527887	0.00550887066	0.007528222261	0.004252767774	0.001284575489	0.005171297116	0.006272205276	0.004450158322	0.006573442819	0.0042454755	0.00518712142	0.004125876172	0.006884415002	0.006881129881	0.01214784179	0.00899952268	0.01547096653	0.01049432507	0.01873227526	0.007118389967	0.003047548291	0.0105993027	0.000613751296	0.0004658488442	0.0005245027786	0.0004855526101	0.007803378491	0.008945804554	0.01630765107	0.01026249762	0.001175632492	0.0006021663082	0.002066520378	0.0009849282698	0.0009548073014	0.001434263283	0.0002884476238	0.001030170085	0.0007550510013	0.001018218278	0.001199870423	0.0006906602924	0.001012725276	0.0009970843813	0.002348876016	0.001220231213	0.004339840914	0.002218046911	0.002788627296	0.003075017946	0.004133449365	0.002515103179	0.0005784275306	0.003256477394	0.005149125446	0.003025734154	0.003938445463	0.003757051021	0.004096382047	0.003298796264	0.004073037948	0.006759315707	0.007880531259	0.003159135637	0.005777556477	0.004842808152	0.004495706594	0.002621343786	0.0006553829597	0.00308122137	0.003910019293	0.002070903636	0.003405292251	0.002196202592	0.002731210796	0.002308365705	0.003802989328	0.003345182648	0.006097141948	0.00422675611	0.007660913322	0.005114187073	0.009158640979	0.004780592821	0.001444021139	0.008908816172	0.0002669956624	0.0002458548008	0.0002645300798	0.0002555894409	0.004968699127	0.004191764339	0.009006854422	0.005763775217	0.008124967538	0.003480251069	0.01019730595	0.004940948554	0.007787414888	0.004728574136	0.001914682745	0.007765331441	0.005877735279	0.003312092301	0.003827359592	0.002905598526	0.004481630486	0.003884026202	0.008433409132	0.005137292042	0.002228587161	0.001008137713	0.001673111371	0.001917993405	0.001704174926	0.0009985446934	0.000181250501	0.001922107352	0.002143475807	0.00115811339	0.001560305164	0.001548984844	0.002287025182	0.001831978933	0.002023493408	0.004276139733	0.01060125056	0.003804036388	0.005562702546	0.006916151833	0.007219251332	0.003373954743	0.0006496067173	0.005023408594	0.004485040976	0.002603453222	0.00328759899	0.003070955074	0.007070034831	0.004140746282	0.006246711338	0.008297686008	0.004836688307	0.00425752946	0.005057169895	0.005035300038	0.005371849739	0.004064526813	0.0004918976545	0.00543949771	0.0002547211472	0.0001523762537	0.0001632508195	0.0001939545197	0.004623612753	0.005666623834	0.006344053095	0.006551120242	0.009109443087	0.004317764431	0.009795111852	0.006434137403	0.007496422746	0.004954541761	0.000824342694	0.006424089342	0.005458521235	0.00414824286	0.006328909032	0.003951502371	0.007531783658	0.005757223546	0.009851841146	0.008912839576	0.002962351037	0.001341648386	0.001659847837	0.002366678358	0.001798832867	0.001161530846	0.0001709284857	0.001579644433	0.002563390987	0.001250695784	0.001477034872	0.001979461168	0.003634879314	0.002404326086	0.002566179278	0.004962525884
Healthy	V32_S11	440959648	0.009943288507	0.003670419748	0.005968602823	0.005910581641	0.004361746043	0.002187714918	0.0004561505818	0.002599530377	0.003731742819	0.001949674996	0.002584934937	0.002043003264	0.003237117062	0.001835916288	0.003368798045	0.003011735895	0.005669988198	0.003636087808	0.00585265117	0.005100305686	0.005456880263	0.003469900266	0.0007462111363	0.004827704779	0.0002507462996	0.0001884322077	0.0002127292155	0.0002800619072	0.00316172014	0.003012475191	0.004841118705	0.004362029516	0.005657968958	0.002613715348	0.005028328578	0.003355835407	0.003890859419	0.002816296243	0.0005585749198	0.003173610117	0.00330792853	0.002465636039	0.002429573783	0.001920397941	0.00289824932	0.002227834235	0.004159997425	0.003080231958	0.002832665088	0.001280173827	0.001717426988	0.002234841679	0.001529972194	0.001053808443	0.0001791252337	0.001464857392	0.001752244233	0.001029239301	0.001359904478	0.001450193919	0.001848132825	0.001471316033	0.001355055962	0.003421607866	0.01063362832	0.003708169234	0.007580723123	0.005562375177	0.00747174263	0.004221141341	0.001321118616	0.005127648324	0.006400161586	0.004493021094	0.006741240414	0.004337449036	0.005188325078	0.004111221986	0.006899647199	0.00692384896	0.01188592204	0.008733799153	0.0151369406	0.010272432	0.01793068376	0.006860085756	0.002971233322	0.01018750813	0.0006354028113	0.0004871148663	0.0005525358184	0.0004987962073	0.007532988597	0.008680118504	0.01586057144	0.01000367952	0.001194211313	0.0005967756941	0.002119538611	0.001001502069	0.0009496696623	0.001425715489	0.0003009957954	0.001010956449	0.0007608224506	0.001041523872	0.001241000174	0.0007088267632	0.001002021391	0.001002041801	0.002344225837	0.001222873799	0.004546635977	0.002300262631	0.00294470255	0.003198816505	0.004266163601	0.002611161827	0.0006260708916	0.003357060009	0.00530951077	0.003136640748	0.004227493396	0.003912301291	0.004151223379	0.003354574521	0.004185516766	0.006869036688	0.007946763419	0.003112273439	0.00580786476	0.004859977573	0.004353550282	0.002540862877	0.000651388401	0.002986534042	0.003952955804	0.002068760723	0.003543188151	0.002229498786	0.002701149653	0.002295400508	0.003760010712	0.003337595643	0.005896260603	0.004099354687	0.007456791148	0.004928183361	0.008752265695	0.004567154861	0.001428713495	0.008488320909	0.0002720657106	0.0002571301037	0.0002799938737	0.0002619990299	0.004709378759	0.004055931213	0.008619677599	0.005534463326	0.008024053938	0.003381066741	0.01022958908	0.004845472845	0.007544567888	0.004621531719	0.001954353429	0.007521060068	0.005779286181	0.003268503153	0.003776191331	0.002885806005	0.004375475191	0.003792766544	0.00834081308	0.005040991869	0.002280784658	0.001023356677	0.001743619861	0.001944318497	0.001714966445	0.001004602126	0.0001892100567	0.001914109384	0.00217386331	0.001200320715	0.001672642845	0.001599325478	0.002308875664	0.001846393437	0.002070241584	0.004331062964	0.01090926125	0.003817401451	0.005677610211	0.007041115925	0.007186090642	0.003344421665	0.0006658636484	0.0050481762	0.004572865134	0.002631279314	0.003362303119	0.003146596307	0.007128663619	0.004142140915	0.006299791858	0.008421766066	0.004904070043	0.004244717195	0.005087449634	0.005047291765	0.005339098511	0.004008160402	0.0005043363968	0.005387241238	0.0002819124166	0.0001614886993	0.0001851280505	0.0002057830017	0.00459468119	0.005621761563	0.006290995134	0.006533600099	0.009326177619	0.004318211448	0.009930239694	0.006507105612	0.007475926686	0.004916878471	0.0008392944835	0.006388743307	0.005585445315	0.004213185965	0.006479406932	0.004088274308	0.007554373773	0.005745625504	0.009892474334	0.009009296016	0.00325678326	0.001455779464	0.001869381935	0.00258816199	0.001933535197	0.001256743111	0.0001975940438	0.001706339805	0.00273320474	0.001349343421	0.001657489531	0.002122053581	0.003814104097	0.00252967818	0.002759685621	0.005184966494
Healthy	V32_S12	534697458	0.01059478947	0.00369950141	0.006300738763	0.006064186301	0.004367845714	0.002131644695	0.0004568228189	0.002583236519	0.003992803721	0.002011098022	0.002709743572	0.00214879084	0.003254004623	0.001807094808	0.003317990339	0.003061080571	0.005610608308	0.003438235908	0.005670909698	0.004896825225	0.005219072876	0.003264365622	0.0006972447585	0.00454154581	0.0002692008309	0.0002008294567	0.0002300590702	0.000295913133	0.003033377054	0.002826317906	0.004574876808	0.004160002945	0.006213412745	0.002671127342	0.005386197291	0.003467654413	0.003902038375	0.002794688805	0.0005580295839	0.003115170972	0.003644567542	0.002583389877	0.002597953252	0.002021934056	0.002905635658	0.002182664201	0.004080434585	0.003188698533	0.00319238847	0.001412769013	0.001986899291	0.002482209295	0.001641006492	0.001102803073	0.0001936889702	0.001528585909	0.001928804756	0.001149607111	0.001542038376	0.001619278317	0.001880652292	0.001483276174	0.001423315164	0.003514297612	0.0111874349	0.003740917354	0.007813289436	0.00559844629	0.007305310586	0.003989729085	0.001299433894	0.004816931447	0.006922404333	0.004598484551	0.007113484351	0.004490861073	0.00510377216	0.003941666392	0.006685705994	0.00678804237	0.01140347108	0.008092740923	0.01424432805	0.009620692829	0.01631938935	0.006308096194	0.002729700653	0.009316795742	0.0006703622668	0.0004939391352	0.0005949326956	0.0005108571135	0.00700246643	0.007956400271	0.01452039071	0.009252400448	0.001189713904	0.0005751308434	0.002013110375	0.000946398739	0.0008982518858	0.001338858058	0.0002843907292	0.0009382502058	0.0007442975351	0.0009405580529	0.001168629083	0.0006418283739	0.0009589310597	0.0009421084624	0.002151081855	0.001200082384	0.004968361005	0.00243698746	0.003332907186	0.003442683283	0.004518708597	0.002725004539	0.0006789241179	0.0034622738	0.005782767346	0.003397431525	0.004898199834	0.004271540786	0.004172673662	0.003352667893	0.004314729695	0.006936775076	0.008209464875	0.003036872489	0.005893155004	0.004793174087	0.004248056478	0.002399942212	0.0006209511473	0.002903374566	0.004101614786	0.002100339142	0.003654651749	0.002229275607	0.002651304918	0.002188624581	0.003589066997	0.003286445398	0.005752516594	0.003819531904	0.007092191936	0.004708503776	0.00827180106	0.004278456847	0.001333597139	0.008004881893	0.0002798086988	0.0002490174547	0.0002918304504	0.0002632123978	0.004422882444	0.003778742483	0.007986770717	0.005259241386	0.008111495454	0.003285356932	0.01003246026	0.004716525134	0.007210137139	0.00436090347	0.001836677892	0.006988073244	0.005791258129	0.003176173693	0.003778536759	0.002787161184	0.004218336867	0.003583568561	0.00761419741	0.004980586611	0.002387600653	0.001033537736	0.001841037367	0.00196201232	0.001733412019	0.000999295942	0.0001895801046	0.001897530996	0.002262636528	0.001238045908	0.001784732629	0.001643011364	0.002270435331	0.001797081669	0.00209255156	0.004371720802	0.011823993	0.003887714387	0.006075241151	0.007324540151	0.007141844314	0.00327264507	0.0006775289364	0.004951594515	0.005005772816	0.002752044129	0.003656890398	0.003343746961	0.007116557117	0.004066133039	0.00622287604	0.008443298042	0.005101320306	0.004127317172	0.005308383194	0.005012253116	0.005216987585	0.003837323274	0.0005088335393	0.005143875212	0.0003236147796	0.0001750466523	0.0002308034163	0.0002273566073	0.004466875547	0.005298966654	0.006108256082	0.006288947048	0.01007981227	0.0044166247	0.01048379774	0.006736241114	0.00742871495	0.004829353425	0.0008460148692	0.006285821916	0.006122449155	0.004276429532	0.006915394761	0.004238997149	0.007580496109	0.005643475492	0.009643657217	0.00937863632	0.003932077792	0.001680426915	0.002380972606	0.003002993517	0.002263693201	0.001403608693	0.0002328868375	0.001945197203	0.003167028335	0.001548885239	0.002151272617	0.002431492764	0.004037668344	0.002641465709	0.003103104335	0.00547464544
Healthy	V32_S7	431423268	0.009260457876	0.003414083359	0.005623785688	0.005319604134	0.004109845554	0.00218738318	0.000462167933	0.002534406651	0.003587010982	0.001957880028	0.00259148285	0.001980027651	0.002848024414	0.001759784546	0.003093910549	0.00286023516	0.005282663614	0.003547247248	0.005777933609	0.00487683942	0.005404240274	0.003650899515	0.0008287916451	0.00502397103	0.000262628394	0.0002091565446	0.0002382880285	0.0002926800879	0.002990126161	0.003104058356	0.004892232655	0.004510753463	0.005535512748	0.002635736374	0.005133932646	0.003282820156	0.003921364761	0.003026649457	0.0006159774396	0.003349325609	0.00345591235	0.00266541952	0.002603739954	0.002006264066	0.002761921038	0.00223380395	0.004155570951	0.003084692224	0.002666552978	0.001240593727	0.001719253585	0.002102807306	0.001526025713	0.001144159429	0.0001921361367	0.001538788121	0.001727621237	0.001074133072	0.001437099123	0.001439783262	0.001673449379	0.001443197542	0.001314852587	0.003312786087	0.01016300539	0.003630997946	0.007669774084	0.00515357461	0.007454978066	0.004480469978	0.001427980468	0.005198224496	0.006578201063	0.004839771414	0.007336690519	0.004418676834	0.004719666627	0.004053981623	0.006811551944	0.006480825693	0.01156258452	0.008908525073	0.01575434035	0.009953923023	0.01846230973	0.007380285757	0.003289080829	0.01059328121	0.0007150031602	0.0005637456717	0.0006616958824	0.0005488948269	0.007212478396	0.009134145727	0.01666307901	0.009890148067	0.001193041818	0.0006193940379	0.002229274755	0.0009811964987	0.001001647412	0.001601172332	0.0003341173522	0.001084362005	0.0008079026465	0.001118430636	0.00136926319	0.0007377882085	0.0009534395349	0.001043596935	0.002417224747	0.0011873189	0.004423852726	0.002331267399	0.003041931433	0.003053203426	0.004496595673	0.002925085626	0.0007084226157	0.003534239141	0.005502776916	0.003467483353	0.004834892215	0.004099751059	0.003852877495	0.003376264351	0.004310894052	0.006587176007	0.007521564646	0.003051689831	0.005719524613	0.004548672141	0.004349827975	0.002684326706	0.000706269278	0.003090551899	0.004022655078	0.002212942766	0.003759498201	0.002296737505	0.002491701491	0.002359879672	0.003706448211	0.003314716906	0.005803419022	0.004203048687	0.007834806907	0.004885821318	0.0090565908	0.005087646316	0.001597377914	0.00928232735	0.0002998215664	0.0002945390511	0.0003297133246	0.0002905499293	0.0047046628	0.004362840717	0.009236673809	0.005804932617	0.008007769298	0.003525482079	0.01073034151	0.004916093214	0.007957727955	0.005084431376	0.00218933486	0.008208497925	0.006195514239	0.003591839187	0.004147625158	0.003053808401	0.004235221268	0.003970337548	0.008698860906	0.00513153361	0.002183127499	0.0009893439498	0.001787884561	0.001824113483	0.001735576302	0.001099806235	0.0002064538624	0.002031601133	0.002218855753	0.001287695962	0.001817760094	0.001627733254	0.002073263234	0.001822375051	0.002033694205	0.004123729831	0.009895226606	0.003497745977	0.005372732933	0.006310380552	0.006614654822	0.003219207454	0.000644918855	0.004700914741	0.004401378277	0.002619457697	0.0034015991	0.003021540785	0.006099251466	0.003727100783	0.005690305049	0.00742849827	0.004593899187	0.004200786407	0.005166837687	0.004667998111	0.00522746724	0.004236185518	0.0005444351694	0.005386153628	0.0002982847926	0.0001846377002	0.0002234534091	0.0002202987346	0.004153396752	0.005529439826	0.006218630748	0.006096500108	0.008992954919	0.004273877041	0.01018169006	0.006193843027	0.00744500642	0.005199383451	0.0008979209717	0.006392633881	0.005779838931	0.004485017716	0.007073039927	0.00421823331	0.007109398652	0.005634971918	0.009739873372	0.008507176762	0.003088822738	0.00141536177	0.001941538767	0.002396792377	0.001946937178	0.001307069048	0.0002045786738	0.001724130466	0.002712190294	0.00139669101	0.001849677704	0.002123738027	0.003419008916	0.002374774557	0.002706608768	0.004812429356
Healthy	V32_S8	470697292	0.009156426164	0.003387899245	0.005738116717	0.005207170387	0.004048500028	0.002125629395	0.0004455899865	0.002336856444	0.003577690011	0.001958424269	0.002608130577	0.001947916454	0.002765917761	0.001652208358	0.003111753615	0.002501238099	0.005200089403	0.003514286205	0.005831750143	0.004643368545	0.005310729512	0.003542731238	0.0007359082066	0.004657670731	0.0002593917621	0.0001993106856	0.0002317752871	0.0002800887157	0.002874730794	0.002832508329	0.004669514861	0.003771168924	0.005442385252	0.002627144921	0.005199237475	0.003172862953	0.003921074184	0.002944195821	0.0006190177954	0.003135662824	0.003437228188	0.002661593813	0.002583505409	0.001967370571	0.002727952809	0.002158476408	0.004240833831	0.002743019818	0.002577990187	0.001194236741	0.001688526817	0.001968927835	0.001450692434	0.001034892293	0.0001751784032	0.001297298732	0.001691860169	0.001025427612	0.001407422586	0.001369689206	0.001581938143	0.001295378177	0.00124088668	0.002836610753	0.01035614414	0.003703161309	0.00803411463	0.005229008201	0.007549170264	0.004503255141	0.001477189293	0.005154684425	0.006670913671	0.00496423931	0.007612890622	0.004470240292	0.004802993428	0.004034809701	0.007095252207	0.006296229127	0.01196268408	0.009198240724	0.01655288469	0.0102395809	0.01928827965	0.00750070812	0.003511229038	0.01070982792	0.0007365604304	0.0005631623647	0.0006692985181	0.0005502092415	0.007364977575	0.009106306904	0.0173286869	0.009696860546	0.001249012922	0.0006511552227	0.002454673141	0.001035191849	0.001052202782	0.001686907942	0.0003642914521	0.001140459079	0.0008332319023	0.001198674838	0.001409330394	0.0007623668249	0.001006064849	0.00110168469	0.002607637692	0.00122420717	0.004527026257	0.002382174317	0.00310467688	0.003050121648	0.004488041542	0.002797294615	0.0007185934692	0.003352073672	0.005665541411	0.003494283965	0.004889031739	0.004125046039	0.003891785721	0.003279024601	0.004366339121	0.006380992734	0.007390607635	0.003016754131	0.005832155924	0.004427607797	0.004313081963	0.002661309129	0.0007030399487	0.002887469342	0.003986700225	0.002146872347	0.003759957897	0.002251141058	0.002420806364	0.002252619716	0.003751449244	0.002919615267	0.005826213676	0.004256808004	0.008035009048	0.00478960903	0.009258916663	0.005009234258	0.001658078373	0.009092395628	0.0002954765246	0.0002916566599	0.0003178454657	0.0002804158899	0.004591849235	0.004167725273	0.009186470952	0.005251498239	0.007980961573	0.003519920399	0.0111711775	0.004847784423	0.008026863685	0.005128797299	0.002252054596	0.007962584582	0.006184244204	0.003562623003	0.004077476188	0.002989039928	0.004224451752	0.003929873894	0.008927499842	0.004818287758	0.002125310719	0.0009512100613	0.001752557353	0.001725263803	0.001671862178	0.0010085399	0.0001981783231	0.001786239297	0.00217708497	0.001241649378	0.001761881817	0.001548749084	0.002027364542	0.001695809629	0.001959352679	0.003699649498	0.009958124	0.003551637174	0.005556339593	0.006332095065	0.006798284278	0.003279007605	0.000674822238	0.004833970874	0.004452358311	0.002660023801	0.003448339363	0.003036046785	0.006203475248	0.003798152295	0.005913853866	0.007379428476	0.004640891369	0.004300143711	0.005286580234	0.004750524462	0.005307075359	0.004266289682	0.0005587667583	0.005433336974	0.0003033265804	0.0001812226275	0.0002175389613	0.0002147749769	0.004210251543	0.005574572118	0.006304270389	0.006011028846	0.009127734689	0.004378412698	0.01058797041	0.00631515849	0.007660919366	0.005279643716	0.0009460963714	0.006490929631	0.005853872641	0.004553489124	0.007177090367	0.004222879617	0.007316628029	0.005822321578	0.01015780647	0.008610595533	0.003013167962	0.001366421713	0.001917366034	0.002327379015	0.001870129731	0.001243975714	0.0002048407791	0.001612303731	0.002700869586	0.001353853126	0.001804361347	0.00204301579	0.003358532175	0.002279173937	0.002650705711	0.004585123043
Healthy	V32_S9	441184519	0.009947409329	0.003699919035	0.005960075403	0.005933689618	0.004391740681	0.002204150323	0.0004652611122	0.002697723852	0.00376546304	0.001975846754	0.002615112159	0.002085721417	0.003214056566	0.001910824074	0.003319472776	0.003225070098	0.005745473585	0.003644062588	0.005792959385	0.005202136297	0.005497640773	0.003499630956	0.0007820333333	0.004985013991	0.0002547482859	0.0001998120881	0.0002213042294	0.00029307692	0.003176403386	0.003139937918	0.004898632901	0.004762880177	0.005835077817	0.002643050583	0.005093632943	0.003456120816	0.00390452277	0.002829115588	0.0005524128556	0.003250311238	0.003410758844	0.002508870897	0.002502918739	0.001993195505	0.002930127745	0.002303868237	0.004102816219	0.00336786296	0.002953779981	0.001357858162	0.00180874207	0.00239796492	0.001609167977	0.001128863273	0.0001917225024	0.001633262204	0.001816373797	0.001110827735	0.001433606513	0.001565496907	0.001882409659	0.001582013806	0.001408601103	0.003760063938	0.01065727105	0.003696956556	0.007453971883	0.005518937984	0.00740900657	0.004104071929	0.001278988667	0.005048633631	0.006545651254	0.004500747226	0.006724460792	0.004386715573	0.005063196698	0.004086321986	0.006678056172	0.00698126264	0.01158280216	0.008417394174	0.01443027288	0.009955426382	0.01713853427	0.006672799868	0.002768077635	0.009929430457	0.0006348092191	0.0004942467168	0.0005665497977	0.0005120533252	0.007286420673	0.008465686893	0.01500988977	0.009890743696	0.001147565198	0.0005740001951	0.001937688117	0.0009436210521	0.0009021032762	0.001318631944	0.0002727067583	0.0009444438371	0.0007395091758	0.0009533358082	0.001171369297	0.0006549821844	0.0009805126458	0.0009651539926	0.002203801263	0.001217753518	0.004608133134	0.002313059403	0.003047944663	0.003275429979	0.004377803202	0.002740173211	0.000632075669	0.003528136036	0.00540130013	0.003249062327	0.004455430586	0.004103614071	0.004102460359	0.003453317001	0.004176640205	0.007041083416	0.00793743853	0.00309981185	0.005720633638	0.004844678152	0.004346523773	0.002491995872	0.0006275242854	0.003065701406	0.003974881086	0.002113605441	0.003558649346	0.002242882416	0.002695477626	0.002315001901	0.003682926145	0.003543292959	0.005856558625	0.003991570248	0.007216114489	0.004947660006	0.008550612811	0.004519521683	0.001350070037	0.008432224704	0.0002734026123	0.0002510899527	0.0002823671154	0.0002638873192	0.004666351405	0.004054423768	0.008369396117	0.005774447856	0.007973380408	0.003344795514	0.00981686531	0.004817777842	0.007347882485	0.00445138466	0.001794011272	0.007351538552	0.005742087247	0.003241247003	0.003799349088	0.002903469965	0.004401149443	0.003783707107	0.007969581544	0.005268287757	0.002305856067	0.00104768182	0.00177491042	0.00200295106	0.001734831951	0.00103731201	0.0001874544469	0.002020782601	0.002208506777	0.001237804085	0.001733694105	0.001673961728	0.002273425192	0.00189096617	0.002060997068	0.004537298826	0.0108482093	0.003782480863	0.005651111706	0.006950291472	0.007002874913	0.003278605522	0.0006498165454	0.004846906244	0.004647035224	0.002661573445	0.003438758467	0.003181049968	0.006833530802	0.00406599489	0.006102485205	0.008250171625	0.004941905044	0.004171077907	0.005126612342	0.004999255198	0.005278952229	0.003961270001	0.0004997659494	0.005273861389	0.00028942312	0.0001705771548	0.0002043793382	0.0002157963299	0.004463860166	0.005480366821	0.006215426612	0.006469195715	0.009368288827	0.004316806048	0.009860359583	0.006468091869	0.00730814401	0.004797090353	0.0008106222784	0.0062562712	0.005722442405	0.004209866666	0.006576341361	0.004143452277	0.007759041518	0.005884825709	0.009958416061	0.009365548477	0.003532891416	0.001583604977	0.002083107998	0.002793828765	0.002119965592	0.001374103065	0.0002108528201	0.001893570522	0.002887923182	0.001463988359	0.001879791707	0.002337498157	0.00392496773	0.002694498444	0.002965888293	0.005544684581
Healthy	V34_S1	641898993	0.0100422513	0.00361185019	0.006015851469	0.005723254032	0.004412903013	0.002202893314	0.0004695676474	0.002544123013	0.003856521084	0.002006530644	0.002697902659	0.00204881144	0.003225113332	0.001813336697	0.003364208425	0.002898435767	0.005707535048	0.003664708974	0.005974827881	0.005048802125	0.00558324135	0.003569365313	0.0007726542733	0.004837290655	0.0002685952181	0.0002022078262	0.0002310067497	0.0002924681329	0.003169944216	0.002999217978	0.004881760268	0.004189215171	0.005830157144	0.002701157065	0.005258958242	0.003361689337	0.004062274639	0.002973675019	0.0006017442062	0.003247088752	0.003557640727	0.002669069462	0.002614038997	0.002018051148	0.002943137504	0.002250569039	0.00431232021	0.003023293417	0.003003935231	0.00137436888	0.001860386156	0.00236527556	0.001671300332	0.001148166624	0.0001977413914	0.001530078736	0.00189685451	0.00113876016	0.001528869823	0.001557665631	0.001913505105	0.001489421249	0.001411279672	0.003400968102	0.01025941475	0.003580881143	0.007392617922	0.005198308513	0.007168034302	0.004125706737	0.001317894263	0.004886731455	0.006321708001	0.004488126686	0.006807544563	0.004192045835	0.004823819688	0.003887162976	0.006589236073	0.00634494686	0.01128366001	0.008351053762	0.01464810991	0.009584250898	0.01727102102	0.006684448872	0.002985600571	0.009675579909	0.0006438598666	0.0005009682263	0.0005802875594	0.000491815696	0.006982028401	0.008292525862	0.01523862649	0.009172402612	0.001171410157	0.0005932023638	0.002128183741	0.0009551954539	0.0009293689607	0.001421843639	0.0003064329468	0.000988552727	0.0007494637088	0.001031277518	0.001218891147	0.0006654738591	0.0009359868243	0.0009691789624	0.002251271642	0.001132805952	0.004454356575	0.002287794522	0.002936907552	0.003053291906	0.004290766974	0.002643813152	0.0006610557185	0.003280140681	0.005313887445	0.003224311025	0.004398625065	0.003867567993	0.003878920246	0.003154973013	0.004054131613	0.00628387183	0.008001763605	0.003139819539	0.005950295984	0.00476636205	0.004595036029	0.002634130943	0.0006898219265	0.003035500945	0.004201662613	0.00218498707	0.003802509471	0.002316440774	0.00278347687	0.002381549148	0.003923606405	0.003274038475	0.006021858645	0.004185230121	0.007803536155	0.004925441595	0.009167124523	0.004741375252	0.001535517287	0.008745257527	0.0002871308446	0.0002749217586	0.0003065279774	0.0002744980159	0.004765967907	0.004120822791	0.008970101313	0.005450882519	0.008057389179	0.003428280811	0.01056693354	0.004815379107	0.008062860444	0.00484001694	0.002121927305	0.007706385356	0.006107102586	0.003445403442	0.0039920315	0.002938775447	0.004524537399	0.003863645257	0.008865614469	0.004969202374	0.002357124745	0.001059601288	0.001836335643	0.001958130506	0.001838301684	0.001062254354	0.0002027577569	0.001969898713	0.002331628521	0.001310581586	0.001852568726	0.001712017018	0.002328163802	0.001846759401	0.002119955032	0.004165745747	0.01082802291	0.003712894125	0.005660565042	0.006807466669	0.007072022311	0.003295456175	0.0006770535625	0.004948403152	0.004598964996	0.002653010861	0.003426194813	0.003110188708	0.006907393606	0.004009778841	0.006151808997	0.008080744878	0.004893185741	0.004243284426	0.005210564336	0.004913893049	0.005330718754	0.004081109378	0.000533593297	0.005326316192	0.0002969096417	0.0001747954136	0.0002113229674	0.0002140772949	0.004460407371	0.005521599253	0.006250053425	0.006226559075	0.009433122759	0.004343585253	0.01024771042	0.006404814534	0.007534328691	0.004998136833	0.0008858060321	0.006352458945	0.005770138356	0.004337662203	0.006780781786	0.004155113233	0.007482393729	0.005689055505	0.009914293478	0.008763439515	0.003390000645	0.001506504934	0.002028132174	0.002621147592	0.002036382693	0.001313033685	0.0002075965245	0.001754621852	0.002859755226	0.001425884773	0.001863639004	0.002158567026	0.003759275254	0.002472610204	0.002795111099	0.005128819387
Healthy	V34_S2	449727929	0.01058024128	0.003758038785	0.006280310423	0.006207626478	0.004490541658	0.002122111922	0.0004621282927	0.002669509547	0.004067352464	0.002034154299	0.002706885478	0.002151603086	0.003489578696	0.001899097087	0.003386469689	0.003250523051	0.005826371526	0.003586099275	0.005683098236	0.005220080517	0.005452425437	0.0033234338	0.0007636038988	0.004763179829	0.0002748283841	0.0002086417008	0.0002356513642	0.0003082619314	0.003256938041	0.003051951884	0.004777352843	0.004641214978	0.006431688613	0.00276196767	0.005428348658	0.003642302144	0.004012321414	0.002778130775	0.000550970896	0.003216073334	0.003736605827	0.002657097598	0.002625220548	0.002092311683	0.003046143928	0.002266090083	0.004104365953	0.00333903879	0.003385822631	0.001544613877	0.002055585034	0.002833057317	0.001754747591	0.001152398965	0.0002099736172	0.001695518448	0.002036280028	0.001234911074	0.001595486857	0.001715784034	0.002089387693	0.001636740688	0.00148220948	0.003864861148	0.01084387178	0.003635884931	0.007394379547	0.005514654172	0.007104584336	0.003765861293	0.001209068783	0.004685690757	0.006680774767	0.004360229538	0.00663117589	0.004275015795	0.005100546024	0.003870995968	0.006325106396	0.006741876153	0.01103442477	0.007784813382	0.01329226097	0.009409342243	0.01559464411	0.005982890602	0.00248854458	0.009028996729	0.0006396489554	0.000480319291	0.0005713921316	0.0004970338411	0.00684285943	0.007700257815	0.01337871991	0.009158492801	0.001112830598	0.0005330200429	0.001815486536	0.0008980184995	0.0008122377474	0.001164219445	0.0002495175255	0.0008437234504	0.0006927855263	0.000864678342	0.001076751006	0.0005917466602	0.0008942073064	0.0008467052532	0.001950968449	0.001070258192	0.004821070385	0.002388094959	0.003202131571	0.003450897531	0.004339926151	0.00260840149	0.0006311015654	0.003413092452	0.005519899566	0.003303212685	0.004593528369	0.00405673938	0.004140590077	0.003283574145	0.004018071557	0.00672491034	0.008290339024	0.003126966126	0.00589767686	0.004961486392	0.004440878298	0.00238296519	0.0006129283556	0.003015425355	0.004194046841	0.002156626123	0.003667455129	0.002273403394	0.002900366902	0.002271150921	0.003698340469	0.003534283502	0.00579351833	0.003843701688	0.00701275326	0.00482861717	0.0082590023	0.004184445481	0.001283153575	0.007884976163	0.0002795156625	0.0002491395192	0.0002944958306	0.0002673216232	0.004564228432	0.003804395702	0.007910520496	0.005512148213	0.007999154084	0.003262641489	0.009654152478	0.004717423276	0.007314213301	0.004178150564	0.001757358058	0.006961626793	0.005714285981	0.003152728369	0.003705217961	0.002776983415	0.00442354782	0.003545999475	0.007630313304	0.004929089027	0.002484693362	0.00111475843	0.001905725539	0.002149726396	0.001820487337	0.001025244309	0.0001908464973	0.00202740355	0.002358090151	0.001307185883	0.001857447461	0.001760991366	0.002415531547	0.001865063177	0.002087446519	0.004441440861	0.01208144002	0.003968379291	0.006133655088	0.007499160676	0.007255313245	0.00325667566	0.0006707188514	0.004899866915	0.005105353375	0.002791647836	0.003679113289	0.00337389542	0.007554387399	0.004190175612	0.006329417891	0.008648379941	0.005169223102	0.004105121966	0.005222415262	0.005109033377	0.005204844638	0.003759003813	0.0004919218615	0.005111243603	0.0003366324176	0.0001840779606	0.0002445189478	0.0002407611203	0.00455134731	0.005298883717	0.005990770922	0.006348802945	0.01016818993	0.004437055987	0.01030139269	0.006784524161	0.00731763537	0.004665885449	0.0008075326805	0.006162058928	0.006161449671	0.004278086541	0.006835810724	0.00429173924	0.007654914845	0.005600568338	0.00954121086	0.0089062603	0.004232083171	0.001799668083	0.002505899517	0.003272482995	0.00236325772	0.001453165254	0.0002408900871	0.002066747338	0.003283262846	0.001643289092	0.002254389676	0.002505979565	0.004274982442	0.002751639203	0.003091978306	0.005766428618
Healthy	V34_S3	544061360	0.009930299038	0.003770306349	0.005934398649	0.006032111893	0.004597534734	0.002277864394	0.0004674711691	0.00274792902	0.003776860757	0.001984358897	0.00257839851	0.002053189368	0.003468713529	0.00193993376	0.003479883225	0.00321428083	0.006042531673	0.003822219611	0.006076073846	0.00551147944	0.005849000194	0.003636635765	0.0007998619862	0.005179562835	0.0002527453889	0.0001903443391	0.0002086878583	0.0002882634415	0.003426056576	0.003225897167	0.005146410324	0.004841225997	0.005640565983	0.002631675589	0.004949680676	0.003400202874	0.004015898133	0.002854797481	0.0005543749698	0.003254178904	0.003271237641	0.002432089645	0.00239139203	0.001890461399	0.00302671559	0.002277524359	0.004177381757	0.003211534817	0.002932511142	0.001362072469	0.001709965214	0.002419368654	0.001657211973	0.001145255013	0.0001879273323	0.001622276576	0.001832763863	0.001086195498	0.001364805617	0.001528320262	0.00205803441	0.001609989359	0.001431741082	0.003770863272	0.01013945192	0.003618637795	0.007091029218	0.005422695337	0.007227769309	0.004067916163	0.001213307999	0.004982097975	0.006005416374	0.004229188414	0.006155886535	0.004070684233	0.005115650926	0.004041194912	0.006580950722	0.006849148412	0.0115503369	0.008463482869	0.01434577159	0.01003486445	0.01740505703	0.006690015626	0.002784998369	0.009985873652	0.0005793776643	0.0004576616138	0.000494927631	0.0004687504365	0.007464306967	0.00849104226	0.01509328102	0.009881072973	0.001122768579	0.0005665372009	0.001919746699	0.0009344791551	0.000876331302	0.001299919553	0.0002649848172	0.0009216295015	0.0006988458067	0.0009436196682	0.001092082702	0.0006223415682	0.000945246323	0.000918506692	0.002114478411	0.001131037867	0.004210469937	0.002174749186	0.00267486557	0.003048650615	0.004042626736	0.002509577229	0.0005672485177	0.003236263645	0.004910111609	0.002954087752	0.003732805064	0.003632228174	0.004015833802	0.003222991245	0.00389595578	0.006620734838	0.008166444682	0.003261905973	0.005890890689	0.005059116861	0.004722573939	0.002644460912	0.0006543103888	0.003213297485	0.004070634606	0.002144515464	0.003523699974	0.002289386991	0.002997013057	0.002443836482	0.003990709798	0.003602448444	0.006198265946	0.004224488576	0.007646067716	0.005209778176	0.009204531636	0.004670028395	0.001413469245	0.008855324701	0.0002734029853	0.0002554197196	0.000274634464	0.0002644811975	0.005032129097	0.004204404444	0.00894306848	0.005920464559	0.008076662529	0.00343568968	0.009977174266	0.004912093004	0.007919013032	0.004619890668	0.001895479216	0.00765451713	0.005872775086	0.0033056878	0.003818699788	0.002902514525	0.004713128313	0.003858623593	0.008494245943	0.005201271783	0.002393465325	0.001108863897	0.001766313638	0.002105617278	0.001862243994	0.00107486038	0.0001903976419	0.00209009697	0.002290826167	0.001270766591	0.001692711646	0.001727420966	0.002522395636	0.001971362201	0.00217907039	0.004611608514	0.01085797381	0.003859844044	0.005549916282	0.007070858699	0.007231601597	0.003369750427	0.000651235368	0.005000237473	0.004495893625	0.002601193733	0.003256685974	0.003087383379	0.007361831393	0.004224131999	0.006327766045	0.008544890966	0.004922389636	0.004231631153	0.005016632683	0.005105348779	0.005366203547	0.004015377971	0.0004869873501	0.005379384046	0.0002699566828	0.0001585868917	0.0001746108196	0.0002034072039	0.004683694133	0.005649199201	0.006262392904	0.006615408233	0.009141277741	0.004292782344	0.009597016778	0.006424793703	0.00737235778	0.00483246228	0.0008039644646	0.006263550861	0.005396233248	0.004082361225	0.006170730448	0.003904425413	0.007538272889	0.005670130663	0.009691057641	0.008844232202	0.0031656558	0.001449393502	0.001736794909	0.002553210175	0.001898096568	0.001263998972	0.0001836520792	0.001693715209	0.002664519311	0.001345260027	0.001562237392	0.002070735183	0.0038203099	0.002534436557	0.002672176535	0.005273912487
Healthy	V34_S4	438403157	0.009991782518	0.003673399642	0.00594702378	0.006012837631	0.004498758662	0.002224370387	0.0004818167858	0.002777327171	0.003846876951	0.001968443854	0.002608890884	0.002069855076	0.003460267053	0.001966728538	0.00340989789	0.003387895311	0.005793840577	0.003671189348	0.005784896754	0.005468966091	0.005708179697	0.003609581671	0.0008740379577	0.005295479658	0.0002583558038	0.0001937052657	0.0002199710437	0.0002960060801	0.003454874756	0.003366941995	0.005205452934	0.005276088831	0.005969902265	0.002671823825	0.005164800855	0.003551213022	0.004037705869	0.002886190439	0.0005858215113	0.003392799473	0.003483925642	0.002545999002	0.002513125151	0.001988279478	0.003073317285	0.002361187376	0.004207909935	0.003524219603	0.003103203018	0.001433253821	0.001859439165	0.002653349962	0.001728769485	0.001204215781	0.000213832858	0.001819341369	0.001901587584	0.001146517747	0.00146966095	0.001611769871	0.002088953935	0.001719403677	0.001477763081	0.004074694654	0.01023096419	0.003554682431	0.007147491869	0.005326597135	0.007068315888	0.003939686502	0.00123703945	0.004862811697	0.006325168867	0.004283224174	0.006420802303	0.004134495774	0.005025052774	0.004004448809	0.006416128523	0.006842874993	0.0109980093	0.007977565727	0.01363406012	0.009521192841	0.01638034965	0.006398124546	0.002678644032	0.009612474118	0.0006051051316	0.0004624396443	0.0005343323748	0.000476876128	0.007076997395	0.00824095571	0.01425605838	0.009657635746	0.001099127578	0.0005474618423	0.001862564142	0.0009077626236	0.000846214253	0.00124500244	0.0002598453003	0.0009006892256	0.0007001204145	0.0009139076524	0.001094624873	0.0006162410003	0.0009118205324	0.0008965856968	0.002048215177	0.001105776709	0.004501400066	0.002289791905	0.002941833286	0.003262544936	0.004306114064	0.002674136765	0.0006335515508	0.003524634746	0.005253972202	0.003157479543	0.00425084302	0.003881468399	0.004068784569	0.003366330685	0.00400029966	0.006791055111	0.008007613412	0.003141510224	0.005763316162	0.004948600313	0.004615192586	0.00256802439	0.0006675020363	0.003242013606	0.004084619309	0.002136912075	0.003561694242	0.002268088138	0.002962444452	0.002467589438	0.003865761396	0.003771551308	0.005857811375	0.003958523045	0.007235830649	0.004989432592	0.008738171564	0.004535964142	0.00141217505	0.008607937556	0.0002735039611	0.0002475392758	0.0002804154077	0.0002611774075	0.004833446033	0.004161318118	0.008589942704	0.006055816336	0.007895435844	0.003304481222	0.009777958784	0.004802809848	0.00769917129	0.004505499033	0.001920093381	0.007579810836	0.005766114955	0.003232586211	0.003756270852	0.002840365039	0.004568660075	0.003784288442	0.008231754134	0.005229068184	0.002377555871	0.001090498534	0.00180999609	0.002140338145	0.0018726325	0.001100468809	0.0002065176734	0.002220593042	0.002295964306	0.001282399524	0.001769006422	0.001739478806	0.00245833768	0.00198985109	0.002140563965	0.004736624194	0.01107413102	0.003770381152	0.005667039483	0.007050277697	0.007090336715	0.003278710422	0.0006492904886	0.004893712478	0.004669996024	0.00262419415	0.003393310418	0.003153068079	0.007299979366	0.004153820453	0.006199248241	0.008496932425	0.004931992312	0.004099350042	0.005047532082	0.005008697964	0.005287578255	0.003945505347	0.000496483651	0.005320468073	0.0002944983355	0.0001670334687	0.0002039903193	0.0002149938897	0.004622334414	0.00561823737	0.006174248421	0.006579104083	0.009369462638	0.004243226743	0.009784731089	0.006440179444	0.007251202345	0.00474160591	0.0008130370284	0.00621067836	0.005658373943	0.004094304458	0.006434073193	0.004049099491	0.007473584411	0.005617612375	0.009570366757	0.008806679282	0.003600562575	0.001573042961	0.002082275151	0.002852071159	0.002136663446	0.001361719209	0.0002117867961	0.001907399586	0.002913995895	0.001439134253	0.001874062691	0.002231471157	0.004017760757	0.002681426858	0.002863179655	0.005523596172
Healthy	V34_S5	428646505	0.009995695637	0.003554994575	0.006018357714	0.00579976734	0.004312686511	0.002117318092	0.0004706185578	0.002605951494	0.003902035781	0.001983501534	0.002672999748	0.002081374722	0.003228128502	0.001820504754	0.003245035207	0.003115807511	0.005481246138	0.003511863464	0.005597624084	0.005054626539	0.005357626793	0.003417345022	0.0008168292425	0.004864360203	0.0002681790208	0.0002118085624	0.0002386465276	0.0003064529827	0.003134144299	0.003059276081	0.004797797197	0.004642956321	0.006210618701	0.00273056933	0.005491886607	0.003561988683	0.003996358258	0.002883247584	0.0005987217836	0.003287097838	0.003740921672	0.002736945213	0.00271521402	0.002124678469	0.002955547252	0.002264259684	0.00418000842	0.003329988658	0.003161845447	0.001468193471	0.001981770503	0.002674317851	0.001708293411	0.001188174858	0.000216497741	0.001726557878	0.001941394576	0.001212672899	0.001586582398	0.00166466772	0.001953318154	0.001590403729	0.001418532504	0.003761190121	0.01037651759	0.003552339707	0.007377552279	0.005250419574	0.0070516707	0.003936961996	0.001294957485	0.004759145301	0.006637543913	0.004510978108	0.006929154829	0.004294608678	0.004822491204	0.003857997162	0.006348037295	0.006513446319	0.01066187627	0.007857628514	0.01367839684	0.009211576331	0.01588979479	0.006325263284	0.002723059646	0.009368087581	0.0006581833672	0.0005189357604	0.0006115038778	0.0005188634397	0.00665986067	0.008005202329	0.01394750203	0.009182393777	0.001133248479	0.0005607371043	0.00196557534	0.0009165081143	0.0008728567611	0.001307121354	0.0002853796743	0.0009264417075	0.0007394624622	0.0009659101268	0.001206413662	0.0006566832966	0.0008946439444	0.0009095956585	0.002096412754	0.001100685517	0.004701375088	0.002384547612	0.003182951416	0.003341196028	0.004447695194	0.002794937054	0.0006970382273	0.00356971533	0.005553982063	0.003442575602	0.004806557329	0.00414619501	0.003967241025	0.003336278223	0.004072605234	0.006676347449	0.007912650542	0.00304506857	0.005796522242	0.004723687179	0.004429188102	0.002474764142	0.0006633018039	0.00304876159	0.004178783634	0.002154434923	0.003724061625	0.002275380736	0.002748665827	0.002297646169	0.003694218853	0.003441836065	0.005620066819	0.003860964643	0.007172355225	0.004730639294	0.008421120802	0.004444697385	0.001415294404	0.008308421878	0.0002848617651	0.0002683469914	0.0003068939055	0.0002753737605	0.00448453674	0.003943858122	0.008227201106	0.005575195347	0.007941765441	0.003292750515	0.01010780666	0.004705686332	0.007630187023	0.004501000189	0.001994190994	0.007427677499	0.005946515299	0.003333355068	0.003927415669	0.002914525105	0.004355805957	0.003661564906	0.008193114744	0.005024011569	0.002356813804	0.001065600663	0.001878487263	0.002039440401	0.00180189968	0.001065411696	0.0002065361527	0.002067818096	0.00233166021	0.001332498908	0.00190162521	0.001761208808	0.002272585892	0.001839018844	0.002043345717	0.004349868664	0.0114368925	0.003790563975	0.005952160977	0.007152539363	0.00705199731	0.003265371311	0.000671471706	0.004910738745	0.004950526775	0.002745947969	0.003678289643	0.003303747922	0.00711956114	0.004057471552	0.00615257087	0.008418293297	0.004979870301	0.004150804869	0.005284090675	0.004996753677	0.0052139233	0.003970056865	0.0005264757729	0.005285938351	0.0003290030325	0.000193149831	0.0002550516538	0.0002418006418	0.004447730187	0.00553597655	0.00613778246	0.006431835948	0.009918447836	0.00440305468	0.01049836625	0.006636435774	0.007386594695	0.004903133411	0.0008658113286	0.006285496251	0.006173513534	0.004438272511	0.007190008466	0.004424967842	0.007451004412	0.005632762595	0.009748181663	0.008902960728	0.003981761148	0.001732464843	0.002454966943	0.003119495865	0.002348510925	0.001482545623	0.0002405152003	0.002093072006	0.003194032808	0.001609953638	0.002259995098	0.00246191206	0.004063145225	0.002738034689	0.003057626703	0.005705682821
Healthy	V34_S6	453428767	0.009968401498	0.003757533981	0.006034603887	0.00604155316	0.004589684536	0.002244612768	0.0004614396245	0.002728397689	0.003837189271	0.00196442984	0.002598233914	0.002062537863	0.003524719022	0.001930012085	0.003462352004	0.003214910712	0.0060424243	0.003783637309	0.006055520072	0.005514374433	0.005801954334	0.003591424097	0.0007867608453	0.005133959663	0.0002532018442	0.0001854028816	0.0002113341874	0.0002894897932	0.003435280497	0.003246415109	0.005106687463	0.004815539196	0.005855045364	0.002664239872	0.005109651545	0.003470633349	0.004038060955	0.002846045716	0.0005482228259	0.003287883585	0.003378654182	0.002464490745	0.002460684194	0.001935159531	0.003097681714	0.002313637943	0.004246439882	0.003271170927	0.00301558282	0.001372222155	0.001759848642	0.002497139755	0.001639798915	0.001115339469	0.000181137603	0.001627479449	0.001841738021	0.001075655176	0.001359124177	0.001531433492	0.002080485555	0.001589226473	0.001428515452	0.003821458024	0.01008604732	0.003520345678	0.007005563456	0.005323824106	0.007024660171	0.003920490117	0.001172539192	0.004826685379	0.00600407649	0.004101879138	0.006108350863	0.004009787495	0.005092334603	0.003929730819	0.006434754944	0.006686408584	0.01132213122	0.008177346189	0.01394238183	0.009753684199	0.01690032384	0.006453822988	0.002658016182	0.009808958592	0.0005744452469	0.0004380180845	0.0004920574437	0.0004637641352	0.007335368292	0.008276810545	0.01456569031	0.00977610889	0.00108939493	0.0005406251606	0.001849110734	0.0009021725787	0.0008482853934	0.001237671804	0.0002549772057	0.0009133231725	0.0006816814955	0.0009163666495	0.001079236775	0.0006190476221	0.000927916424	0.0008937986063	0.002081290533	0.001105337898	0.004295902999	0.002165008203	0.002718731342	0.003080027342	0.003994020962	0.002428123401	0.0005654714007	0.003223919845	0.004962009832	0.002906974802	0.003779058862	0.003620471658	0.004042690128	0.003210592503	0.003848827262	0.006621298026	0.008167296099	0.003236164326	0.005938568957	0.005010615041	0.004695707805	0.002607062203	0.000651515787	0.003188831643	0.004097594011	0.002130537518	0.003539581334	0.002292207896	0.003022501217	0.002414826936	0.003959402514	0.00358693166	0.006143560362	0.004138153855	0.007593871961	0.00517682858	0.009054846756	0.004596871993	0.00138725208	0.008738603036	0.0002728807897	0.0002468325968	0.0002733086408	0.0002638848893	0.00504787999	0.004179525292	0.008852519496	0.005910767457	0.008139948915	0.00340375184	0.0100436658	0.004886858006	0.007947667334	0.004573675406	0.001876815196	0.007667568211	0.00590973091	0.003279798522	0.003810856579	0.002890864223	0.004752671548	0.003839908552	0.008547355797	0.005216049735	0.002407597575	0.001094412256	0.001796348312	0.002122139286	0.001845169652	0.001049139434	0.0001923940569	0.002094964125	0.002305091948	0.001259295928	0.00170592617	0.001726068254	0.002550482202	0.001969711816	0.002172186839	0.004662745626	0.01116194068	0.003889239343	0.00572684	0.007201521469	0.007341894124	0.00336880258	0.0006547268758	0.005036592661	0.004630299515	0.002611437752	0.003335485329	0.003172445387	0.007638542704	0.004307077852	0.006460414983	0.008760425648	0.005005831489	0.004213343173	0.005073943621	0.005144788266	0.005363345198	0.003980131239	0.000483919451	0.005428577054	0.0002662645354	0.0001597119664	0.000182335145	0.0002108644333	0.004822658285	0.005777046343	0.006344846665	0.006803816221	0.009381010447	0.004289487438	0.009749610792	0.006491202619	0.007382065814	0.004795132462	0.0007980305317	0.00629085803	0.005491530713	0.004075625841	0.006232096871	0.003999305143	0.007717582683	0.005734393557	0.009810281843	0.009038400954	0.00332396643	0.001459973535	0.001821578294	0.002651496966	0.001937510506	0.001236866826	0.0001751741525	0.001730364408	0.002754417211	0.001341943971	0.001615462126	0.002109398586	0.003978794755	0.002575513697	0.00270075939	0.005405583365
Healthy	V34_S7	482846562	0.009302151767	0.003466134237	0.005833118058	0.005390830555	0.004287150749	0.002187966288	0.0004746083291	0.002502173765	0.003707651956	0.001967053459	0.002642941051	0.001989944789	0.0030407403	0.001768315376	0.003272741538	0.002771803934	0.005513542416	0.003660960104	0.00596702188	0.005065414549	0.005587773037	0.003640777709	0.0008441418705	0.004996390551	0.0002690999796	0.0002046633605	0.0002373072711	0.000298382574	0.00315724522	0.003097729419	0.005005424477	0.004326558713	0.00570653126	0.002701315703	0.005341612021	0.003346483391	0.004057883299	0.003005946639	0.0006319440253	0.00332067602	0.003559387464	0.002705685621	0.002646834627	0.002023286644	0.002902907694	0.002267273056	0.004397587489	0.003035666225	0.00286019019	0.001340960154	0.001840481159	0.002323738198	0.00163483612	0.001157386309	0.0002032881825	0.001565613301	0.001844316746	0.001125630879	0.001513215704	0.001528897704	0.001848282809	0.00149723133	0.001391350903	0.003345439581	0.009927480855	0.003540443558	0.007459326178	0.005064225765	0.007160637089	0.004180692499	0.001370161977	0.004913084584	0.006370825107	0.004564207708	0.007019200853	0.004224961221	0.004733816454	0.003917174003	0.006673923465	0.006229190051	0.01118710875	0.008479969254	0.01497125913	0.009649044576	0.01749745295	0.006851779137	0.003124566102	0.00994817687	0.0006792924001	0.0005254070754	0.0006186955101	0.0005225096746	0.006969595033	0.008561380209	0.01562792115	0.009356846161	0.001166047445	0.0005997909539	0.002217526403	0.0009674605491	0.0009430532095	0.001456089895	0.0003259047747	0.001019653113	0.0007687597453	0.001094409781	0.001280522735	0.0007177311123	0.0009349388305	0.0009915261652	0.002366209247	0.001130081568	0.004459555415	0.002305688986	0.002998789085	0.003059477102	0.004364568718	0.00273298829	0.0007131416626	0.00340264616	0.005461304289	0.003332748178	0.004609789476	0.004001329101	0.003852269326	0.003230525228	0.004178482687	0.006311918195	0.007559442869	0.003104706791	0.005903788541	0.00460504884	0.004573034529	0.002679014622	0.0007210178707	0.003047829509	0.004140899319	0.00219604753	0.003785703666	0.002313761944	0.002703958364	0.002402680461	0.003963070571	0.003224846406	0.005867762604	0.004172389655	0.007872136408	0.004879833855	0.009189567347	0.004811491233	0.001613404881	0.008881338996	0.000293579806	0.0002869213761	0.0003154749603	0.0002839929095	0.00474653478	0.00419546945	0.009168005632	0.005538894155	0.007912600608	0.003443035802	0.0108017793	0.004791669201	0.008177189838	0.004950042494	0.002266825708	0.007956595951	0.006176980918	0.003528064885	0.004043789795	0.002972985857	0.00449122386	0.003919205704	0.009208217164	0.004963860548	0.002273134131	0.001034392785	0.001835752949	0.001916221576	0.001818940154	0.001072711376	0.0002154307562	0.002003232654	0.002337740576	0.001321454993	0.001863028694	0.001721435059	0.002276010821	0.001854611942	0.002117407641	0.004137264624	0.01020221202	0.003586551373	0.005566341798	0.00646198243	0.006912318038	0.003257751269	0.0006738455352	0.004863267516	0.004506897576	0.002627389527	0.003432562496	0.003059338341	0.006624371491	0.003915523375	0.006077442051	0.007733467097	0.004731610784	0.004244087379	0.005228963399	0.004832448201	0.005293613336	0.004144476025	0.0005467720406	0.005395767942	0.0002998923704	0.000181146573	0.0002202894426	0.0002204199188	0.004374408283	0.005638122365	0.00633820812	0.006217304287	0.009200862861	0.00430417272	0.0104075609	0.006310632072	0.007499372026	0.005049200288	0.0009153632536	0.006340533911	0.005774842816	0.004418861328	0.006918479415	0.004219986555	0.007395204359	0.005726032279	0.01017460284	0.008649691908	0.003275682431	0.001454915609	0.002040099438	0.002540587625	0.001987428462	0.001302169363	0.0002130324788	0.001744148279	0.002847041085	0.001410448067	0.001889347614	0.002151495075	0.003637809893	0.002452159947	0.002798868432	0.005031163502
Healthy	V34_S8	537486591	0.00974566266	0.003567382019	0.005945837633	0.005704540451	0.00431922031	0.002173064444	0.0004828473944	0.002631007031	0.003861698198	0.002051398153	0.002728905287	0.002103976209	0.003118829433	0.001851060132	0.003243770225	0.00313292839	0.005601616953	0.003618183286	0.005787707176	0.005156950976	0.005505739212	0.003548092235	0.0008545255039	0.005042237416	0.000279707443	0.0002344505	0.000252119778	0.0003213568541	0.003158625775	0.00315086	0.004937057118	0.004725276951	0.006057602282	0.002766476457	0.005451802983	0.003530493657	0.004039356584	0.002982900461	0.0006152804657	0.003405450537	0.003752363378	0.002800503352	0.00274218934	0.002127245626	0.002914368519	0.002319181577	0.004216382395	0.003349406348	0.003134571221	0.001489588789	0.001978131209	0.002638560708	0.001744289096	0.001240531413	0.0002254307401	0.001797998343	0.001979115419	0.001265880882	0.001634340307	0.001722748094	0.001960649843	0.001649670922	0.001475255408	0.003887535122	0.01011691285	0.003539238061	0.00732892516	0.005115003883	0.006979117364	0.004003379872	0.001314544422	0.004788592019	0.006523777632	0.004564035719	0.00696877292	0.004240983939	0.004643937248	0.003854555694	0.006338295796	0.00641461956	0.01077854052	0.007989767693	0.0140337287	0.009290079201	0.01625115891	0.006443007245	0.00282904546	0.009469307859	0.0006666659336	0.0005365733859	0.0006245923259	0.0005300225248	0.006640876367	0.00816117662	0.01442719154	0.00921213121	0.001100291635	0.0005545868585	0.001960992177	0.0008979610061	0.0008601405277	0.00129766214	0.0002890788396	0.0009229253498	0.0007351141528	0.0009781881238	0.001204180738	0.000648823628	0.0008696551836	0.0009101566591	0.002101364051	0.001090302549	0.004610501995	0.002369999589	0.003108369637	0.003212932246	0.004395772917	0.002835281895	0.0007043003609	0.003559625546	0.005468882479	0.00346179985	0.004786534293	0.004167940257	0.003842877264	0.003305414553	0.004104042849	0.006627750459	0.007711887272	0.00308706492	0.0058436602	0.004681835867	0.004472924609	0.002546424456	0.0006944787205	0.003084841609	0.004204350467	0.002237447445	0.003867575554	0.002348728361	0.002713355132	0.00238702327	0.003811736022	0.003499769169	0.00574389399	0.003983665892	0.007429145335	0.004836304837	0.008683755238	0.004606222818	0.001487566413	0.008542125658	0.0002957301683	0.0002852536278	0.000326270465	0.0002884574287	0.004607644249	0.004116177105	0.008620282027	0.005700968268	0.007861048202	0.003364880223	0.01026032852	0.004741377818	0.007723128483	0.004650642531	0.002042830497	0.007693847752	0.00601620404	0.0034600919	0.004017028585	0.002954395564	0.004330249422	0.003783255311	0.008445399524	0.005067705959	0.002392063396	0.001104650814	0.001945105269	0.002088805598	0.001866787036	0.001120738657	0.0002181096272	0.002191301178	0.002387200019	0.001403999677	0.002001145736	0.001851912246	0.002324897069	0.001943892215	0.00217821434	0.00466173304	0.01067405977	0.003646358873	0.00567551461	0.006696981953	0.006747085529	0.003140450438	0.0006514841595	0.004685649916	0.004726780244	0.002702022756	0.003558706453	0.003175096883	0.00655952364	0.003869720724	0.005905579885	0.007935489129	0.004824585475	0.004160658214	0.005224881973	0.00483045911	0.005158770556	0.003970753942	0.0005307202166	0.005218647399	0.000327074206	0.0001970858469	0.0002526779315	0.000241633935	0.004255157316	0.00539319873	0.006100059155	0.006209420023	0.009423148567	0.004290069815	0.01029290236	0.006327408082	0.007167438341	0.004808047388	0.0008555506457	0.006105811856	0.006002670679	0.004426361587	0.007047327437	0.004313504818	0.007244738874	0.005610500895	0.009669508202	0.008898194076	0.003857672051	0.001721916445	0.002404631151	0.003026274566	0.002253823668	0.001483940276	0.0002456954317	0.002047297586	0.003128706889	0.001627203385	0.002224451772	0.002507052311	0.003926929593	0.002705265628	0.003156257344	0.005779928378
Healthy	V34_S9	498017591	0.009949781071	0.003446926436	0.006005259762	0.005651794336	0.00413894416	0.002076021046	0.0004741398783	0.002440526242	0.003856747301	0.001975629009	0.002742899096	0.002058748563	0.003076847139	0.001734021078	0.00319445945	0.002864790372	0.005268080982	0.003452476441	0.005624725011	0.004753113229	0.005218094796	0.003396542674	0.0007963895396	0.004607847276	0.0002915901017	0.0002352025352	0.0002757994948	0.0003233640797	0.002974137916	0.002875904438	0.004644082944	0.004077809774	0.006017468166	0.002708637254	0.005565586538	0.003419288858	0.003930449517	0.002939657206	0.0006399633382	0.003211185767	0.00379386398	0.002829817712	0.002844783047	0.002145207357	0.002864155857	0.002212229086	0.004259895711	0.00301822672	0.003164729577	0.001453681583	0.002067459099	0.002582838485	0.001716108056	0.001199511846	0.0002240643745	0.001613021336	0.001981940032	0.001241104754	0.001733858433	0.001687854034	0.001908117338	0.001502609573	0.001434142112	0.0034941075	0.01029069072	0.003538009564	0.007553632779	0.005141968971	0.00704104446	0.004078683237	0.001423058167	0.004750731787	0.006749448334	0.004711614695	0.007420141511	0.004393427139	0.004664654506	0.003808010067	0.00646131795	0.006215728231	0.01073524529	0.008170811782	0.01446427622	0.009251329839	0.0163762629	0.006636629026	0.003159504862	0.00947518137	0.0007556239113	0.0006313210732	0.0007627381178	0.0005863367184	0.006552736407	0.008228618977	0.01474826619	0.00892542368	0.001147561874	0.0005851198939	0.002133358378	0.0009230858675	0.0009257825594	0.001454826121	0.0003529313084	0.0009882703119	0.000783323736	0.001076516191	0.001313833109	0.0007241451035	0.000895265565	0.0009744193956	0.002250460667	0.001096463277	0.004783140281	0.002462204191	0.003316489276	0.003309055804	0.004623997308	0.002953395676	0.0007892572614	0.003612247906	0.005793807392	0.003652356931	0.005294816986	0.004325748807	0.003929849137	0.003336362068	0.004259064415	0.006522048736	0.00769841883	0.002978005249	0.005820653833	0.004594221251	0.004317080438	0.002496785299	0.0006978086844	0.002926149651	0.004198689038	0.002176957239	0.003903892222	0.002289374955	0.002628364989	0.002275608373	0.003720011167	0.00317410274	0.005526626067	0.003916787349	0.007390309231	0.00459230164	0.00859339324	0.004625884791	0.001611336657	0.008420814999	0.0003136475555	0.0003222054861	0.0003740731319	0.000303322619	0.004414860117	0.003958048944	0.00850200691	0.005229134567	0.00786298129	0.003350646704	0.01051611649	0.004690141558	0.007736997788	0.004755803897	0.002245517066	0.007527832486	0.006136423804	0.003505281804	0.004145130689	0.002978611653	0.004276734474	0.003773131781	0.008697885533	0.004806697681	0.002326544325	0.001034403221	0.001938566062	0.00195156761	0.001798117207	0.001071187062	0.0002203918134	0.001964701685	0.002362547069	0.001368401463	0.002031436275	0.001782607715	0.002190326245	0.001768618249	0.002053405379	0.004025010434	0.01092490526	0.003591670319	0.005758340773	0.006817116627	0.006719746572	0.003134820995	0.0006932666762	0.004754530849	0.004780319095	0.002681511706	0.003627333718	0.003178733098	0.00668665738	0.003848807823	0.005892647274	0.007949739269	0.004836459682	0.004172531327	0.005344393548	0.004866745761	0.005173833307	0.004061810339	0.0005854572314	0.005265299956	0.0003483069738	0.000212855935	0.0002843935687	0.0002538223595	0.004296344223	0.005522885235	0.006138178762	0.006197947735	0.009602576468	0.004311695086	0.01061722938	0.00645914132	0.007258852027	0.004908182049	0.0009462637636	0.006168147583	0.006179349998	0.004513989145	0.007392036078	0.004459061367	0.007270620688	0.005585792651	0.00984002792	0.008574719201	0.003911480308	0.001702781218	0.002525798331	0.00304533018	0.002301958848	0.001492756508	0.0002557660659	0.002050132402	0.003174048525	0.001597052021	0.002351804477	0.002446708755	0.00396746829	0.002681455483	0.00310597864	0.005615803639
Healthy	V36_S14	562495500	0.009813170061	0.003405269909	0.005867010492	0.005564828519	0.004081835321	0.002087170475	0.0004546240814	0.002425066512	0.003719419978	0.001942593319	0.002677456086	0.002016313019	0.002993876395	0.001704011854	0.003144992271	0.002832918663	0.005182548127	0.003433593691	0.005642315361	0.004740277922	0.005257117612	0.003491142596	0.000782587594	0.004722551558	0.0002644287821	0.0002121101413	0.0002534029161	0.0002921730041	0.002977506487	0.002899683642	0.004680633001	0.004116226708	0.005725677805	0.00264091535	0.005380128374	0.003308357134	0.003885119081	0.002930215442	0.0006285383616	0.003210580351	0.003609100873	0.002729908061	0.002741595266	0.002057669795	0.002801137076	0.002168604015	0.004249475774	0.002967040625	0.002900858762	0.001331660431	0.001874708331	0.002353825053	0.001606233294	0.001135744197	0.0002017082803	0.001522133066	0.001827429731	0.001133152176	0.001572435691	0.001557281792	0.001811308713	0.001423778501	0.001361098889	0.003363081127	0.01041264152	0.003573178808	0.007694955782	0.005206704765	0.007290524102	0.004223235564	0.00142092159	0.004955166752	0.006745605965	0.004783846271	0.007534140273	0.004429272768	0.004786196512	0.003903506784	0.006731172072	0.006367567385	0.01129951262	0.008537015852	0.01536384024	0.009696226903	0.01780133886	0.007060068925	0.003283427156	0.01011148178	0.0007292378339	0.0005799513063	0.0007261800317	0.0005551102187	0.006984884324	0.008665763548	0.01590473702	0.009415744659	0.001166395109	0.0005993861284	0.002216078173	0.0009448911147	0.0009650601649	0.00151203343	0.0003456809877	0.001035428728	0.0008039495427	0.001105239064	0.001392069803	0.0007384912413	0.0009328447961	0.001012308543	0.002379137255	0.001144480267	0.00470286429	0.002420165139	0.003214171491	0.003239373471	0.004584986013	0.002901080986	0.0007451526279	0.003572625914	0.005721359549	0.003549663953	0.005186773939	0.004270281273	0.003967167737	0.003339783163	0.004304000654	0.006642430028	0.007640333123	0.002996599973	0.005836027133	0.004568038322	0.004351547701	0.002554555548	0.0007008233844	0.00294836492	0.004163505308	0.002172931161	0.003916541555	0.002303986432	0.00259928835	0.002286292068	0.003746714418	0.003183234355	0.005525501982	0.00399234305	0.007541975002	0.004637222876	0.008797320156	0.004790002764	0.001624969444	0.008679041877	0.0002937285721	0.0002945268007	0.0003465236611	0.0002849747242	0.004473129118	0.004022247289	0.008749095771	0.005300917074	0.007928769208	0.00343146923	0.01091346864	0.004787085408	0.007983313644	0.004929253656	0.002303616651	0.007785098725	0.006258362956	0.003617817387	0.004233708536	0.003049459062	0.004345492542	0.003843712527	0.008998902213	0.004920151361	0.002215112832	0.0009926941638	0.001848523233	0.001885222193	0.001743821951	0.001045466142	0.0002109527987	0.001926511412	0.002262306098	0.001312008718	0.001935149703	0.001713302595	0.002153069669	0.001739365026	0.002032574483	0.004004917373	0.01052299618	0.003510287638	0.005560584929	0.006620828078	0.006672736049	0.003127991246	0.0006503412027	0.004758912738	0.004591506954	0.002615329367	0.003490772815	0.003086497581	0.006534676277	0.003784574277	0.005855040618	0.007836652915	0.004667943121	0.004111199112	0.005183246799	0.004721671551	0.005131708609	0.004078916187	0.0005449003592	0.005258378067	0.0003031597586	0.0001884015072	0.0002433512801	0.0002213617709	0.00423015473	0.005426638969	0.006067844098	0.006100162579	0.009266356798	0.004240311256	0.01045675565	0.006289984542	0.007284170273	0.004931500785	0.0009077797067	0.006186758827	0.005959052117	0.004444172442	0.007279174678	0.004324231927	0.007310714486	0.005544684357	0.009837166697	0.008593162079	0.003484264319	0.001526232654	0.002205932314	0.002717179071	0.002084166007	0.001360352216	0.0002155430577	0.001853931276	0.002902931668	0.001443247102	0.002055163108	0.002279129344	0.003729398724	0.002490899927	0.002886330646	0.005419700246
Healthy	V36_S16	513479606	0.009709824775	0.003361264946	0.005965352789	0.005457449463	0.004023893015	0.002044217507	0.0004512681658	0.002331391522	0.003812490267	0.001983730197	0.002737976316	0.002035327183	0.00289826311	0.001655156291	0.003103628618	0.002657468737	0.005123671845	0.003400483641	0.005574063637	0.004620049116	0.005178061541	0.003430309557	0.0007586104598	0.004577724164	0.0002790023174	0.0002161935911	0.0002639949054	0.0003028046259	0.002917648496	0.002826739335	0.004595652821	0.00387732439	0.005979775952	0.002722337915	0.0056647761	0.003376837132	0.003929445252	0.00295100912	0.0006454784107	0.003181084469	0.003875959194	0.002919786847	0.002884367719	0.002180809105	0.002815734029	0.002192760894	0.004348020786	0.002907036584	0.002995645751	0.00138841152	0.001994511541	0.002434382954	0.00164239629	0.001136958495	0.0002083568632	0.001500112158	0.001932999847	0.001202466452	0.001696844412	0.001619924122	0.001788814958	0.001404669225	0.001367890743	0.003232093311	0.0103910865	0.003580679697	0.007847299003	0.005148453744	0.007132553966	0.004122744069	0.001429299219	0.004800839159	0.006987307691	0.004894406653	0.007830423941	0.004520658606	0.004658309643	0.003806602983	0.006611699784	0.006113905914	0.01100105425	0.008347564246	0.01497603782	0.009454860414	0.01708212536	0.006874555403	0.003201591613	0.00983403224	0.000757514019	0.0005930323161	0.0007564487381	0.0005644566924	0.006729492193	0.008472564342	0.01543455262	0.009120040884	0.001178533661	0.0006021407596	0.002286158956	0.0009527486472	0.0009515373041	0.001496704039	0.0003492504822	0.00101975423	0.0008124782272	0.001111592346	0.001404873712	0.0007449176083	0.0009272364363	0.001012729608	0.002390482476	0.001134935046	0.004870203161	0.002503020539	0.003401303537	0.003324815592	0.004665930199	0.002947007013	0.0007918113889	0.003597922836	0.006018170856	0.003757393629	0.005562275437	0.004440189977	0.003928783103	0.003333446898	0.004401812601	0.006534886607	0.007415979049	0.002920583374	0.005815818126	0.004423564195	0.004219984542	0.002470458389	0.0006828002435	0.002813159438	0.004185007496	0.002160412969	0.003981412263	0.0022670618	0.002486200007	0.002217246774	0.003653270701	0.002953359748	0.005417465402	0.003904254379	0.007437333353	0.00451675777	0.008652211204	0.00462739118	0.00160672983	0.008473183646	0.0002993711887	0.0002929288685	0.0003474568375	0.0002882081358	0.004321168697	0.003877986539	0.008467146405	0.005085130879	0.007872994278	0.003372153402	0.011003771	0.004676859552	0.007850044973	0.004813151235	0.002321054208	0.007472222762	0.006264011194	0.003606503507	0.004219618413	0.003009058163	0.004234452497	0.003771244227	0.00889755493	0.004713155054	0.002231740047	0.0009943004436	0.001912237582	0.00185645932	0.001745827857	0.001031778076	0.0002103316251	0.001868265047	0.002342636369	0.001354349797	0.002032775962	0.001729301397	0.002103524633	0.0017014444	0.001996883592	0.003817826408	0.01063735528	0.003525647326	0.005769870829	0.006609460162	0.006619361237	0.003083462287	0.0006617088508	0.004710685628	0.004804218067	0.002706979954	0.003682111184	0.003177082363	0.006427373086	0.003737248719	0.005786652411	0.007659028624	0.004718195176	0.004127871828	0.005300257241	0.004750486624	0.00512509157	0.004067530581	0.0005596483222	0.005281080238	0.0003378167272	0.0001980546039	0.0002745055468	0.000236215808	0.004181753228	0.005418889022	0.006060768458	0.006050207182	0.009572754093	0.004339449851	0.01089572387	0.006423020431	0.007303964863	0.004926174225	0.0009239471139	0.00617872251	0.006338154353	0.004623833103	0.007699670939	0.004541880481	0.007299717372	0.005615617381	0.009936055766	0.008593961568	0.003809093832	0.001639476992	0.002532756871	0.002931660737	0.002228575364	0.001441730093	0.0002467030794	0.001985763384	0.003177654927	0.001578134731	0.002388435657	0.002438871934	0.003822763313	0.002553583404	0.003064612463	0.005528365619
Healthy	V36_S5	519799002	0.01028054879	0.003728966375	0.006055284808	0.006056756531	0.004437909636	0.002152001054	0.0004420651042	0.002622496378	0.003846838859	0.00196940355	0.002594250845	0.002099213342	0.003337822876	0.001840438316	0.003333590471	0.003073168655	0.005790099612	0.003600593677	0.005756099932	0.005160588977	0.005461905446	0.003374156151	0.000699422274	0.004737300361	0.0002555353117	0.0001912508481	0.000219125084	0.0002923072176	0.003197666778	0.002972094971	0.004711990578	0.004344983333	0.005943987942	0.002642742665	0.005114805896	0.003432673001	0.003941236886	0.00275975905	0.0005358513559	0.003140131077	0.003438998523	0.002491337988	0.00246726907	0.001977129614	0.002969701739	0.002216814568	0.004096691205	0.003130542755	0.003163257324	0.00143802123	0.001915863625	0.002588969957	0.001675897793	0.001105756259	0.0001874032071	0.001558739045	0.001909726637	0.001146585503	0.00148223255	0.001613902675	0.001989924944	0.001528204165	0.001423007734	0.003614474042	0.01085657721	0.003681167129	0.00739341358	0.005571418931	0.007331439624	0.003957777895	0.001222601424	0.004902366088	0.006544470049	0.004390939558	0.00658174792	0.004359054156	0.005211348982	0.003978241574	0.006604614451	0.006852946978	0.01151708829	0.008229125072	0.01402468641	0.009873470284	0.01685804699	0.006449523733	0.002661569173	0.009681178649	0.0006190219657	0.000466820827	0.0005480637687	0.0004958878317	0.00730035838	0.008219086577	0.01446877922	0.009666265192	0.001143526628	0.0005584004565	0.001900950168	0.0009358328857	0.0008849555275	0.001302688149	0.0002678304488	0.0009388455886	0.0007182122293	0.0009258155521	0.001135900603	0.000642421395	0.0009714793566	0.0009309367624	0.002147551257	0.001169421253	0.004755999897	0.002381466673	0.003099671207	0.003397994212	0.004353752107	0.002618487136	0.0006123867087	0.003449567993	0.00545407742	0.003233501783	0.004440878092	0.00407446723	0.004214005782	0.003379167704	0.004125115654	0.006971119579	0.008169115338	0.003151010282	0.005782365854	0.004930061409	0.0044614168	0.002449860417	0.0006066306376	0.003024621044	0.004067895459	0.002099790488	0.003515818601	0.002266497233	0.002856032802	0.002264198268	0.003727867873	0.003409637174	0.005897164073	0.003980382786	0.007195714085	0.004970342363	0.008617846481	0.004372503586	0.001330533528	0.008304888973	0.0002677361816	0.0002458065512	0.0002801736814	0.0002644060482	0.004717538877	0.003899724686	0.008191052664	0.005554350795	0.008063120521	0.003327220701	0.009810753734	0.004830628744	0.007605459004	0.004382847969	0.001838272094	0.007210444779	0.005742198405	0.003225583338	0.003727092573	0.002878299101	0.004565291566	0.003678300637	0.008026841113	0.005075656148	0.002400643316	0.00108559462	0.00182787192	0.002088668881	0.001807183154	0.00101101964	0.0001856544542	0.001970507823	0.002292386087	0.001264457988	0.001755263085	0.001735334228	0.002404242785	0.001866769648	0.002102185644	0.004422394024	0.01151252114	0.003909849754	0.005822629494	0.007328488484	0.007305023645	0.003349575496	0.0006619731832	0.005055142449	0.004810557524	0.002714703173	0.003478346424	0.00328222831	0.007397036134	0.004222516764	0.006284748504	0.008701659647	0.005012297042	0.004145196493	0.005060103982	0.005092210623	0.00526010629	0.003886167523	0.000478581142	0.005275462226	0.0002927285343	0.0001691846265	0.0002029823058	0.000220829589	0.004583819882	0.005462095905	0.006050602229	0.006544723993	0.009697084797	0.004358246151	0.009915634659	0.006657482963	0.007469762322	0.004788148862	0.0008092243317	0.006347193795	0.005781321219	0.004175229255	0.00653395637	0.004174852186	0.007682084776	0.005690316812	0.009609191208	0.009127258771	0.003682313726	0.00160215198	0.002108807435	0.002902954785	0.002141795186	0.001340023735	0.0002035440614	0.001903435744	0.002938822495	0.00145779041	0.001879547664	0.002294052115	0.004010625245	0.002640974674	0.002841719577	0.005646145892
Healthy	V36_S6	601951076	0.009466663035	0.003492363555	0.005900987874	0.005573715429	0.004183192124	0.002103345356	0.0004543525394	0.002505185322	0.003762229341	0.001984496826	0.002632956503	0.00203729846	0.00300688224	0.001753820272	0.003140972872	0.002842192776	0.005394661011	0.003549876535	0.005623378934	0.004974832872	0.005396991765	0.003475058162	0.0007941924503	0.004890875882	0.0002699422037	0.0002128428789	0.0002425545959	0.0003044084599	0.003091005356	0.003039019404	0.004780579543	0.004433749031	0.00592190984	0.002701420539	0.005366406223	0.003431406774	0.00392961836	0.002864420497	0.0005948789101	0.003241469411	0.003678259062	0.002741820832	0.002677282364	0.00209073968	0.002861804005	0.002227664429	0.00417438576	0.003112002079	0.003026711094	0.001425758727	0.001940242399	0.002511983216	0.001650904932	0.001131562061	0.0002025978603	0.001588175581	0.001910603778	0.001199228689	0.001573779062	0.001614749169	0.001842490269	0.001496920657	0.00137678797	0.003416746114	0.01058087983	0.003686341114	0.0077466279	0.005352420036	0.007379672829	0.004118962651	0.001370905432	0.005000328299	0.006897176806	0.004768317749	0.007360543367	0.004487316507	0.0049596838	0.003975494181	0.006682911885	0.006521254229	0.01148819443	0.008485287598	0.0147595882	0.009859615236	0.01738346756	0.006751899219	0.002988825956	0.009979561861	0.0007148554379	0.000549946687	0.0006601616242	0.0005426022363	0.007149325205	0.008602539652	0.01530575717	0.009653538687	0.001142104446	0.0005757328358	0.002084971769	0.0009294443059	0.0009105740015	0.001398401022	0.000302167414	0.0009658492578	0.0007609223046	0.001021772407	0.001262414888	0.0006845091178	0.0009394550862	0.0009561723917	0.002232161472	0.001123367043	0.004852216594	0.002506309998	0.003327890056	0.003427366579	0.004614461392	0.002849274747	0.000723131858	0.003603575251	0.005887455212	0.00364525638	0.005142801672	0.004334903789	0.004090546721	0.003410061186	0.004309016303	0.006764533136	0.00752625617	0.003038320011	0.005733877947	0.00457206592	0.004340394268	0.00248485975	0.0006531693616	0.002964059823	0.004068882169	0.002148081549	0.003735335129	0.002255821202	0.002643809544	0.002289807353	0.003643663227	0.003212292622	0.005621960214	0.003960464721	0.007260465467	0.004760408469	0.00858221408	0.004497903747	0.001448084462	0.008506945505	0.0002868057005	0.0002706548862	0.0003118907956	0.0002749675291	0.004496538187	0.003949219621	0.008273778715	0.005466738297	0.007969526414	0.00339900547	0.01051611211	0.004793748388	0.007732874291	0.004601113131	0.002086179509	0.007517780398	0.006090999993	0.003441763098	0.003993902654	0.002944332307	0.004401945782	0.003746646679	0.008360579789	0.004947405393	0.002290225992	0.001046364107	0.001865071838	0.001968110113	0.001765601961	0.001015820096	0.0001993002501	0.00196670136	0.002319622068	0.001317997478	0.001903990284	0.001711223787	0.002220604055	0.001802872431	0.002015736907	0.004112769457	0.01068238808	0.003675875147	0.005756373131	0.006696398031	0.006839309977	0.003186403474	0.0006578508051	0.004734389743	0.004778860134	0.00273024514	0.003619970271	0.003181834997	0.006645717832	0.003904280753	0.005912495453	0.007748363922	0.004761137764	0.004109014999	0.005121821561	0.004793211799	0.005078181802	0.003906049999	0.0005087174227	0.005160377851	0.0003133028705	0.000186207824	0.0002460382677	0.0002295103465	0.004225718836	0.005323685143	0.005892620084	0.006072211091	0.009465260928	0.004323117117	0.01037618047	0.006398310683	0.007273584473	0.004792859611	0.0008485756075	0.006133088132	0.006058503997	0.004406643838	0.007198639844	0.004300425904	0.00725282365	0.005539159465	0.009528023503	0.008507277758	0.003773712002	0.001665648655	0.002361353035	0.00292208299	0.002188016689	0.001387247292	0.0002252276064	0.001930472502	0.003087121319	0.001551187525	0.002188199428	0.002326669153	0.003808434093	0.002562964104	0.002902214266	0.005310567798
Healthy	V36_S8	665545417	0.01056778068	0.003495869614	0.006035637685	0.005946199762	0.004233583356	0.002099146	0.0004602796326	0.002530034701	0.003903434587	0.001948513155	0.002723274706	0.002083521221	0.003282443157	0.001766612721	0.003239544507	0.0030779943	0.005360362958	0.003402486055	0.005579317211	0.004883549517	0.005248472773	0.003382071219	0.0007802577957	0.004709394611	0.0002707433563	0.0002115723381	0.0002489221558	0.0003029890896	0.003106781216	0.002895193853	0.004680463452	0.004332057477	0.005958963729	0.002628349554	0.00529591807	0.00340696659	0.003874542494	0.002884934598	0.0006008019735	0.003193455992	0.003629928083	0.002684716857	0.002676367314	0.002067396101	0.002895848955	0.002169423698	0.004163314673	0.00311129631	0.003189937074	0.00141440986	0.001992711491	0.002566015716	0.001704319451	0.001176552313	0.0002136608507	0.00161457952	0.001955023604	0.001193266424	0.001670847656	0.001665696993	0.001973872806	0.001500739055	0.00144497727	0.003607116718	0.01080784844	0.003586915241	0.007663712903	0.005390383448	0.007210673949	0.004113424764	0.001385305911	0.004927677235	0.006712006252	0.004643903964	0.00733359719	0.004403679937	0.004981861366	0.003903189675	0.006660915824	0.006599811054	0.01112340016	0.008091740792	0.01458998102	0.009465000944	0.0165872046	0.006557289538	0.002965844178	0.009558019389	0.0006884864478	0.000538534247	0.0006716896978	0.0005313942384	0.006916153102	0.00821164095	0.01507406368	0.009229320559	0.001166151821	0.000579949903	0.002152192718	0.0009311024975	0.0009257024153	0.001428027263	0.0003229456541	0.0009851754415	0.0007757697474	0.001033713076	0.001323289106	0.0007050998895	0.0009376970888	0.0009779542964	0.002271729264	0.001137569249	0.004790520554	0.002424981014	0.003236453809	0.003307200296	0.004547198317	0.002844477554	0.0007295144518	0.00351771185	0.00564408965	0.003446726461	0.005057439979	0.004238194611	0.004064131359	0.003294158361	0.004280911456	0.006656602069	0.008096987617	0.003000339194	0.005876267645	0.004765982785	0.004365134108	0.002474752223	0.0006769710804	0.002969738728	0.004207809007	0.002129614244	0.003884609426	0.002296499925	0.00275704851	0.002284371526	0.003743152513	0.00334896003	0.005526231428	0.00384639265	0.007243646905	0.004606914752	0.008504504509	0.004485139442	0.001523099662	0.008311372686	0.0002793934046	0.0002732090033	0.0003227232801	0.0002728168437	0.004439360447	0.003864828657	0.008326276252	0.005312892118	0.007880933241	0.003271536314	0.01038128702	0.004708237665	0.007702710993	0.004659339424	0.002170289154	0.00740633152	0.005940865791	0.003389185685	0.003959852976	0.002921168038	0.004343864335	0.003678548357	0.008553425288	0.004862353368	0.002308736505	0.001016301792	0.001848234498	0.001952751783	0.001774343223	0.001046555174	0.0002064231779	0.001943542795	0.002274255012	0.001299164532	0.001948939872	0.001715577887	0.002218371522	0.001743999689	0.002025102969	0.004069282022	0.01140940469	0.003659814849	0.005782144842	0.007137370161	0.006858918841	0.003174829164	0.0006549034654	0.004947898244	0.004750751668	0.002643460469	0.003530327067	0.003183029957	0.00701516663	0.003904785359	0.005979139663	0.008351533732	0.004860786232	0.004077700681	0.005190007942	0.004839044666	0.005119476317	0.003956625548	0.0005297249309	0.005192207642	0.00031064146	0.0001831159781	0.0002398318671	0.0002245616846	0.004373817212	0.005323250539	0.006001037492	0.006200206469	0.009695909303	0.004265587182	0.0103555863	0.006482612441	0.007242330691	0.0048755125	0.0008674404259	0.006176459029	0.005996901035	0.004358432837	0.007065861893	0.004332559321	0.007612255859	0.005557267627	0.009751158725	0.008882036971	0.003726411356	0.001602122068	0.002284748661	0.002880039365	0.002183640609	0.001399160713	0.0002234182615	0.001913809287	0.002978917666	0.001472481028	0.002100242845	0.002305612751	0.003895627456	0.002517417981	0.002900533834	0.005480327723
Healthy	V37_S8	612681456	0.01015605408	0.003548209235	0.0059863	0.005898154685	0.004302382542	0.002150977457	0.0004730272104	0.002622896424	0.003834901443	0.001962290499	0.002676093725	0.002066897876	0.003244704047	0.00182272858	0.00325152978	0.003166807125	0.005429405391	0.003475039075	0.005616499351	0.005055948682	0.005347067335	0.003446350431	0.0008282183099	0.004909841763	0.000268996227	0.0002172450279	0.0002420262578	0.0003057135126	0.003142238077	0.003022991771	0.004797382018	0.00465217116	0.005916457834	0.002644044445	0.005255992275	0.003448227426	0.003909767427	0.002900089406	0.0005974409645	0.003267126792	0.003574666702	0.002645652132	0.002634168187	0.002035222362	0.002899611181	0.00220872035	0.00413550953	0.003260008901	0.003104941371	0.001437814041	0.00194476263	0.002587992479	0.001709638818	0.001193674124	0.0002158756377	0.001703257035	0.001915295442	0.001193199162	0.00159042842	0.001672457996	0.001963305708	0.001573693786	0.001437432113	0.0037366987	0.01058669711	0.00362385866	0.007523678014	0.005369047762	0.007230992478	0.004105495564	0.001367921278	0.004959325878	0.006617783124	0.004611985514	0.007106291462	0.004349805227	0.004964504752	0.003965097974	0.006607506985	0.006718345985	0.01106156214	0.008116013552	0.01435249903	0.009505381537	0.01664060973	0.006567574325	0.002931466233	0.009629948715	0.0006748596615	0.0005380234652	0.0006419975603	0.0005263420279	0.006918121902	0.008228881339	0.0148065996	0.009365088406	0.001144358121	0.0005745742695	0.002073806849	0.0009306336832	0.0009106363422	0.001396683369	0.0003083804776	0.0009632574876	0.0007575796451	0.001006503451	0.001264446626	0.0006675051056	0.0009252491559	0.0009561314355	0.002195220676	0.001128619111	0.004721273953	0.002422454581	0.003188497025	0.003343200582	0.00454685379	0.002883580012	0.0007171654955	0.003599020304	0.005572837184	0.003457542218	0.004902464357	0.004176716914	0.004065432331	0.003361808946	0.004221774586	0.006775103048	0.007995185674	0.003062524549	0.005830527373	0.004790895777	0.004428288099	0.002505832329	0.000681536867	0.003060610015	0.004152213153	0.002154488253	0.003788697989	0.002288761944	0.002778829004	0.002347347036	0.003750581934	0.003495674594	0.005609849892	0.003887209212	0.007255006589	0.004733650695	0.008482527012	0.004496609083	0.001493657089	0.008398351133	0.0002816896094	0.0002764258626	0.0003174324897	0.0002762903926	0.00449711832	0.003948433523	0.008369827338	0.005545235565	0.007908058833	0.003313503257	0.01027502128	0.004768257585	0.007682238387	0.004613939221	0.002122856808	0.007507253492	0.005935740285	0.003387270791	0.003938325497	0.002914625508	0.004357858352	0.003695918944	0.008322540123	0.004984591863	0.002336063848	0.001057879251	0.001854919859	0.002022608956	0.001800916266	0.001066182098	0.0002094579471	0.002041063897	0.00228926302	0.001318505713	0.001903989404	0.001735748633	0.002272040367	0.001826050045	0.002061629233	0.004313984003	0.01118123934	0.003717923854	0.00574307573	0.007031250836	0.006918126799	0.003221556619	0.000658746884	0.004885455518	0.004733116976	0.002673877239	0.003530325553	0.003175131189	0.006961416831	0.003951105385	0.006029408861	0.008257476949	0.004848968368	0.004086226171	0.005134717183	0.004843810713	0.00511966858	0.003933311473	0.0005205217114	0.005158992441	0.0003121148814	0.0001873306249	0.0002403859274	0.0002260342608	0.00432344569	0.005296019601	0.005932978654	0.00617481558	0.009569595983	0.004285701769	0.0102158176	0.006454399691	0.00729685868	0.00485507105	0.0008604406006	0.006173653475	0.00591978746	0.004319629677	0.006969763746	0.004218954197	0.007345786225	0.00550597536	0.009532168703	0.008748691424	0.003734813544	0.001652902973	0.002277085403	0.00292603927	0.002225598615	0.001433790743	0.0002304427507	0.001962017927	0.002995194292	0.001524181923	0.002087982242	0.00231963443	0.00390871631	0.002598897003	0.002935092914	0.005480245839
Healthy	V6_S13	606247053	0.01085193564	0.003650221455	0.006050308998	0.006404514432	0.004384910387	0.002113565738	0.0004478900123	0.002790342636	0.003874415535	0.001953917952	0.002607268756	0.002160086377	0.003691966813	0.001933526925	0.003443657152	0.003663607087	0.005815106206	0.003498642986	0.005830550404	0.005325640733	0.005579401967	0.003411859884	0.0007971337718	0.005112221139	0.0002467888285	0.0001834351185	0.0002217049952	0.0002824261152	0.003489605417	0.00330492988	0.005219738363	0.005424285337	0.006046315577	0.002566178247	0.005099515098	0.003576637592	0.003965987114	0.002825074351	0.000551067421	0.00340173035	0.003343071096	0.002403701581	0.002485113936	0.00196877823	0.003115866693	0.002313995578	0.004141900546	0.003590290442	0.003092866169	0.001339521563	0.00180332258	0.002595461689	0.001661966017	0.001136262843	0.0001804297431	0.00173317626	0.001882293686	0.001101414014	0.00141582214	0.001597827149	0.00213787266	0.001651547822	0.001519877079	0.004258036369	0.0103620215	0.00336730874	0.007020187527	0.00534031297	0.006743386182	0.003700468297	0.001159151202	0.00468213575	0.006192358349	0.004165338186	0.006256899693	0.004154748444	0.005105776572	0.003872305834	0.006485539155	0.00699024099	0.0108574367	0.007392502739	0.01341495841	0.009231266317	0.01589561706	0.006154840641	0.002589493825	0.009572736018	0.0005997241524	0.0004606867755	0.000562476961	0.0004706200197	0.007117390474	0.008325333666	0.01440848736	0.01015766092	0.001072048098	0.0005292165932	0.001749268709	0.0008698467026	0.0007941613862	0.001146301655	0.0002451541814	0.0008485946405	0.0006840346653	0.000876964263	0.001119162554	0.0006050751062	0.00089290166	0.0008637963639	0.002034522055	0.001111070143	0.004309752909	0.00204900295	0.002828965504	0.003098667434	0.004086513885	0.002508249718	0.0005708827751	0.003359191587	0.005182553852	0.003033914954	0.004224975589	0.003839797634	0.004099069823	0.003372286908	0.004053210631	0.007117354185	0.008607937926	0.003144112603	0.005926372726	0.005172594216	0.004545125599	0.002505625376	0.0006588881513	0.003287387526	0.00417962609	0.002200617708	0.003602283903	0.002388074289	0.003093824524	0.002400932083	0.003953774271	0.00405425311	0.00600121845	0.004021870272	0.007648941099	0.005142647679	0.008894020966	0.004765167906	0.001426123221	0.008822475876	0.0002930471977	0.0002739493729	0.0003345632758	0.0002844747849	0.004978153683	0.004372075686	0.008909640011	0.006478292934	0.008104608469	0.003344928425	0.0097465381	0.004932876762	0.007650908944	0.00458341527	0.00182409464	0.00759647404	0.005785416989	0.003306482052	0.003927593525	0.002978160456	0.00462417753	0.003845645086	0.008140126992	0.005581823422	0.002364351287	0.001050932944	0.001797714306	0.002148239721	0.001896574993	0.001133999739	0.0002008933477	0.002253620852	0.002302736142	0.00128248376	0.001804488772	0.001731792336	0.002530616837	0.002041794667	0.002218638414	0.005094411568	0.01162507919	0.003784610562	0.005777896953	0.007434363561	0.006932234935	0.003175238528	0.0006196087851	0.004813451852	0.004746386784	0.002635443739	0.003391675044	0.003297611081	0.007512735901	0.004096214551	0.006186631311	0.009007349352	0.004966909093	0.003971973122	0.005177565787	0.004950440559	0.00512366202	0.003798860528	0.0004736303436	0.005236860096	0.000263739014	0.0001622226442	0.0002024587161	0.0002127268073	0.004534288433	0.005431064751	0.006137161379	0.00676877847	0.009366196457	0.004173400906	0.009634291781	0.006460206249	0.007098759456	0.004722502131	0.0007638354656	0.006234710719	0.005516529909	0.004022000582	0.006314252549	0.003985304321	0.007363290226	0.005459873139	0.009294572192	0.008969770613	0.003393586806	0.001444760837	0.001916081891	0.002679429107	0.001962749335	0.00124081098	0.0001729509438	0.001797013271	0.002771396565	0.001390154386	0.00174861716	0.002146113525	0.003933808813	0.002615039516	0.002754175862	0.005755838289
Healthy	V6_S14	524012743	0.01032590728	0.003499792752	0.005887881624	0.006053719194	0.004174808779	0.002078749066	0.00045607097	0.002644342182	0.003729853951	0.00194724463	0.002619695834	0.002105580474	0.003426819336	0.001855693422	0.00335571992	0.003427540692	0.00551438689	0.003452830154	0.005779865166	0.005052304615	0.0054859143	0.003479087149	0.0008165488449	0.005017355084	0.0002525263016	0.0001975009222	0.0002408262045	0.000289019689	0.003297570571	0.003223455961	0.00513302021	0.005033721098	0.005759525966	0.00255965531	0.005110707775	0.003438593859	0.00393560849	0.002902729028	0.00060137278	0.003400833327	0.003307285983	0.002502775014	0.00256427161	0.00199324542	0.002987957871	0.002307816014	0.004213868898	0.003443725413	0.002793664886	0.001247240661	0.001681919022	0.002332947083	0.001587854515	0.00112047466	0.000188413357	0.001634481244	0.001795628088	0.001076653207	0.001408664216	0.001527441862	0.001972898587	0.001579062744	0.001449897946	0.00393118875	0.01004859533	0.003345981607	0.007129359066	0.005177666071	0.006747118362	0.003882592603	0.001269642788	0.004739533596	0.006138295381	0.004379626318	0.006613400239	0.004190407637	0.004862629839	0.003892523659	0.006603387124	0.006803527295	0.01077390593	0.007704138981	0.01410126395	0.009324460264	0.01668697587	0.006592253807	0.003022697484	0.009938611359	0.0006569363142	0.0005468531135	0.0006622796957	0.0005186686844	0.00702253342	0.0086841266	0.01544310154	0.01009794145	0.001118743786	0.0005675968838	0.001920048727	0.000919088336	0.0008586489661	0.001305443444	0.0002979221442	0.0009300537182	0.0007334535374	0.0009911457439	0.001259601048	0.0006645964333	0.0009032662017	0.0009395725707	0.002246647655	0.00115876953	0.004147570892	0.002045780402	0.002799401388	0.002967403027	0.004114920923	0.002639951067	0.000631690745	0.003382087599	0.005159118812	0.003170222523	0.004415991845	0.003900823076	0.00393600161	0.003378497992	0.004146294206	0.006989934976	0.008294643705	0.003103100109	0.005959368435	0.005040881229	0.004473230911	0.00256967415	0.0007085400211	0.00322669634	0.004191674781	0.002257882114	0.003805084946	0.002416855347	0.002927299041	0.00239536732	0.004002700369	0.003909851482	0.005819581758	0.004109487849	0.007844255803	0.00502438163	0.009029434996	0.005063565792	0.001596728345	0.009024887397	0.0003169617576	0.0003218795769	0.0003942518627	0.0003108302273	0.00488034124	0.004490234315	0.009217630801	0.006285454016	0.007942722874	0.003424395731	0.0101480681	0.004897316018	0.007801052655	0.004876889034	0.002046681143	0.007892748898	0.005879565032	0.003524341773	0.004157000052	0.003093680491	0.004527926146	0.004014287874	0.00868468193	0.005615357717	0.002236126918	0.001017561132	0.001773689691	0.002037389385	0.001874257856	0.001164370539	0.0002213209536	0.002222980291	0.002270166167	0.001320063318	0.001871786542	0.00174290418	0.002435566724	0.002041570581	0.00225339749	0.004990846186	0.01084886403	0.003622547401	0.005563843702	0.007006468925	0.006675137288	0.003128977342	0.0006314560179	0.004701503986	0.00455129199	0.002610551019	0.003369969573	0.003216055377	0.006986062932	0.003939201914	0.006009363402	0.008610576861	0.004779717733	0.004042920765	0.005221054328	0.00482229685	0.005142859665	0.004002927463	0.0005256456139	0.005316574906	0.0002858957191	0.0001837398065	0.0002267502109	0.0002260670214	0.004356815804	0.005474296262	0.006229401944	0.006602139063	0.00904942306	0.004197840662	0.009808498111	0.006365169635	0.007146996042	0.004922023433	0.0008430367503	0.006296360239	0.00551422468	0.004229769275	0.006570899365	0.004091194401	0.007302923547	0.005651122114	0.009706082663	0.009135848439	0.003143683092	0.001388878438	0.001869639647	0.00251719451	0.001920285362	0.001279449801	0.000192115557	0.0017700581	0.002700455321	0.001398139663	0.001778876587	0.002174334528	0.003722772062	0.002551054374	0.002755375741	0.005626746753
Healthy	V6_S15	599800690	0.01092554428	0.003584814149	0.006122835571	0.006242133533	0.004290093431	0.002047266735	0.0004392625824	0.002609973656	0.003988775005	0.002004379155	0.002723531378	0.00221590442	0.003534148985	0.001823500737	0.003420139447	0.003379827722	0.005625992194	0.003432208456	0.005741387193	0.004963538805	0.00543237121	0.003321424989	0.0007186337181	0.004723714139	0.0002690810509	0.0001990994709	0.0002526956079	0.00030198198	0.003259527761	0.003022250608	0.004885309485	0.004570955062	0.005967994135	0.002576552554	0.005225980984	0.003415979732	0.003928561669	0.002786480622	0.0005717932735	0.003221028305	0.003466799946	0.002539173471	0.002629871933	0.002059530808	0.002970485079	0.002219208851	0.004172686097	0.003184816276	0.003096808708	0.001359970093	0.001873897478	0.002530875715	0.001741793595	0.001138573215	0.000187834062	0.001621882096	0.001988650597	0.001175077008	0.001570094893	0.001676036751	0.002093667148	0.001564463022	0.00153927132	0.003890050543	0.01020714064	0.003341019831	0.007150123485	0.005184863992	0.006656551195	0.003732161428	0.001224803526	0.004548489266	0.006294859381	0.004336450497	0.00662625113	0.004228921444	0.004850486251	0.003743006698	0.006499872483	0.006574525615	0.01048469784	0.007362739113	0.01339234538	0.008967979013	0.0157926994	0.006219862801	0.002734946837	0.009366721469	0.0006456261329	0.0005131738011	0.0006412996957	0.0005076186224	0.00673580919	0.008146942945	0.01444659558	0.009483813698	0.001082552939	0.0005365799096	0.001821019912	0.000878216729	0.0008103458501	0.001207611148	0.0002754364954	0.0008715161698	0.0006952042686	0.0009231383178	0.001179973634	0.000632144988	0.0008640937042	0.000879290419	0.002104092278	0.001078254845	0.004351517168	0.002134559065	0.002955401735	0.003077322235	0.004200231914	0.002603424814	0.0006260329577	0.00335563802	0.005320165604	0.003236275037	0.00460721544	0.004010607257	0.003970755686	0.003322663734	0.004163564733	0.006857592978	0.009053734166	0.003257322028	0.006284625981	0.00533181614	0.004603487535	0.002507736362	0.0006777884834	0.003206516818	0.004563139132	0.002335205716	0.004050378802	0.00256010209	0.003087410586	0.002369800542	0.004092321068	0.003899326958	0.005884839846	0.004062707897	0.007688388955	0.005007043256	0.008836166894	0.004761266613	0.001454139708	0.008545903807	0.0003285041236	0.0003176938659	0.0003920819097	0.0003320819788	0.004847847041	0.004272262508	0.008767370708	0.00594046499	0.008116082694	0.003400516261	0.01025687883	0.004901049714	0.007691376614	0.004642372119	0.001961649961	0.0074770971	0.005878661127	0.003400237836	0.004116674157	0.003045638377	0.004455515048	0.003821094304	0.008446865908	0.005242159691	0.002537509585	0.001111420862	0.001949899391	0.002202106503	0.002120992892	0.001215066958	0.0002216402919	0.002343888601	0.002567999713	0.001466988976	0.002105864533	0.001966564927	0.002645143673	0.002094274016	0.002432608072	0.005051656409	0.01139764611	0.003698748663	0.005815116685	0.007260895282	0.006790318964	0.003118085776	0.0006376484829	0.004786358282	0.004775569698	0.002680050268	0.003526508114	0.003332220241	0.007156727346	0.003951891086	0.006058799299	0.008678162741	0.004899590896	0.004009150106	0.005249122004	0.004873677288	0.00515303842	0.003917006164	0.0005079887454	0.005267151327	0.0003021136905	0.0001820954891	0.0002425389007	0.0002340477468	0.004359168043	0.005350190577	0.006052927348	0.006488487034	0.009279934306	0.00418540032	0.009884281727	0.006406404768	0.007092212581	0.004778017178	0.0008216512722	0.006215876477	0.005712475923	0.004193289608	0.006676901289	0.004186415658	0.007195648608	0.0054411708	0.009400389319	0.008744596476	0.00352001429	0.001521260337	0.002129695783	0.002810538614	0.002148870486	0.001355456927	0.0002015186078	0.001952516927	0.002923304406	0.001498407746	0.002009475848	0.00231052085	0.003927496315	0.002625503815	0.002860898676	0.005696810719
Healthy	V6_S16	501291469	0.01074519184	0.00362012943	0.006129246536	0.00622850017	0.004303009593	0.002083681979	0.0004454055451	0.00262177013	0.003893160209	0.00197474735	0.002674473999	0.002143325922	0.003563645325	0.001847687538	0.003455907605	0.003335319078	0.005689681904	0.003440904357	0.005865164643	0.005001766747	0.005480536115	0.003356157254	0.0007364138886	0.004761257966	0.0002547719399	0.0001883255667	0.0002330281029	0.0002840762487	0.003308472421	0.003077399268	0.004979969049	0.004661000924	0.005979499324	0.002587965446	0.005222283166	0.003433728891	0.003996886291	0.00285496979	0.0005798482878	0.003289004705	0.003396409285	0.002481961248	0.002568996441	0.00196645078	0.003049200105	0.00227357749	0.004259039166	0.003305699583	0.00295624221	0.00128869538	0.001767001944	0.00239720417	0.001606416725	0.001081660139	0.0001799053157	0.001521749416	0.001872539347	0.001088719904	0.001445081444	0.001549443883	0.00203711825	0.001529944249	0.001469703846	0.003823532054	0.01030741858	0.003366899507	0.007167598537	0.005247113032	0.006691725687	0.00375101935	0.001199773061	0.004572810713	0.006210989399	0.004297130778	0.006508482992	0.004180186837	0.004981309586	0.003817908579	0.006598799709	0.006721871822	0.0108783878	0.007509728836	0.01382525223	0.009239014199	0.01633609687	0.00631838999	0.002851083827	0.009587450211	0.0006430669978	0.0005022128154	0.0006207606138	0.0004975927488	0.00704890711	0.008333523027	0.01497489876	0.009880289824	0.001136394763	0.0005623554707	0.00189152032	0.00091755202	0.0008341434592	0.00125031252	0.0002796696307	0.0008939529749	0.0007173172141	0.0009437922432	0.001186261959	0.0006355045312	0.0009158663739	0.0009157506728	0.00218028845	0.001153462677	0.004297398087	0.002060146769	0.002847650695	0.00303148586	0.004088513623	0.002511469031	0.0006063378669	0.003251906527	0.005247039223	0.003091628515	0.004349266115	0.003880580701	0.00404238876	0.003318255153	0.004140543234	0.007014761306	0.008523821498	0.003122768084	0.006054022834	0.005058869254	0.004483625074	0.002510894515	0.0006745796027	0.003111395458	0.004251263251	0.00222558944	0.003756720624	0.002391113901	0.002970064508	0.002306277029	0.003984364633	0.003701359618	0.005941032681	0.004046338558	0.007793579667	0.005005132054	0.00902771198	0.004851101905	0.001517801613	0.008718195442	0.0003076713041	0.0002973120614	0.000366706819	0.0002989757641	0.004895876255	0.004287479706	0.008987789098	0.005991635976	0.008111404744	0.003392100415	0.01011714404	0.004856882972	0.007749395791	0.004721135599	0.001949524499	0.007558452985	0.005870431041	0.003416100424	0.004025448516	0.00299735801	0.004526246985	0.003859664725	0.008322078587	0.005353061374	0.002307041056	0.00102509225	0.001790704721	0.002043256395	0.001869900164	0.001110363999	0.0002082840153	0.002085174125	0.002320795529	0.001314470803	0.001859445168	0.00174050638	0.002466880201	0.001958728725	0.002215535409	0.00478441216	0.01139824105	0.003773072388	0.005794644792	0.007338728519	0.006971965844	0.003217110403	0.0006465061148	0.004905136337	0.004730714857	0.002671601419	0.003437098188	0.003311542491	0.007399736938	0.004100871703	0.006248456624	0.00902168754	0.004931280807	0.004058255777	0.005262559136	0.004955911189	0.005206254567	0.003956588378	0.0005092606114	0.005343565901	0.0002837171761	0.0001754528163	0.0002162235081	0.0002205642961	0.004518115987	0.005501025193	0.006244185656	0.006802080647	0.009396124393	0.004274830378	0.009940524242	0.006526719887	0.007288625931	0.004914988888	0.0008330163704	0.00638651403	0.005627975289	0.004190759528	0.006500507592	0.004036278543	0.007492519287	0.005652791191	0.009703945311	0.009211329706	0.003257428265	0.001409236031	0.001888544008	0.002597095862	0.001939033596	0.001251892439	0.0001852554965	0.001764717843	0.002762771931	0.001389528933	0.00175612404	0.002168095943	0.003872788827	0.002577895456	0.002749514175	0.005806560015
Healthy	V7_S11	426003148	0.01086816147	0.003896140223	0.006141513302	0.006718114675	0.004741187969	0.00222169485	0.0004470553819	0.002960412396	0.00391131382	0.001943058411	0.002515608171	0.002174803178	0.004090026114	0.002078991679	0.003650613868	0.003907722297	0.00628367657	0.003702899867	0.005904810825	0.005778652133	0.005901118365	0.003485943724	0.000738841958	0.005276608895	0.0002391320357	0.0001662147342	0.0001995501686	0.0002761857525	0.003813295765	0.003446925233	0.005294289515	0.005710429633	0.006068391776	0.002562018626	0.004904977838	0.003628787738	0.004038500673	0.002700029343	0.0005069422633	0.003337390831	0.003159871016	0.002199098773	0.002296145004	0.00186483129	0.003305987307	0.002375550521	0.004114856917	0.003732768191	0.003247189619	0.001396062454	0.001773510369	0.002805530911	0.001728935581	0.001126461159	0.0001761630175	0.001809183814	0.001920300364	0.001071001475	0.001328922105	0.001619596013	0.002384597402	0.001803507799	0.001575476621	0.004592238365	0.01010069062	0.003345862599	0.006538442293	0.005353380628	0.006655739549	0.003559616888	0.001017250699	0.004533825651	0.005708849832	0.003709247238	0.005338847872	0.003831260421	0.005352657629	0.003915579046	0.006216606643	0.007195115845	0.0110628713	0.007458588076	0.01259139522	0.009444357439	0.0158997041	0.006111790517	0.002256811961	0.009560351887	0.0005177543899	0.0003866192087	0.0004453183055	0.0004221330308	0.007449221948	0.008289584283	0.01339607472	0.01039441615	0.001044027496	0.0004963601818	0.001554037812	0.0008501157837	0.0007278185653	0.001007161571	0.0002023201012	0.0007641891886	0.0006038476504	0.0007564145981	0.0009190049459	0.0005280313093	0.0008884840447	0.0008011020613	0.001825803409	0.001087783041	0.004286442503	0.002009583741	0.002606253041	0.003148249036	0.003891163734	0.00235703892	0.0004807335367	0.003250743584	0.004810908111	0.002702092708	0.003504671285	0.003552058258	0.004293857941	0.00341035508	0.003781023703	0.007277037774	0.008735015263	0.00320589415	0.005827027363	0.005360817193	0.004646979745	0.002486340782	0.0006049767501	0.003323454314	0.004028479621	0.002098576042	0.003277093154	0.00231565425	0.00331989096	0.002408038543	0.003988106679	0.004217435971	0.006141579029	0.003972681911	0.007235315078	0.005306829329	0.008689630622	0.004515372736	0.001209843172	0.008483603976	0.0002742162835	0.0002403245152	0.0002820636433	0.0002629722351	0.005119485643	0.004243649392	0.008320537106	0.006547637061	0.008003025367	0.003240832859	0.008992381906	0.004855677733	0.007369053526	0.004240184629	0.001556286622	0.007142083373	0.005363324217	0.003037630135	0.003593978137	0.002819859444	0.00478693411	0.003747923008	0.007628852076	0.005603244979	0.002462047534	0.001100642101	0.001740757089	0.002304480623	0.001934631244	0.001113388486	0.0001851347821	0.002305828031	0.002313663654	0.001235533123	0.001652304691	0.001764012786	0.002795253992	0.002152474704	0.002273257849	0.005473107443	0.01213429296	0.00410180537	0.005884205344	0.007953812116	0.00751663929	0.003408336316	0.0006203874343	0.005161748241	0.004813018424	0.002636194134	0.003288874757	0.003381066564	0.008492101565	0.004533255233	0.00662999326	0.009831138619	0.005254109061	0.004090850052	0.005060955559	0.00531729404	0.005349040285	0.003858790734	0.0004274005975	0.005450804791	0.0002560873095	0.000146437885	0.0001670973568	0.0002052120986	0.004968237934	0.005700218441	0.006177588152	0.007286286532	0.009492918113	0.00421863784	0.009200047038	0.006663192545	0.007199439756	0.004644557228	0.0007020253287	0.00626946306	0.005285491458	0.00379701889	0.005706211354	0.003802525891	0.007810000972	0.005641732957	0.009356280625	0.009368543446	0.003433110781	0.001441019868	0.001767198209	0.002759589936	0.001966466689	0.001236373493	0.000165569199	0.001807564107	0.002744256716	0.001333452588	0.00154547919	0.002142294028	0.004244151736	0.002791521625	0.002753805941	0.006010967318
Healthy	V7_S12	429058565	0.01044864353	0.003840091154	0.006118572648	0.006468524874	0.004583325356	0.002169270295	0.0004229073017	0.002763879099	0.003868595421	0.001961205459	0.002542648228	0.0021526968	0.003870278175	0.001972355452	0.003538673095	0.003480424636	0.006135211402	0.003671368266	0.005920709216	0.005446589791	0.005731762982	0.003435764066	0.0006647251058	0.004951356699	0.0002356088615	0.0001680306743	0.0001986069198	0.0002704875499	0.003550312531	0.003205515778	0.004983930341	0.004871395587	0.005955655494	0.002573597383	0.005009605157	0.003521027485	0.00397542466	0.002692278151	0.0005019011799	0.003191408147	0.003214442299	0.002274393474	0.002393281672	0.001906856235	0.003206228968	0.002312369641	0.004127851404	0.003342354907	0.003196523999	0.001388120524	0.001783425533	0.002682309815	0.001663285757	0.001069240979	0.0001615793406	0.001594710037	0.001909711323	0.001072492283	0.001338418684	0.001598874969	0.002256808462	0.00165355515	0.001489062455	0.004074716467	0.0101021011	0.003384036862	0.006710118932	0.005329232852	0.006722203529	0.00362525568	0.001030229987	0.004491631579	0.005899374133	0.003870066083	0.005623859298	0.003936816877	0.005283686622	0.003884980131	0.006276630324	0.006879580647	0.01123868253	0.007751477936	0.01310247938	0.009613279716	0.01644776862	0.006385249529	0.002385480873	0.009845637273	0.0005361016392	0.0004113377856	0.000468213471	0.0004329012754	0.007475832582	0.008513366934	0.01387072648	0.01028337938	0.001065509553	0.0005143540253	0.001637210062	0.0008753140728	0.0007555192378	0.00108226018	0.000215296949	0.0008023962883	0.0006372486702	0.0008272926564	0.0009990640788	0.0005799161707	0.000906121056	0.0008432904725	0.001949589329	0.001104727976	0.004377078453	0.002071845367	0.002705570043	0.003177407728	0.003955788646	0.00238880909	0.0004909329802	0.003231628764	0.00500470839	0.002850760012	0.0037292578	0.003693472475	0.004296541662	0.003418088158	0.003831964058	0.007169389568	0.008445914604	0.003175634077	0.005864094567	0.005172694781	0.004514887146	0.002469532335	0.000585027361	0.003139196161	0.004038544249	0.002111138371	0.003347538348	0.002309425987	0.003167180685	0.002305596673	0.003920721172	0.003782364769	0.006075310488	0.004008375873	0.007363442331	0.005198350952	0.008732663337	0.004592349765	0.001203698148	0.008488992639	0.0002690355336	0.000239501104	0.0002784748045	0.0002583423547	0.005036771612	0.004161103275	0.008265785348	0.006076638978	0.008025442867	0.003324441268	0.009333236361	0.004847645915	0.007428720133	0.004348166316	0.001558108973	0.007168240541	0.005549673621	0.0031798363	0.003795745227	0.002917769512	0.004779158761	0.003814232213	0.007948413756	0.005407243181	0.002434264423	0.001083467475	0.001765057411	0.002226679707	0.001853257492	0.001054825697	0.0001723004877	0.00210970267	0.002309652063	0.00123290162	0.001665467277	0.001747880269	0.00270027939	0.00203853989	0.002195115252	0.0050451108	0.01197361251	0.004093583355	0.005912805866	0.00786046772	0.007512573487	0.003432177143	0.0006280750974	0.005141771264	0.004872845272	0.002678855741	0.003372791311	0.003405549077	0.008379040283	0.004534143259	0.006603368936	0.009656064085	0.005252700176	0.004201020903	0.005164047943	0.005361475537	0.005428240315	0.004006926187	0.0004445756723	0.005602726984	0.0002604842535	0.0001525922225	0.0001737501732	0.000207342324	0.004980469275	0.005895230177	0.006292434694	0.007317616419	0.009518472146	0.004290146265	0.009496684911	0.006710279749	0.00727238017	0.004748594169	0.0007333544315	0.006362613924	0.005437124883	0.003969877632	0.006012307434	0.003976063268	0.007812744631	0.005738139734	0.009601195119	0.009389946568	0.003492691027	0.001481361874	0.00182998328	0.00280994041	0.001970663376	0.001258506516	0.0001711770979	0.001821919113	0.002805996892	0.001373290381	0.001605277359	0.002197478566	0.004254670921	0.002827625641	0.002751081312	0.006045095499
Healthy	V7_S14	539704811	0.01080209011	0.003816775315	0.00624299975	0.006567725408	0.004554882502	0.002167457055	0.0004485340784	0.002786714088	0.00391375796	0.00196785535	0.00260436626	0.002175948734	0.003834913008	0.001971557374	0.003554420789	0.00358434826	0.006023640949	0.003627964695	0.005890240248	0.005452528753	0.005718711298	0.003440284322	0.0007461171214	0.00501721857	0.0002471480655	0.0001775711427	0.0002154807547	0.0002822876448	0.00357261592	0.003249517077	0.005138201371	0.005118042203	0.006088317045	0.00260725117	0.005137132268	0.003583325478	0.003998018836	0.002758259644	0.0005380737657	0.003268620112	0.003315808871	0.002364512923	0.002452864924	0.001953037991	0.003198207548	0.002322517744	0.00421972151	0.003513668882	0.003260045055	0.001426607628	0.001884593169	0.002790694041	0.001720712844	0.001133547427	0.0001816085349	0.001707676087	0.001941553936	0.001117740638	0.001437163398	0.001657680239	0.002261373208	0.001682843995	0.001555378019	0.004229108123	0.01032330245	0.003453802823	0.006921739299	0.00541230306	0.006694250128	0.003648449967	0.001097101578	0.004566939093	0.006042128833	0.004015854511	0.005960584257	0.004083220967	0.005246051068	0.003889316821	0.006401432653	0.007000658365	0.0112074265	0.007760336604	0.01333951422	0.009605380375	0.01619979815	0.00622908103	0.002478660506	0.009549805551	0.0005830224107	0.0004437833333	0.0005261691099	0.000460290505	0.007343234522	0.008354841217	0.01394786714	0.01009034733	0.001052397511	0.0005154336117	0.001686058715	0.0008610262324	0.0007449646396	0.001084220463	0.0002316803509	0.000787689847	0.0006432831298	0.000835666073	0.001031161829	0.0005793370628	0.0008859824672	0.0008303131469	0.001952402459	0.001094550184	0.004491355183	0.002165050183	0.002882108827	0.003280600736	0.004087263917	0.002482885038	0.0005472287702	0.003321295203	0.005179868593	0.002984852029	0.004103728473	0.00385937638	0.004253150895	0.003389797465	0.003983131068	0.007143015814	0.008474691918	0.003164237126	0.005893162216	0.005128257046	0.004496496882	0.002454032228	0.000617394904	0.003143047765	0.004074301276	0.00211769652	0.003474643846	0.002304795093	0.003122477261	0.002356160208	0.003926992972	0.003844675752	0.005907601591	0.003956937119	0.007274735967	0.005064864986	0.008611425923	0.004488118228	0.001301450322	0.008301345307	0.0002795843152	0.0002522971766	0.0003097711871	0.0002697493093	0.004844531579	0.004065433465	0.008226648919	0.005997854631	0.00790142484	0.003277252609	0.009438739281	0.004820642594	0.007446692929	0.004353414963	0.001731452047	0.007132326638	0.005555803726	0.003181802283	0.003775599102	0.002888278867	0.004683545428	0.003738608511	0.007993093469	0.005430978083	0.002377877636	0.001078081922	0.001790400938	0.002184881394	0.001872549548	0.001070279509	0.0001923329159	0.002133142	0.002302482718	0.001251656436	0.001756080325	0.001749148758	0.002628349741	0.002019833764	0.002219874597	0.004974400719	0.01164910498	0.003963283181	0.005904288669	0.007660904472	0.007200108135	0.003299583335	0.0006271224438	0.00495055435	0.004811122575	0.002663431881	0.003409539738	0.003374857816	0.007955899063	0.004321912557	0.006444107833	0.009315786885	0.005123030115	0.004085470344	0.005189855534	0.005152961292	0.005215623323	0.003835507777	0.0004521434588	0.005291546308	0.0002644223233	0.0001570840175	0.0001938819108	0.0002116397662	0.004736650384	0.005541603371	0.006127208675	0.006881450608	0.009509611357	0.004236528846	0.009615823121	0.006621880938	0.007091834132	0.004616931236	0.0007440493244	0.006161599697	0.005499828683	0.003954141146	0.006202221903	0.003988306119	0.007658349371	0.005575351449	0.009454874027	0.009220568167	0.003557416871	0.001508406046	0.001988692667	0.002853180051	0.002002561359	0.001259816452	0.0001772561557	0.0018248179	0.002848232902	0.001406359522	0.001769485801	0.002244854919	0.004109761401	0.002728615662	0.002833539685	0.00595982273
Healthy	V7_S15	584895235	0.01119776262	0.003766635233	0.006357721482	0.0065686755	0.004494230492	0.002078732955	0.0004406840483	0.002688796054	0.00414868143	0.002048272799	0.002778860047	0.002276674386	0.003830489404	0.00193301797	0.003495887601	0.003572614162	0.005835397172	0.003465827517	0.005695013056	0.005123021732	0.005457876572	0.003254004967	0.000676557059	0.004664556722	0.0002717580696	0.0001967189902	0.0002443514521	0.0003015223743	0.003359545235	0.003052724476	0.004797917357	0.004663619802	0.006400229949	0.002672076821	0.005346892594	0.003618959214	0.004030514969	0.002756770621	0.0005436888198	0.003224343245	0.00356759617	0.002522631254	0.002659513887	0.00209298337	0.003154821393	0.002297973927	0.004176915546	0.003406071516	0.003411563098	0.001481258434	0.001997836416	0.002877467449	0.001800655805	0.001157364532	0.0001879498984	0.001716428755	0.002082148951	0.001225205741	0.001598074226	0.001778641606	0.00228314563	0.00169731764	0.001580896791	0.004234943032	0.01024443976	0.003316260561	0.006816324978	0.00519578519	0.006482764388	0.003508190659	0.001081246627	0.004328385407	0.00615293096	0.004024028337	0.006107321083	0.004026396283	0.004965039594	0.003696708181	0.006072215651	0.006637650245	0.01049637377	0.007206806874	0.01254623146	0.008843908602	0.01507163073	0.00588088395	0.002343087989	0.008939127364	0.0006115573843	0.0004675350108	0.0005808168364	0.0004767161422	0.006751807441	0.007841330764	0.01302264157	0.009326682239	0.00104786971	0.0005064257362	0.001648907261	0.000840107716	0.0007406095555	0.001072785283	0.0002406926772	0.0007827846298	0.0006534452277	0.000826019723	0.001060357416	0.0005712835052	0.0008343938723	0.0008002851998	0.001858549933	0.001031278704	0.004490178485	0.002147933382	0.002931005242	0.003199357574	0.004143201816	0.002520774511	0.0005671203664	0.003333131958	0.005212206935	0.003094516576	0.004380393012	0.003888857122	0.004096877281	0.003339775883	0.003868155978	0.006919577657	0.008912881638	0.003172911812	0.006158865356	0.005221394905	0.004505429079	0.002409901664	0.0006239715733	0.003098093285	0.004434271037	0.002255039742	0.00388740387	0.002472357293	0.003145125639	0.002314592288	0.003969360427	0.003893155327	0.005813451361	0.003849788586	0.007218014009	0.004901571817	0.008404043504	0.00444309142	0.001270186446	0.008021877627	0.0003097717149	0.0002840218043	0.0003587189422	0.0002991270736	0.004725692457	0.004029123267	0.008069181825	0.005758260281	0.008069046758	0.003297342643	0.009665110368	0.004778536108	0.00745218586	0.00436003381	0.0017196772	0.007039441858	0.005747403635	0.003271411503	0.003994896625	0.002965223336	0.004622448326	0.003720994581	0.008040451894	0.005294515692	0.002501034224	0.001113842208	0.001934548159	0.002245407248	0.001972919133	0.001122898531	0.000198440666	0.002189400637	0.002481169128	0.001393962459	0.002036024451	0.001914674514	0.002641541438	0.002039854197	0.002289165512	0.005005022823	0.01204230532	0.003957513861	0.006064138991	0.007777112426	0.007231390764	0.003282637445	0.0006411626862	0.004950266008	0.005063515349	0.002754508677	0.003589000003	0.003470686507	0.00791802826	0.004267114606	0.006344378921	0.009359093172	0.005275054087	0.004134843054	0.005361618308	0.005208693485	0.005318535378	0.003899464149	0.0004846662839	0.005367992099	0.0003111839336	0.0001865804224	0.0002395010108	0.0002462731638	0.004708475698	0.005573596441	0.006161729117	0.006884237995	0.009907175941	0.004309087934	0.009920032944	0.006710184603	0.007213537994	0.004778980632	0.0007755457266	0.006309870177	0.00584588281	0.00412632187	0.006552939348	0.004211667069	0.007650387167	0.005592403228	0.009474118899	0.009187123913	0.003872409732	0.001635498022	0.002222957074	0.003081172306	0.002240057572	0.001405272177	0.0002023336709	0.002061994914	0.003043721155	0.001555606792	0.002020683243	0.002423278418	0.004216594447	0.002839865844	0.002965146399	0.006190831765
Healthy	V7_S16	511110562	0.01046649864	0.003826538024	0.006022925819	0.006600405569	0.004631459758	0.00222713261	0.0004543244011	0.002916353351	0.003775572535	0.001935056862	0.002504851387	0.002138709472	0.00396837622	0.002075482447	0.003614237579	0.003826864764	0.006128327671	0.003736422492	0.005981085556	0.005774118595	0.005928623326	0.003602109087	0.0008162069638	0.005413386468	0.000238521778	0.0001746197528	0.0002041436976	0.0002802779098	0.003794022554	0.003553158817	0.005463962609	0.005760115754	0.005813849724	0.002558890575	0.004885811771	0.003581866892	0.004018956274	0.002800826487	0.0005396327537	0.003398346912	0.003106102902	0.002269125481	0.00234562165	0.001889127464	0.003260357198	0.002410496068	0.004231544329	0.003715650079	0.0031242164	0.001383690834	0.001731830774	0.002765528841	0.001710238577	0.001161993205	0.000181078238	0.00181348434	0.001869808748	0.001069768541	0.001319595113	0.001596147802	0.002367612978	0.001797360627	0.001565737552	0.004565700992	0.009812708586	0.00335019686	0.006553124214	0.005290002205	0.006620068634	0.003656705885	0.001059424399	0.00460234864	0.005656725208	0.003834503033	0.005511656791	0.00388924657	0.005236403234	0.003964758607	0.006294634154	0.007116440689	0.01098874963	0.007685159126	0.01300249201	0.009542665252	0.01620875328	0.006281098922	0.002458458293	0.00974991004	0.0005402881892	0.0004228067586	0.0004807883426	0.0004421861272	0.0074379406	0.008603750983	0.01401660919	0.01043357621	0.001019497617	0.0005037755412	0.001602369548	0.0008411800342	0.0007332073095	0.001071457021	0.0002196256707	0.0007813749699	0.00062164632	0.0008275098021	0.0009837695352	0.000571623875	0.0008689137596	0.0008312271974	0.001901946609	0.001084117686	0.004206714085	0.002035860883	0.002610243456	0.003148530122	0.003921220082	0.00244353393	0.0005053192385	0.003328332706	0.004824506053	0.002804459752	0.003628754986	0.003616151059	0.004257053487	0.003466015245	0.003855887838	0.007302110888	0.008419779046	0.003210162579	0.005791549266	0.005251413685	0.004647988472	0.002548564042	0.000627468935	0.003335241192	0.004005835825	0.00213421338	0.003369316011	0.002342084255	0.0032702396	0.002488056586	0.004042866952	0.004155052073	0.005971449676	0.004023190192	0.007315088511	0.005254630211	0.008836054928	0.004691855693	0.001294146608	0.008755532233	0.0002736335548	0.0002505837475	0.0002920405311	0.0002673902873	0.005091614601	0.004325120951	0.008564088331	0.006472443041	0.007864411927	0.003325658138	0.009269387785	0.004927213772	0.007620985144	0.00449326461	0.001701837263	0.007524199823	0.005529429854	0.003222279331	0.003788340809	0.002944762077	0.004834916716	0.00391298116	0.008184180314	0.005688086328	0.002367836022	0.001098075528	0.001729169901	0.002275585923	0.001927287505	0.001120683161	0.000191621945	0.002308377263	0.002275540923	0.001251903302	0.001684187462	0.001770708859	0.002754417742	0.002151786877	0.002287150935	0.005369317725	0.01105978123	0.003926395088	0.005645524109	0.007574819008	0.007209217093	0.003337082281	0.0006111065261	0.005010547992	0.004581359052	0.00259270322	0.003225714987	0.003268535468	0.00806117953	0.004412237132	0.006446593448	0.009537316116	0.005021242351	0.00410763963	0.0050462839	0.005220891913	0.005290526553	0.003969694917	0.0004498107006	0.005493963946	0.000243366131	0.0001530979906	0.0001714697494	0.0002065717437	0.004893197648	0.005844303018	0.006276463917	0.007233579728	0.009053630162	0.004147468586	0.009153690704	0.006464266727	0.007010755141	0.004662541096	0.0007162364217	0.006200368835	0.005147852922	0.0038608848	0.005850078676	0.003828737157	0.007577822272	0.00562587474	0.009379058772	0.009192502267	0.003258271544	0.001425875445	0.001722621416	0.002696076157	0.001874101361	0.001227395884	0.0001604193028	0.001772960818	0.002644817189	0.001328898384	0.001520735547	0.002111369007	0.004070258286	0.002792738218	0.002718402051	0.006120783315
Healthy	V7_S5	411614660	0.01062562495	0.003743190294	0.006108261547	0.00641966445	0.004471155133	0.002116710323	0.0004312771562	0.002714808554	0.003888867807	0.001973505997	0.002596314232	0.002172886651	0.003755582952	0.001932207662	0.003479271122	0.003485344764	0.005923229265	0.003550456633	0.005843149513	0.005262866488	0.005595262326	0.003377450162	0.0007015323507	0.004858150582	0.0002469348395	0.0001826441264	0.0002220912151	0.0002847469038	0.003424627782	0.003141736983	0.004972971565	0.00480163656	0.006023828209	0.002597640716	0.005115551521	0.00351317662	0.003986364334	0.002745123315	0.0005364580552	0.003239330689	0.003313071988	0.002391486737	0.002501174278	0.001975874717	0.003148762972	0.002320498011	0.004160357165	0.003396757054	0.003162926704	0.001376384408	0.001805113064	0.002670624025	0.001688380098	0.001098772818	0.0001714273248	0.001630119297	0.001932669259	0.001117061768	0.001417821221	0.001632580336	0.002216517264	0.001636795444	0.001517307474	0.004102249419	0.01002390926	0.003308922476	0.006716373999	0.005189462883	0.006584872366	0.003590637418	0.001076555437	0.004463934788	0.005978934278	0.003983718656	0.005871717494	0.003992289779	0.005040515321	0.003773772295	0.006216270334	0.006715215148	0.01080993082	0.007488397036	0.01299846803	0.009227897762	0.01588596723	0.006234379504	0.002502184932	0.009576680286	0.0005796586545	0.0004611959156	0.0005497034532	0.0004634698871	0.007082347359	0.00824710908	0.01380891293	0.009883321454	0.001055769005	0.0005209872748	0.001653619431	0.0008585870095	0.0007614694773	0.001094049954	0.0002375012591	0.0008099152737	0.0006580960941	0.0008552440771	0.001053169486	0.0005882589313	0.000877026586	0.0008454995262	0.001957160612	0.001099598834	0.004301183053	0.002041402024	0.002740130782	0.00309296321	0.003992260626	0.002436230041	0.000533802659	0.003271999593	0.005071592931	0.002986278477	0.004024667149	0.003764384874	0.004118315417	0.003351979738	0.003862687981	0.007005972528	0.008606413581	0.003191463103	0.005983078931	0.005208888818	0.004582300349	0.002494908709	0.0006270597845	0.00319505384	0.004234577068	0.002223652578	0.00357707862	0.002422518187	0.003144064402	0.002342083734	0.004006582273	0.003870056523	0.005991613613	0.004038359567	0.007505094692	0.005140110899	0.008802985783	0.004700456976	0.001314117432	0.008493152309	0.0002975282756	0.0002806532692	0.0003379520059	0.0002895110684	0.004949566179	0.004237854405	0.00852529888	0.006070541802	0.008127613822	0.003408279967	0.009653162013	0.004898933872	0.007656649061	0.00452017914	0.001727042472	0.007360852988	0.005750922477	0.00335550002	0.004007886891	0.003035377797	0.004750754018	0.003889071881	0.008237160455	0.005514954205	0.002433336558	0.001103167705	0.001831076668	0.002225710328	0.001958749477	0.001131745405	0.0001955931307	0.002212671434	0.002415577229	0.001347323246	0.001859846294	0.001857722949	0.002692953162	0.002084442279	0.002292187552	0.005121379788	0.011656045	0.003944281285	0.005858887533	0.007648121668	0.007228821733	0.003292086341	0.0006262240514	0.004966438756	0.004845568426	0.002681763084	0.003410668123	0.003390199951	0.00794687439	0.004346332077	0.006390302036	0.009432287956	0.005103355648	0.004090058406	0.005191882621	0.005183413535	0.005287702824	0.003937561408	0.0004709793378	0.005455971855	0.0002701361511	0.0001689055487	0.000204924674	0.0002214862804	0.004757916057	0.005694959941	0.006259094368	0.007083926505	0.009523769149	0.004295806665	0.009661956647	0.006649061042	0.007210090622	0.00477051036	0.0007740103329	0.006336696074	0.005585386585	0.004092966465	0.006293009583	0.004084963835	0.00764882621	0.005723202376	0.009576894079	0.009405678117	0.003540461848	0.001510313068	0.001964264344	0.002844629003	0.00203059823	0.001303017244	0.0001808050277	0.001894781882	0.0028682992	0.001448041234	0.001780845221	0.002275538485	0.00417115853	0.002815344332	0.002861963177	0.00619263415
Healthy	V7_S6	507283952	0.01023130138	0.003653813594	0.006107196941	0.006111115851	0.004360490789	0.0021151842	0.0004489911402	0.002659465167	0.003846879036	0.001992653219	0.002637512964	0.002127559911	0.0035237602	0.001883787169	0.003434681884	0.003328463267	0.005827432522	0.00356049505	0.005941254377	0.005160687598	0.005601728556	0.003432142872	0.0007632668025	0.004916126343	0.0002555550979	0.0001898601358	0.0002308115594	0.0002846571421	0.003355718219	0.003175180279	0.00509077212	0.004873219408	0.006010749971	0.002640954824	0.005252533595	0.003505809701	0.004018394416	0.002842924548	0.0005693734226	0.003311738906	0.003394089234	0.0024844823	0.002587751879	0.001991764171	0.003075987312	0.002318358378	0.004233417973	0.003382320677	0.003017672832	0.001333959013	0.001821096442	0.002481152804	0.001638599046	0.001103244047	0.0001802225354	0.00161382791	0.001902291599	0.00111874227	0.001455305253	0.001580793157	0.002047993034	0.00158960479	0.001495430709	0.003872696923	0.01007909077	0.003395337056	0.007051297377	0.005174839436	0.006716504606	0.003745348128	0.001173770622	0.004558456838	0.00616146635	0.004213594756	0.006310428287	0.004098785289	0.004946180517	0.003839875069	0.006438323127	0.006627952622	0.01108780197	0.007784681507	0.01379405552	0.009346749451	0.01648216934	0.006428155251	0.002735755773	0.00972511348	0.0006247290078	0.0004951861753	0.0005932042573	0.0004789053528	0.007082366761	0.008471649819	0.01453850841	0.009895276561	0.001103839374	0.0005483181538	0.001805970791	0.0008932728863	0.0008140746388	0.001182130832	0.0002635092229	0.0008610404455	0.0006973076885	0.00091999165	0.001138234312	0.000618667314	0.0008902548528	0.0008760458482	0.002096527982	0.001101793183	0.004299684607	0.002083911773	0.002874859325	0.003057837714	0.004101543114	0.002534994444	0.0005873022374	0.003285834282	0.005261073191	0.003122377504	0.004335828073	0.003832610892	0.004025804467	0.003331424133	0.004022453287	0.006804902829	0.008324600026	0.003129304591	0.005981563162	0.004982716268	0.00446460999	0.002520446379	0.0006585739578	0.003137737738	0.004116684535	0.002211989943	0.00360451576	0.002343714985	0.002951185414	0.002323221532	0.00393366475	0.003730600963	0.006028958708	0.004111553286	0.007798419375	0.005108620113	0.008940671161	0.004844631868	0.001437277874	0.008717088295	0.0003056651002	0.0002899579208	0.0003526624473	0.0002902555845	0.004867764869	0.004329184851	0.008881235021	0.006120053646	0.008076129718	0.003421821237	0.009976294302	0.004849550218	0.007592950624	0.004676514979	0.001849498681	0.007496375521	0.005811723372	0.003399930144	0.004046500962	0.002979280133	0.004541277111	0.003881920554	0.008271140815	0.005388185432	0.002317191378	0.001049502942	0.001811914208	0.002059554606	0.001860691623	0.001111553003	0.0002041953024	0.00214034565	0.002324159862	0.001314760692	0.001839498364	0.001714998073	0.002466723016	0.001993800506	0.002207294348	0.004806107093	0.01135585697	0.003851438612	0.005874006044	0.007238519936	0.007024882191	0.003229033746	0.0006390503755	0.00476443418	0.004791689133	0.002711767235	0.003485986484	0.003311886752	0.007413822151	0.004125931821	0.006276088545	0.008714137285	0.005069817387	0.004119972634	0.005343733011	0.005031493683	0.005281893877	0.003927299478	0.0004934514467	0.005320335858	0.0002842628856	0.0001714621558	0.0002140694567	0.0002152423698	0.004561863215	0.005520385553	0.006254193509	0.006700389371	0.009470642588	0.004333320601	0.009986627765	0.006542769561	0.007306170411	0.004896941822	0.0008081706476	0.006337018917	0.005694024005	0.004209740899	0.006549121033	0.00408544562	0.00739978859	0.005631465353	0.009645420441	0.008944840423	0.003420813911	0.001484310704	0.00199497539	0.002684151538	0.002000305738	0.001272685638	0.0001903135308	0.00180069761	0.002862095271	0.001453475903	0.001838355021	0.002198378237	0.003918345913	0.002630134454	0.002810583687	0.005495927851
Healthy	V7_S7	497181572	0.009938403349	0.003558283532	0.00594798594	0.005957634327	0.004233511696	0.002097919671	0.0004507085794	0.002634244859	0.003713337549	0.001952447666	0.002591292744	0.002064507331	0.003400282905	0.001851357838	0.003321058328	0.003290592597	0.005572165495	0.003525631477	0.00579507802	0.005058658932	0.00553157469	0.003501479335	0.0007986981464	0.004983314225	0.000250854028	0.0001942067153	0.0002374725988	0.0002839264525	0.003280091403	0.003210734448	0.005060465113	0.004887156196	0.005879047343	0.002622925051	0.005229689004	0.003477365408	0.003970583608	0.002882801939	0.0006006759237	0.00334800824	0.003353989958	0.002500500964	0.002602260568	0.001976678251	0.003013597214	0.002319311626	0.004228256071	0.003377916831	0.002926669213	0.00131259692	0.001776841801	0.002472720369	0.001607438902	0.00111865369	0.0001845100566	0.001650706797	0.001822334236	0.001097100196	0.001419865578	0.001543983211	0.00200872087	0.001601205766	0.001452636302	0.003887485194	0.01001373398	0.003414895273	0.007148014327	0.005151464061	0.0068382623	0.003913169976	0.001234959288	0.004722264726	0.006213721855	0.004345639745	0.006525278053	0.004135889413	0.00489248624	0.00391096555	0.006448432888	0.006676029819	0.01113290659	0.008109610708	0.0143380817	0.009561985536	0.01706583566	0.006836313314	0.002940454921	0.01021825081	0.0006676856479	0.0005538821539	0.0006675589336	0.0005198080833	0.007169018726	0.008879784064	0.01511183122	0.0101744298	0.001092620947	0.0005586651148	0.001854095268	0.0008946349283	0.0008320421015	0.001241001346	0.0002859860623	0.00089232189	0.0007150506375	0.0009702954155	0.001193260236	0.0006321815162	0.0008802840343	0.0009026682107	0.002129115518	0.001106072773	0.004313591092	0.002136839054	0.002920098173	0.003088716651	0.004211777181	0.002695892357	0.000625043279	0.003435525563	0.005305051813	0.003267944935	0.004524445649	0.003905036126	0.00403774016	0.00345753563	0.004092975514	0.006973168748	0.007998993173	0.00306876217	0.00587245619	0.004833747137	0.004397337156	0.002528201106	0.0006757832931	0.003117313849	0.004047448887	0.002202509227	0.003624299655	0.002301597775	0.002841732437	0.002312463021	0.00386251846	0.003669780022	0.005743732594	0.004061015359	0.007651948934	0.004938505645	0.008808556565	0.004966332501	0.001479656611	0.008725928804	0.0003057675677	0.0003036073911	0.0003653514334	0.0002939569932	0.004693331635	0.004303922592	0.008722680494	0.005975193304	0.007896141412	0.003429861636	0.01001629039	0.004784378855	0.007647769375	0.004764464601	0.001946896375	0.007626137439	0.005822490541	0.003495024952	0.004131657559	0.003006861244	0.00444263248	0.003900943054	0.008345804096	0.005347569479	0.002234877684	0.00102453918	0.00179313967	0.002021076517	0.001830260917	0.001124514728	0.0002083625095	0.002144910552	0.002267213959	0.001313089698	0.001845414335	0.001710707009	0.002394861489	0.001978263185	0.002163847296	0.004737665538	0.01096749821	0.003745195126	0.005724548455	0.007032859215	0.006809966802	0.003198372767	0.000629761877	0.0046937158	0.004672023524	0.002657081586	0.003435809161	0.003221802839	0.007167709345	0.00404079337	0.00608751042	0.008528890125	0.004900702555	0.004119132959	0.005299148537	0.004934185292	0.005249182888	0.004065190896	0.0005128267304	0.005418489244	0.0002861369126	0.0001812456557	0.0002280776408	0.000222234705	0.004466969665	0.005620232441	0.006275679099	0.006699095839	0.009234240082	0.004294282251	0.01000447177	0.006436489565	0.007199216949	0.004925001524	0.0008327400357	0.006293499551	0.005653345092	0.004281353372	0.006708772384	0.004092784437	0.007259850733	0.005648706948	0.009663920126	0.008871905655	0.003395401389	0.00147058749	0.002029053482	0.002684856147	0.001992296287	0.001310557423	0.0001962985064	0.001828362215	0.002833972696	0.0014461075	0.001885548566	0.002197834879	0.003871448799	0.002661234998	0.002834517768	0.005630695419
Healthy	V7_S8	427490266	0.01067024997	0.003776991264	0.0061627181	0.006427942853	0.004529377986	0.00218157482	0.0004533670481	0.002801876663	0.00388637855	0.001989121315	0.002634364077	0.002160753293	0.003824175964	0.0020059755	0.003579601974	0.003635140081	0.006032270686	0.003668902253	0.006007341463	0.005442418658	0.005792225454	0.003538667709	0.000785267003	0.00515811277	0.0002476313695	0.0001805795503	0.0002237384278	0.0002835292629	0.003587679351	0.00337748743	0.005305552384	0.005291839791	0.00598418538	0.002619280693	0.005116465038	0.003572722285	0.004051551901	0.002839428395	0.0005611589762	0.003378661726	0.003294839934	0.002402375169	0.002498120039	0.001947918038	0.003205223859	0.002400314303	0.004271372111	0.003553082072	0.003025514504	0.00132145465	0.001738668829	0.002545386612	0.001648844561	0.001116296763	0.0001760835415	0.001679696726	0.001865780495	0.001074270075	0.001379144853	0.001564945575	0.00219890153	0.001683455875	0.001522682624	0.004208313365	0.009930392193	0.003309897587	0.006739425969	0.005175825454	0.006599252017	0.003648847995	0.00111095629	0.004523731074	0.005851316858	0.003959311205	0.005856147377	0.00393154683	0.005085804691	0.003865744162	0.006336595744	0.006830953199	0.01090839575	0.007606528753	0.01321305875	0.009269899961	0.01620798776	0.006315439706	0.002591701117	0.009643515485	0.0005789652296	0.0004560735425	0.0005459422554	0.0004593531493	0.00720879572	0.0084392752	0.01416912029	0.01005962554	0.001064461664	0.0005215978415	0.001688099256	0.0008708385421	0.0007687028832	0.001105552658	0.0002437108124	0.000817630313	0.000654726019	0.0008591470478	0.001053287141	0.0005806003545	0.0008804294037	0.0008486134746	0.001994763549	0.001089526562	0.004136342136	0.001989088566	0.002658324856	0.0029868376	0.003898977667	0.002422679725	0.0005363467153	0.003210695328	0.004922112074	0.002888599106	0.003903709939	0.003623390105	0.004084640374	0.003349105498	0.003888476843	0.006972586833	0.008606935158	0.003208515162	0.00601615336	0.005228371679	0.004600726979	0.002567515771	0.0006568430262	0.003269667431	0.004154810393	0.002216986152	0.003613616783	0.002384802839	0.003166647542	0.002436731507	0.004067545248	0.004034863802	0.006080248386	0.004129745495	0.007711497225	0.005233946075	0.009014427477	0.004888321831	0.001410242637	0.008838198903	0.000297772862	0.0002826777815	0.0003477435905	0.0002907387837	0.005081846706	0.004433731364	0.008936828049	0.006389757188	0.008064326311	0.003390512288	0.009704328566	0.004925377646	0.007664464575	0.004623585979	0.001804190788	0.00756720856	0.005706274959	0.003333521517	0.003961538156	0.002975744949	0.004713197376	0.003941065175	0.008260646571	0.005584620727	0.002361595293	0.001072050141	0.001786988057	0.002177541979	0.001919889329	0.00114240262	0.0002016256436	0.002251681679	0.002327566448	0.001298490385	0.001801021125	0.001769598188	0.002653601942	0.002118263437	0.00228792344	0.005188571943	0.01139243484	0.003857720587	0.005721957187	0.00739784096	0.007092060899	0.003256642573	0.0006237218042	0.004852059017	0.004661755269	0.002610501545	0.003312599403	0.003252705642	0.00776383292	0.004252962335	0.006346275496	0.009131363473	0.005027971795	0.004075168813	0.005132706343	0.005083058429	0.005296020003	0.003942452341	0.0004721978863	0.005414825048	0.0002628083232	0.0001608808562	0.0001908394331	0.0002091649965	0.004745022662	0.005675464901	0.006275661023	0.006985447945	0.009236872308	0.004207791716	0.009507070273	0.006464392806	0.007179433648	0.004751448539	0.0007716105517	0.006271871463	0.00539868199	0.003996846562	0.006107860711	0.003892636002	0.007515885754	0.005631847533	0.00953428025	0.0090734604	0.003219123591	0.001391341622	0.001757761661	0.002585179331	0.001883600784	0.001215159832	0.0001703617738	0.001740942565	0.002683265775	0.001343003679	0.001603302004	0.002092679228	0.003990804319	0.002666301646	0.002702672065	0.005726490624
Healthy	V17_S16	691544112	0.01054579147	0.003784866294	0.006247156074	0.006427520563	0.004659357146	0.002158925185	0.00046777204	0.002809164255	0.004037010729	0.002038569884	0.00265943411	0.002223937668	0.003944419384	0.002011582451	0.003677869504	0.003629790141	0.006235765622	0.00371924069	0.006112422804	0.005598172167	0.005784663524	0.003447632564	0.0008080048551	0.005116557192	0.0002588598426	0.0001892287097	0.0002199281251	0.0002959536441	0.003616806154	0.003323235583	0.005330407614	0.005320139289	0.006210620444	0.002657351813	0.005259655801	0.003620907122	0.004151341831	0.002837334547	0.0005708124661	0.00338620915	0.003401532829	0.002439260158	0.002517226262	0.001989144259	0.003321981867	0.002405411269	0.004400851583	0.003597033012	0.003441867205	0.001493904701	0.001962806098	0.002908371231	0.001822294454	0.001194202923	0.0001968580133	0.001842754465	0.002069924355	0.001197799223	0.001501178279	0.001757801099	0.002422893885	0.001821779664	0.001656477121	0.004562434912	0.009363365095	0.003131933253	0.006285882454	0.004919456244	0.006179987546	0.003359776997	0.001049185421	0.004246677759	0.005611261715	0.003722507292	0.005409196514	0.003776907293	0.004811286717	0.003611985059	0.005880042834	0.006491781106	0.01011263328	0.007045115294	0.0120618842	0.008643772532	0.01472962292	0.005719049488	0.002353217925	0.008972535363	0.0005423486275	0.0004237647244	0.0004828788131	0.0004336382811	0.006622826976	0.007805672706	0.01289720763	0.009522461237	0.00101596122	0.0004989674469	0.001579056175	0.0008282190392	0.0007419223027	0.001043580572	0.0002298045739	0.0007894145732	0.0006256390482	0.0008240877048	0.0009725742557	0.00055912413	0.0008524329682	0.000797711947	0.001893552381	0.001054602284	0.004168452814	0.001963378729	0.002615387751	0.002984577504	0.003823377214	0.002345134565	0.0005311982181	0.003218887937	0.004896832959	0.002857785882	0.003767314268	0.00360506576	0.00402070519	0.003300187161	0.003756279542	0.006917649817	0.008521103568	0.003194940079	0.006030101229	0.005200619798	0.004714668151	0.002534269282	0.0006664245881	0.00329410512	0.00423334383	0.002245545834	0.003559039774	0.002444912726	0.003269145035	0.002445745645	0.004183015877	0.004046663042	0.006219250407	0.00413205022	0.007756090909	0.005296740926	0.009027282413	0.004731469682	0.001370602372	0.008746276478	0.0002997437132	0.0002756845105	0.0003194937187	0.0002882101034	0.005157289229	0.004377881248	0.008965345655	0.006515001606	0.007934202468	0.00336369721	0.009519339238	0.004858569311	0.007731382434	0.004548119123	0.001775069701	0.007541806675	0.005724256676	0.003329100718	0.003911160479	0.002990872114	0.0048214061	0.003902568113	0.008385596666	0.005594334378	0.002545406677	0.001146681732	0.001883558803	0.00232834171	0.002023101601	0.001158267399	0.0002087401187	0.002343162167	0.002487481232	0.001368340766	0.00184926598	0.001898658346	0.00282227694	0.002189991895	0.002385256372	0.005413035749	0.01163096158	0.003925532664	0.005834469458	0.007571757042	0.007233541452	0.003258372041	0.0006440601435	0.004917117999	0.004799485589	0.002657223116	0.003341274924	0.003361862186	0.008069274112	0.004376297835	0.006533468974	0.009467187829	0.005225662307	0.004124393441	0.005269673961	0.005261905838	0.005339906646	0.003908907549	0.0004790670534	0.005498302905	0.0002757727189	0.000165244701	0.0001930057645	0.0002201623835	0.004934255011	0.005838360749	0.006444128325	0.007436545132	0.009443910933	0.004243586127	0.009592569563	0.006556124073	0.007179968586	0.004697004781	0.0007759982201	0.006295495724	0.005454956429	0.004006857917	0.006053638412	0.003963212111	0.007663179988	0.005661781992	0.009693368628	0.009244236035	0.003644490577	0.001550080438	0.001966001845	0.002900633474	0.002070402994	0.001319928815	0.0001882829999	0.001935730457	0.002933896717	0.00145718687	0.001743654496	0.002309774564	0.004349732646	0.002946838769	0.002962506606	0.00629374457
Healthy	V7_S10	780828001	0.01081012847	0.003875356668	0.006219158373	0.006546387929	0.004649122464	0.002214491537	0.0004309873616	0.002794717911	0.003944429498	0.001988747839	0.002607784297	0.002174358499	0.003926426814	0.001984444715	0.003591008515	0.003533847398	0.00614406373	0.003699639352	0.006030841612	0.005428190324	0.005811720371	0.003482454518	0.0006962826632	0.004988503224	0.000239648168	0.0001665001765	0.0002015181318	0.0002719433726	0.003569454472	0.003220833521	0.005107464121	0.004942253601	0.00597981629	0.002573710212	0.005011996233	0.003500551974	0.004035580174	0.002749517176	0.0005153247572	0.003213025144	0.003207524572	0.00227768215	0.002396144859	0.001892807376	0.003207288925	0.00230939464	0.00416768225	0.003359194338	0.003112989028	0.001337628772	0.001740549773	0.002565255085	0.00165131117	0.001084103028	0.000156729779	0.001574423559	0.001883597922	0.001047995204	0.001321246163	0.001554959605	0.002235578127	0.00161191581	0.001495258877	0.004034956477	0.01018378822	0.003426410165	0.006823400279	0.005353547766	0.00678796738	0.003702778328	0.001057182887	0.004565585501	0.005878590412	0.00390065033	0.005715261228	0.003951137762	0.00528028195	0.003904941928	0.006387285028	0.006908503528	0.01132011786	0.007839095156	0.01338107494	0.009584044105	0.01657854224	0.006403221956	0.002454312598	0.009755071527	0.0005482142027	0.0004141590716	0.0004869164522	0.0004380004298	0.007477698024	0.008500420056	0.01417591837	0.01014249232	0.001059801901	0.0005196266008	0.001657252299	0.0008646795442	0.0007636150333	0.001084808689	0.0002215340636	0.0008056498988	0.0006395723506	0.0008318502912	0.0009974693518	0.000574427402	0.0008958234068	0.0008337943813	0.001947601774	0.001085157037	0.004243821937	0.002021488725	0.002668092073	0.003062014934	0.003922564247	0.002375496265	0.0004898082542	0.003140625076	0.004928395236	0.002789280094	0.003703131799	0.003575992403	0.004214013836	0.003333063103	0.003839571578	0.00695508613	0.008679971762	0.003215028145	0.00595634121	0.005181801875	0.004597546445	0.002522809117	0.0006052088288	0.003194786812	0.004112031069	0.002143317091	0.003433423233	0.002338773709	0.003189428398	0.00234360832	0.004000263817	0.003839752156	0.006174715807	0.004101485853	0.007563687512	0.005212666547	0.00896808643	0.004716079592	0.001271968985	0.008573279892	0.0002767472474	0.0002478791741	0.0002925266508	0.0002637802432	0.005053687874	0.004250569902	0.008616172821	0.006099771004	0.00804398663	0.00334601602	0.009422002017	0.004863282304	0.007523161301	0.004456345054	0.001613606324	0.007254187853	0.005596857431	0.003162392994	0.003791094833	0.002897848178	0.004732471166	0.003812131476	0.008027287689	0.00539991265	0.002371942345	0.001062365846	0.001730527079	0.002148766435	0.001867549573	0.001074579804	0.0001780571391	0.002094091142	0.00226923983	0.001220898839	0.00166858386	0.001701149291	0.00264107588	0.002012257498	0.002202561893	0.004906487722	0.01193646102	0.004057736142	0.005899299198	0.007795797528	0.007441042064	0.003426465235	0.0006301848799	0.005084973893	0.004801572171	0.002662113804	0.003348948804	0.003343306076	0.008213356836	0.004461165577	0.006581587742	0.009543877769	0.005185305848	0.004176341007	0.00517479393	0.005245937639	0.005433579475	0.003995823659	0.0004533187841	0.005511156099	0.0002478112974	0.0001485243867	0.0001724707616	0.0002025055451	0.004914868569	0.005749227735	0.006317971427	0.00710135778	0.009462608911	0.004279719728	0.009518922209	0.006620459299	0.007281143853	0.004795988355	0.0007444827789	0.006362694465	0.005360914305	0.003932577976	0.005992406771	0.003900582454	0.00767609511	0.005672711525	0.009545596457	0.009206971306	0.003254871747	0.001396253719	0.001714859096	0.002614067371	0.001884648089	0.001205020823	0.0001560817489	0.001717776512	0.002681114147	0.001312519529	0.00152290389	0.002068345395	0.004092140645	0.002685843742	0.002678222345	0.005802486584
Healthy	V7_S13	916545643	0.009992792034	0.003605184341	0.005979607281	0.006078020274	0.004330907064	0.002129601526	0.0004437204007	0.002675574336	0.003758743524	0.001968748653	0.002592354258	0.00210468951	0.003542521886	0.001887329904	0.003379553461	0.003387974209	0.005655467395	0.003561662231	0.005837917665	0.005194056659	0.005622477221	0.003533660353	0.0007832310431	0.005059464344	0.000247292649	0.0001851691744	0.0002233342132	0.0002818768514	0.003377760861	0.003247117067	0.005124312178	0.004994808535	0.005887924994	0.002598300497	0.005185094748	0.003499764605	0.004006521692	0.002850657815	0.0005817811738	0.00333224867	0.003332658906	0.002441339411	0.002559630301	0.001969794973	0.003087650922	0.002318112596	0.004235681037	0.003418046907	0.003071792465	0.001354641757	0.001836783594	0.002606588137	0.00166830535	0.00114719655	0.000179678995	0.001691622247	0.001869241334	0.001110626631	0.001429198873	0.001594973487	0.002115171257	0.00162560153	0.001494576959	0.004021849897	0.009882667676	0.003378108907	0.0070263833	0.005137356809	0.00673737969	0.003824097607	0.001181717472	0.00461166995	0.00610270426	0.004209500126	0.006303404576	0.004082184045	0.004944057107	0.003876817295	0.006384439274	0.006645255527	0.01100513987	0.007950762797	0.01390565336	0.009438975643	0.01672675564	0.006646245112	0.002778834878	0.009945155563	0.000630058093	0.0005001867648	0.0005994758736	0.0004932378474	0.007138248979	0.008737369558	0.0147265912	0.01000773619	0.001060968439	0.0005387129422	0.001788125897	0.0008617323164	0.0007948365753	0.001183028918	0.0002595113531	0.000850451918	0.0006821733372	0.0009230691417	0.001114994117	0.0006158634917	0.0008612620725	0.0008692343977	0.002058673253	0.001075072483	0.00438232949	0.00213402902	0.002915959527	0.003135741272	0.004214628076	0.002653496876	0.0005918406837	0.003412837128	0.005287783578	0.003183335192	0.004403869061	0.00389030162	0.004098576027	0.003426775332	0.004049002937	0.006910622562	0.008047647224	0.003089586451	0.00585810433	0.004882514072	0.00445841408	0.002544443932	0.0006576791943	0.003164952037	0.004052407022	0.002190890345	0.003567627019	0.002341599697	0.002961484811	0.002356910446	0.003930593122	0.003749030969	0.005814279999	0.004055685637	0.007646458257	0.00499417136	0.008843349005	0.00493969835	0.001419879097	0.00876932105	0.0002924546116	0.0002816957366	0.0003321547621	0.0002786058741	0.004827895952	0.004351580339	0.008767350608	0.006066989727	0.007835639234	0.003383003371	0.009820420913	0.004799171796	0.007627587402	0.004695296991	0.001834389823	0.007594099708	0.005768753624	0.003396369863	0.004046850289	0.00298941468	0.004543240189	0.00389164798	0.008337450577	0.005398553839	0.002273887848	0.001032898915	0.001797290743	0.002077033495	0.001860170318	0.001116565234	0.0002002486198	0.002165418618	0.002264064006	0.001289310586	0.001791069558	0.001727213491	0.002477121589	0.001995044125	0.002184360392	0.004800378501	0.01109188951	0.003797489003	0.005777945747	0.00724854354	0.006916206572	0.003246728652	0.0006294809259	0.004767483249	0.004706758505	0.00265422679	0.003431150455	0.003287382383	0.00742847566	0.004139192662	0.006212660595	0.008842070291	0.004988081101	0.004156251278	0.005341291006	0.005035586646	0.005299149079	0.004085303366	0.0004997045194	0.005467519308	0.0002694181156	0.000169988261	0.0002099415359	0.0002184102903	0.004595373981	0.005692543563	0.00634335676	0.006811269082	0.009270051159	0.004259925329	0.009903529703	0.006459062945	0.00718263302	0.004893718097	0.0008093726763	0.00630651735	0.005570462354	0.004168511442	0.006545983875	0.004063627413	0.00736201634	0.005639989715	0.00964371722	0.009002050321	0.003419035401	0.001467827609	0.001989533215	0.002710590595	0.00199551546	0.001291105368	0.0001794433275	0.001826292027	0.002802689664	0.001411424526	0.001816400539	0.002209994685	0.003942556519	0.002676871598	0.002828237764	0.00574401945
Healthy	V7_S4	861158330	0.01008769665	0.003686532301	0.00600685126	0.006216173976	0.004422124094	0.002142047444	0.000438648721	0.002712371139	0.003767930805	0.001960904216	0.002562478842	0.002112568545	0.003621545413	0.001921158912	0.003462365626	0.003400743972	0.00580522051	0.003583055395	0.005867587671	0.005217847687	0.005635537428	0.00345457844	0.0007369109464	0.004976424022	0.0002423770319	0.0001778511508	0.0002122838433	0.0002750307252	0.003391665502	0.003189642258	0.005085198444	0.004879051684	0.005853584439	0.00258176101	0.005076426538	0.003487471346	0.004009939729	0.002793515334	0.0005563320743	0.003275040027	0.003256480141	0.002375344845	0.00248206738	0.001941300388	0.003116119193	0.002334469667	0.004191007477	0.003374756881	0.002997217713	0.00132416997	0.001757625685	0.002506532103	0.001629040736	0.00109046614	0.0001691767877	0.001608118916	0.001853662613	0.001079080313	0.001361743781	0.00155587649	0.002103178866	0.001608437092	0.00147901606	0.003951902782	0.009929510872	0.003386378438	0.00690846595	0.005221803986	0.006786228265	0.003753237805	0.001136146474	0.00463087897	0.006035280411	0.004103382476	0.006039281998	0.0040484042	0.005057223333	0.003889717934	0.006417168374	0.006767655606	0.01106004281	0.007827515296	0.01364191995	0.009478333676	0.01654396004	0.006484248953	0.002665837303	0.009891861581	0.0005979202454	0.0004724009347	0.0005559198388	0.0004691924655	0.007236002699	0.008593383751	0.0145621491	0.01008594552	0.00106176294	0.0005359362894	0.001715910941	0.0008749680213	0.0008004335277	0.001152589443	0.0002478719564	0.0008502733754	0.000669432066	0.0008899455226	0.001067331021	0.0005992219805	0.0008936451907	0.0008685336644	0.002033339212	0.00110470394	0.004274524059	0.002063493945	0.002797017594	0.003093712163	0.004069431692	0.002500667909	0.0005512772547	0.003301236139	0.005175597616	0.003065404941	0.004112249602	0.003769825927	0.004135476458	0.003409684256	0.003988012286	0.006982749618	0.00827996984	0.003149002809	0.005903562473	0.005054427099	0.004546273157	0.002551992965	0.000643522777	0.003206405726	0.004061493547	0.00217253545	0.003486170772	0.002344428347	0.003042571742	0.002360414954	0.003979663066	0.003804242363	0.006006385609	0.004101831077	0.0076243645	0.005139735454	0.008898414767	0.004825778089	0.001349572964	0.008693818244	0.0002910359121	0.0002750748518	0.000320659965	0.0002758215205	0.00491990596	0.004327100918	0.008742831298	0.006104191084	0.008084616681	0.003447208134	0.009755959743	0.004919208062	0.007660663284	0.004648084865	0.001755191754	0.007543705697	0.005766840808	0.003347451798	0.003995437169	0.003005069927	0.004699624748	0.003961435291	0.008284794737	0.0055236335	0.002322952621	0.001056163505	0.001773431141	0.002118287586	0.001877387634	0.001104028106	0.0001933988144	0.002147991764	0.002292243983	0.001272092439	0.001745565185	0.001714810098	0.002561458124	0.002037189839	0.002210110422	0.004915774315	0.011302032	0.003878271723	0.005765056003	0.007383919749	0.00713585619	0.003296244025	0.0006339623981	0.004878723057	0.004723419444	0.002659872082	0.003386089292	0.003300258386	0.007670522098	0.004281842109	0.00637021998	0.009093555421	0.005033341546	0.00412707266	0.005245748479	0.005101752891	0.00531894524	0.003963280481	0.0004847459352	0.005448561358	0.0002662704314	0.0001628899067	0.0001982620316	0.0002106848342	0.004704460096	0.005702197643	0.006368792833	0.00696935603	0.009329476033	0.004306692359	0.009741619755	0.006589168103	0.007306784108	0.004851236822	0.0007973481485	0.00639054493	0.005519219677	0.004110479893	0.006345459145	0.004024284361	0.007549751043	0.005753505282	0.009694673684	0.009193185183	0.003378444937	0.001462038926	0.001910890184	0.002703665422	0.001970400728	0.001257558526	0.0001773773703	0.001795711597	0.002815370781	0.001405566152	0.001736449556	0.002191171976	0.00405910142	0.002735795402	0.002822133765	0.00581675033
Healthy	V7_S9	688661945	0.01071764318	0.00382430744	0.006137700842	0.006542041466	0.004604532054	0.002200867945	0.0004461855374	0.002858627537	0.003899772624	0.001973842188	0.002592162981	0.002156582066	0.003909845781	0.002043465608	0.003579362876	0.003722363372	0.006076280286	0.003691088231	0.005961084433	0.005514955527	0.005813422724	0.003523895894	0.0007637811321	0.005163683032	0.0002439513338	0.0001768879504	0.0002125774497	0.0002793054	0.003616799241	0.003375117526	0.005241162266	0.005326841459	0.006033007966	0.002600342611	0.00505085554	0.003602101173	0.004050226704	0.002792914599	0.0005428744868	0.003354203055	0.003244862035	0.002329765731	0.002429193325	0.001920078508	0.003207283365	0.002373798947	0.004178903773	0.003580910805	0.00307666485	0.001342015494	0.001732885066	0.002620378566	0.001696441931	0.001139759509	0.0001758206634	0.001720333189	0.001876462043	0.00106367283	0.001348564425	0.001564576071	0.002252289402	0.001718319138	0.001520478963	0.004294583172	0.01006193104	0.003381762296	0.006759914692	0.005301524248	0.006730008872	0.003684704837	0.001087384028	0.004598890679	0.005884450316	0.003934914684	0.005772135413	0.003932858523	0.005169004946	0.003850455248	0.006296690316	0.006950079113	0.01109545265	0.007729811468	0.01327449421	0.009463227999	0.01629426612	0.006322389427	0.002506559296	0.009677622015	0.0005678330316	0.0004400039848	0.000519633766	0.0004519024207	0.007310987686	0.008486981229	0.01406165546	0.01011041056	0.001064774967	0.0005202886592	0.001669990637	0.0008637096972	0.000766595285	0.001089479396	0.0002301419458	0.0008065524805	0.0006518219908	0.000843468997	0.001021348726	0.00057537955	0.0008753351399	0.0008266247382	0.001934356922	0.001087286738	0.00419260861	0.002024608751	0.002675794725	0.003075272295	0.004001538084	0.002473561974	0.0005212789854	0.003280113002	0.00494187609	0.002867203589	0.003838353519	0.003629435339	0.00416027925	0.00339493712	0.003870543478	0.007055027558	0.008663951948	0.003199617775	0.005936371292	0.005242222292	0.004599449734	0.002525038609	0.0006273353757	0.003273410149	0.004120157968	0.002172905024	0.003491403899	0.002352337038	0.003180451622	0.002414418296	0.003996365735	0.004035087201	0.006081035885	0.004069045807	0.007523238416	0.005193305694	0.00885046436	0.004745727601	0.001303129941	0.008667993118	0.00028662394	0.0002637694755	0.0003130186031	0.0002735217204	0.005024730966	0.004340997817	0.008716734014	0.006296854402	0.008008338547	0.003342748959	0.009405163226	0.004882068807	0.007513269809	0.004467569353	0.001674182824	0.007382121282	0.005618200669	0.003201599879	0.003814861586	0.002903661244	0.004678918333	0.003831621624	0.007974696496	0.005495513477	0.00235230364	0.001061047449	0.001738851709	0.002168081177	0.001915109452	0.001120949118	0.0001901194061	0.0022142722	0.002282282347	0.001247612136	0.001720783337	0.001718943538	0.00263290721	0.00207338014	0.002224966852	0.005099176781	0.01163772161	0.003930472737	0.005772711893	0.007597489651	0.007204826746	0.003314312656	0.0006172767395	0.004932499937	0.004722180489	0.002608878003	0.003312143232	0.003268677784	0.007938325966	0.004323106601	0.006376110996	0.009322736717	0.005125362343	0.004114030143	0.005171718905	0.005182362734	0.005357508175	0.003967460406	0.0004644499414	0.00544614673	0.0002613023724	0.0001573544186	0.0001870598498	0.0002078784824	0.004814847145	0.005716587113	0.006280958359	0.007062276397	0.009320623924	0.004213955804	0.009456880908	0.006522367081	0.007158783836	0.00472614615	0.0007470196426	0.00625510823	0.005373261913	0.003913995858	0.006038194836	0.003863762212	0.007542292757	0.005611682231	0.009392336903	0.009087219129	0.003285140142	0.001412812204	0.001769657825	0.002644245138	0.001979959848	0.001265490283	0.0001702359203	0.001808373483	0.002713788694	0.001343180071	0.001607817897	0.002102282565	0.004065206478	0.002723554007	0.002719990575	0.005867585728
Liver	V24_S4	313092142	0.01102509305	0.003414260074	0.006272019436	0.00563603733	0.00421741661	0.001979886803	0.0005030627693	0.002314350643	0.004508928237	0.002168035888	0.003228819457	0.002257428102	0.003334628564	0.001765742176	0.00349413113	0.003062893862	0.005389026979	0.003247705271	0.00568852667	0.004274773527	0.005028858246	0.003177962224	0.0007496962348	0.004021851178	0.0003554576595	0.0002794321168	0.0003570865729	0.0003480988035	0.00281640093	0.002651855121	0.004518398293	0.003596235258	0.006742072754	0.002876108593	0.006072423242	0.003493077127	0.004235634889	0.003039300169	0.0007424012577	0.00324669279	0.004315001301	0.003226423996	0.003372831376	0.00236356938	0.002946308375	0.002323823892	0.0047056914	0.003111563241	0.003416898275	0.001519760276	0.002228098079	0.002650085674	0.001893528839	0.001283503947	0.0002527051605	0.001651421197	0.002341917607	0.001440467324	0.002090161049	0.001951000738	0.002075504022	0.001631829521	0.001662015523	0.003796594806	0.009359171333	0.003030807461	0.006571682019	0.004433008095	0.006141741494	0.003599499473	0.001233917905	0.00404977267	0.005938980097	0.004114290419	0.006544444031	0.003814126386	0.003921954068	0.003330236886	0.005672259893	0.005514542744	0.008833607201	0.006718641952	0.01207098005	0.007453208455	0.01391794113	0.005855301856	0.002746555677	0.007993225202	0.000720359823	0.0006180640586	0.0008074364255	0.000563319791	0.005276615981	0.006875295516	0.01222430552	0.007353368837	0.001043973822	0.0005077387091	0.001759759911	0.0008067369509	0.0008116524368	0.001223888909	0.000341991975	0.0008445532945	0.0006958334968	0.0008980966376	0.001231321226	0.0005908995314	0.0007091107384	0.000802559267	0.001913510177	0.0009145039482	0.003918245895	0.002043398457	0.00278118446	0.002650152746	0.004064793808	0.002624917364	0.0006979319206	0.003102450907	0.004903978076	0.003151838924	0.004623412107	0.003660816885	0.003244974446	0.002970285342	0.003699926777	0.00569109141	0.009016853575	0.003073625527	0.006565351615	0.004947939575	0.004658360286	0.002486967559	0.0008189090865	0.002958432601	0.005227090624	0.002510439882	0.005050206594	0.002647750898	0.002916726029	0.002277479708	0.004481476255	0.00362491691	0.005764957844	0.003903196012	0.007902632063	0.004496957321	0.008990187304	0.00486334467	0.001779262157	0.007903542338	0.0004116423976	0.0004111601115	0.0005458520898	0.0004111824691	0.004562101083	0.004089265837	0.009341489637	0.005202363079	0.007755627415	0.003176537724	0.01035446619	0.004323273626	0.007764950549	0.004693024202	0.002465574495	0.007069759036	0.00617575704	0.00359915772	0.00453689764	0.003012314503	0.004177070659	0.003680785447	0.009468407546	0.0047839559	0.002720151309	0.0011683749	0.002302858818	0.00217215608	0.0022283504	0.001323367611	0.0002924506486	0.002269897275	0.003009835999	0.001806570412	0.002842980965	0.002305407588	0.002507651565	0.002099627911	0.002658319671	0.004844608971	0.01167412883	0.003602230298	0.005982373074	0.007040908104	0.00676673642	0.003159731169	0.0007464895111	0.004753846553	0.005175019691	0.00282355218	0.003890765167	0.003330914003	0.006695792448	0.003849764457	0.006123363518	0.008422795229	0.005112009486	0.004152196193	0.005617429389	0.004860169886	0.005584879866	0.004321025087	0.0006739581474	0.005334458378	0.0004442717697	0.0002715877807	0.0003681088873	0.0003173059514	0.004306722588	0.005636503646	0.006571873656	0.006393724822	0.01048156296	0.004524907559	0.01116861949	0.006764363316	0.007759849814	0.005339393028	0.001126352127	0.00657165008	0.006617473651	0.004856254106	0.007814926253	0.004797824022	0.007313862895	0.005799196966	0.0107253602	0.00918061048	0.004211779291	0.00186034372	0.002831955457	0.003308917284	0.002869548224	0.001799492623	0.0003191296957	0.002461812025	0.003591520991	0.001921204397	0.002812820515	0.002829844257	0.00410645247	0.002923784654	0.00339835102	0.00586765924
Liver	V24_S8	452627494	0.0105005486	0.003373062883	0.006330075035	0.005519353184	0.004247751242	0.001985193149	0.0004876062611	0.002351885412	0.004336451113	0.002100270117	0.003052700108	0.002171712972	0.00327237523	0.001706252957	0.003318134713	0.002927544211	0.005556869685	0.003382101221	0.00581184094	0.004579602493	0.00514741378	0.003230113105	0.0007749286215	0.00428277121	0.0003129151496	0.0002392121589	0.000303052735	0.000327081324	0.002907284726	0.002736464347	0.004591210272	0.003859418668	0.00678663369	0.002807513942	0.006215530513	0.003552908344	0.004187997912	0.003004366765	0.0007025026191	0.003236796305	0.004232639478	0.002985130196	0.003250125146	0.002288537514	0.003021515525	0.00225640955	0.004576231067	0.003129113938	0.003832215283	0.001634913941	0.002514299319	0.002963984773	0.001917744749	0.001275298137	0.0002434673135	0.001748923807	0.002358884544	0.001423159239	0.002074686166	0.001984495003	0.002124117542	0.00162888691	0.001652820498	0.003867411996	0.009451451926	0.003035177974	0.006698371266	0.004473188277	0.006157953366	0.003477641153	0.00123023901	0.004032680348	0.006160114083	0.004073775951	0.006607150559	0.003892865598	0.004108221495	0.003292195061	0.005601190899	0.005478275255	0.009404130453	0.006919877916	0.01231363555	0.007832738945	0.01399138383	0.005783643359	0.002682905957	0.008265783784	0.000674771206	0.00054237536	0.0006983601398	0.0005144163867	0.005560296344	0.00717941584	0.01235932875	0.007815981236	0.001051931238	0.0005102628609	0.001793088159	0.0008104744075	0.0007974769646	0.001173216402	0.0003086423203	0.0008330183318	0.0006879829532	0.0009001883567	0.001167220301	0.0005939343137	0.0007729402315	0.0008134017595	0.001988617598	0.0009624757793	0.004510528033	0.002169790861	0.003139398333	0.003017145485	0.004285499723	0.002714949967	0.000728862043	0.00332032857	0.00545706797	0.003368155979	0.00509757147	0.003966957429	0.003576901583	0.003108023747	0.003898112738	0.006031885018	0.008310681631	0.002928971434	0.006166048322	0.004612671629	0.004511336645	0.002422833377	0.000746220688	0.002909385792	0.004647468454	0.002299025167	0.004310814137	0.002364054359	0.002762196324	0.002172627631	0.003972122825	0.003326501417	0.005766476926	0.003880561882	0.007641992689	0.004576845259	0.008880065956	0.00471942829	0.001626215839	0.008148362724	0.0003255370077	0.000310840596	0.0003893554906	0.000317428795	0.004503975183	0.003980312782	0.008773744531	0.005356680785	0.007963913036	0.003242304145	0.01064684771	0.004500367359	0.007822434666	0.004695002023	0.002291310214	0.007230585953	0.006371046917	0.003563420299	0.004439812046	0.00300311187	0.004304358497	0.003670163704	0.008984560271	0.004870727097	0.002602820234	0.001103443796	0.00220754376	0.002106736804	0.001994638001	0.001163661083	0.0002417926473	0.002116303169	0.002721913751	0.001550360969	0.002398639089	0.002021779525	0.002374245962	0.001899354351	0.002315005195	0.004428129149	0.01198943518	0.003671522437	0.006126079473	0.007133395657	0.006945203377	0.003164200184	0.0007166223977	0.00474234338	0.005192872795	0.002752015767	0.003855121536	0.003283952079	0.007198701014	0.004024669345	0.006264478048	0.008582521061	0.005231657448	0.004141071908	0.005539312201	0.004962095829	0.005421475789	0.004139412707	0.0005955736308	0.005332252309	0.0003656737653	0.0002060259291	0.0002842757051	0.0002570325522	0.004524102109	0.005713830985	0.00638697613	0.006589783077	0.01062870918	0.004480998231	0.01134676543	0.006829808266	0.007676418349	0.005075546736	0.001016321381	0.006450061118	0.006577662735	0.004603363754	0.00780390508	0.004612620814	0.007680795016	0.005783223588	0.0105174919	0.009273683229	0.004564272006	0.001862047735	0.002897375916	0.003402601522	0.002713723793	0.001655725757	0.0002819625447	0.002323588412	0.003611819922	0.001729214443	0.002624800782	0.002731396162	0.004330499199	0.00288598465	0.00330210608	0.005816655053
Liver	V25_S10	312822804	0.01025239835	0.003679469608	0.006224079495	0.005467363562	0.004533083848	0.001966589367	0.0004931801583	0.002293582791	0.00434767537	0.0022842804	0.003024504569	0.002147950825	0.003260219482	0.001770494328	0.003370201873	0.002808995984	0.005859802983	0.003608186442	0.005878573993	0.004635467688	0.005246471737	0.003230400684	0.0007506933542	0.004179158243	0.0003452657499	0.000268950981	0.0003225276377	0.0003492680156	0.002973942398	0.0028570935	0.004663764858	0.003808373254	0.006778275026	0.002982436025	0.006042302466	0.003506812758	0.004591672927	0.003045858511	0.0007072470331	0.00326756869	0.00427471074	0.003387195519	0.00324300846	0.002333937906	0.003093262344	0.002437226411	0.00461584316	0.003182069808	0.003714457466	0.00166399314	0.002302514365	0.002727828627	0.001905506863	0.001212223007	0.0002373580156	0.001608143631	0.0024203926	0.001502911533	0.002010195523	0.00196012884	0.002139322938	0.001646040485	0.001627582751	0.003744934784	0.009196103875	0.003200959096	0.006335545154	0.004417836495	0.006217964212	0.003315602273	0.001139827389	0.003863375638	0.005948994051	0.004228694274	0.006169789975	0.003785961205	0.00406824881	0.003301623113	0.005438251234	0.005374112688	0.009404915378	0.007004866563	0.0117802761	0.007884664956	0.013857289	0.005654383176	0.00251519707	0.008109770028	0.0006459375641	0.000550122938	0.0006571164166	0.0005130796027	0.005660479279	0.007176417356	0.01197806538	0.007892193179	0.001002788147	0.0005005357602	0.001642488954	0.0007882993083	0.0007932573867	0.001084172879	0.0002798037703	0.0007800965814	0.0006467910824	0.0008811665789	0.001074000986	0.0005737273552	0.0007800358442	0.0007962718728	0.001865106995	0.0009742032745	0.004359503152	0.002169058621	0.002895428301	0.002864982951	0.003954641363	0.002459095022	0.0006397199867	0.00305021561	0.005190312149	0.003355273294	0.004605236516	0.003849629837	0.003577242406	0.003066195903	0.003689823712	0.005989208511	0.00827436161	0.00308495093	0.006187253535	0.004572716508	0.004575820502	0.002342821529	0.0007326064375	0.002793015691	0.004751527002	0.002498519897	0.004541059609	0.002406813028	0.002770127334	0.00217193565	0.003997499492	0.003272450048	0.005914156437	0.003950153199	0.007576094101	0.004624282442	0.008815831086	0.004485353951	0.001539395446	0.007747219733	0.0003637586472	0.0003410620921	0.0004372731088	0.0003413529916	0.004612272448	0.003960542467	0.008691987813	0.005285190142	0.007678586629	0.003210967957	0.01003168234	0.004346690787	0.007800089919	0.004528528553	0.002149913598	0.006919856776	0.006074883211	0.003587634871	0.004277990552	0.002910833188	0.00423755552	0.00366196449	0.00856679873	0.004825930145	0.002813829391	0.001215199132	0.002359485915	0.002278836424	0.002088735193	0.001143343757	0.000243057728	0.002118733006	0.002903704552	0.001698667722	0.002558624211	0.002122316505	0.002653179338	0.002074334069	0.002601875533	0.004996557092	0.01185664201	0.003972037793	0.006125109728	0.00702911991	0.007511015725	0.003095931587	0.0007394249941	0.004572460772	0.005291621899	0.003089934582	0.003902560761	0.00341087346	0.007196428685	0.004071333623	0.006327352017	0.00828432252	0.005333533805	0.004319183201	0.005546085445	0.0050413716	0.005464243585	0.004104093383	0.0006077082539	0.0052515417	0.000406965216	0.0002465740957	0.0003205680619	0.0002926736761	0.004618358961	0.005824789551	0.006564243315	0.006662596119	0.01057328289	0.004646445149	0.01097888311	0.006720497908	0.008119232254	0.004964727571	0.001001493484	0.006318282986	0.006581524664	0.004953679784	0.007594666916	0.004672124223	0.007997572325	0.005993345038	0.01047693441	0.009686570037	0.004766292549	0.002084170309	0.002979715635	0.003571392449	0.002736865692	0.001640235282	0.0003000996053	0.002279737893	0.003773056136	0.001996555213	0.002712711443	0.002943541801	0.004689686881	0.003056167862	0.003458871879	0.006030193374
Liver	V25_S1	312617892	0.01054750891	0.003425191032	0.00613045206	0.005495219704	0.004261461145	0.002035145832	0.0004969773131	0.002398451973	0.004278216424	0.002134273236	0.002986332593	0.002145401838	0.003255264737	0.001765084514	0.00337077636	0.002982804324	0.005880252049	0.003565889952	0.006050878879	0.004743042666	0.00543834516	0.003447205127	0.0008175187874	0.004535840834	0.0003190412403	0.0002510732815	0.00030727288	0.0003291750173	0.003090146229	0.002966979894	0.004893996918	0.004196276136	0.006696168241	0.002840160537	0.006021046934	0.003519469065	0.004180080646	0.003061312306	0.000707339553	0.003349107734	0.004164790414	0.003040913602	0.003161389752	0.002260449635	0.002983152992	0.002290255991	0.004545680322	0.003180595306	0.003374375002	0.001483277227	0.002140184606	0.002531352236	0.001733662768	0.001210257025	0.0002268136336	0.001627094971	0.002182610201	0.001324399564	0.001831696185	0.001792667708	0.001939505113	0.001583767317	0.001564670521	0.003714032465	0.009384002244	0.003065566701	0.006517633994	0.004480895163	0.00632785279	0.003593102086	0.001248588165	0.004183369006	0.005991141416	0.004090879098	0.006350874505	0.003795576102	0.004167218299	0.003405064225	0.005731738476	0.005673402084	0.009764297176	0.007204769969	0.01258551446	0.008152725948	0.0151518327	0.006163018974	0.002833686179	0.00878828778	0.0006639959046	0.0005566891866	0.0006917166469	0.0005030166348	0.006020496741	0.007612433776	0.01321291617	0.008422297851	0.001066922299	0.0005216016235	0.001811895654	0.0008399935088	0.0008148318011	0.001175342197	0.0003158840314	0.00086098399	0.0007030339773	0.0009115952967	0.001202336813	0.0005961814879	0.0007940172535	0.0008207655626	0.002055339814	0.0009927614764	0.004040063068	0.002022491406	0.00276092323	0.002716232889	0.003930792291	0.002531166706	0.0006696449735	0.003100890975	0.00498891471	0.00314838026	0.004450615386	0.003669649209	0.003381677847	0.003006161912	0.003716482741	0.005910186356	0.008418609642	0.002962028162	0.006182230926	0.004656787207	0.004555820497	0.002535161999	0.0007925841941	0.002989112344	0.004648335995	0.002399718696	0.004398526237	0.002413847765	0.002739820791	0.002231321424	0.004083109229	0.003488271234	0.00618373116	0.004172816187	0.008340143244	0.00483162045	0.009470408047	0.005123363189	0.001821939865	0.008697957057	0.0003663865791	0.0003708041125	0.0004682041679	0.0003523214852	0.004878127705	0.00440906626	0.009750551961	0.005911558638	0.008069570119	0.003280960643	0.01075539208	0.004579699488	0.007842020763	0.004900013848	0.0023663073	0.007579854067	0.006375470026	0.003632651966	0.004486000437	0.003047000906	0.004274217932	0.003753652718	0.009172136571	0.005100178335	0.00259933299	0.001102294555	0.002142807616	0.002074682917	0.00197277896	0.001207614822	0.0002496146318	0.002165346314	0.002704570089	0.001556763104	0.002349296118	0.001981732383	0.002338980009	0.001981805955	0.002373827663	0.00465418019	0.01128884843	0.003563909899	0.005806871732	0.006702962478	0.006745947861	0.003091380963	0.0007171534507	0.004562096529	0.004985965423	0.002732111699	0.003684635555	0.003235736104	0.006756692608	0.00386895322	0.006095642792	0.008121454546	0.005087527108	0.004130016333	0.005439074485	0.004779927951	0.005437711799	0.004153146807	0.0006100514554	0.005292515375	0.000382585268	0.0002267048746	0.0003140191349	0.0002744052794	0.004467476225	0.005662302272	0.006522947189	0.006525611784	0.01012483316	0.004371550813	0.01084289827	0.006504659689	0.007522582873	0.005007167024	0.001020939646	0.00633177451	0.006327913567	0.00459721608	0.007468232177	0.004458973833	0.007439510212	0.005631379537	0.01048917891	0.009003665727	0.004049483515	0.001754816388	0.002639928875	0.003059255482	0.00241179414	0.001544335793	0.0002846957973	0.00210820627	0.00340785997	0.001776750513	0.002547982762	0.002662761861	0.003995916523	0.002772195777	0.003216005948	0.005377967938
Liver	V25_S2	351742707	0.009868096569	0.00362524645	0.006257983339	0.005750800115	0.004554277795	0.002128968093	0.0004945546746	0.002556089955	0.004172729017	0.002117766723	0.002896099847	0.002136777778	0.003581944913	0.001879879772	0.003606897811	0.003103618009	0.006308875652	0.003820076361	0.006369482452	0.005426915646	0.005799568717	0.00350778275	0.000835912143	0.004918057903	0.0003085181237	0.0002254829977	0.0002664675006	0.0003267189275	0.003423917472	0.003123817433	0.005194003923	0.004644309512	0.00624447915	0.002749233973	0.005563157277	0.003514813457	0.004187341971	0.00286035497	0.0006060992759	0.003246554875	0.003702737751	0.002674082451	0.002769461827	0.002038001032	0.003142845546	0.002297844373	0.004439819132	0.003229437249	0.003534333407	0.001539201778	0.002109436771	0.002769163313	0.001826693169	0.001198682991	0.0002220685701	0.00172597182	0.002191826539	0.001267986489	0.001699614486	0.00179607704	0.002261619031	0.001741787357	0.001644011343	0.004021766399	0.00928895734	0.003163596509	0.00656238766	0.00476130412	0.006415993722	0.003556858394	0.001135511816	0.00427733673	0.00558100555	0.003806441394	0.005737369844	0.003642696706	0.004649077202	0.003606448619	0.005979066398	0.006062618947	0.01055280728	0.00756725853	0.01299632632	0.009015734902	0.01592482485	0.006248536093	0.002616241877	0.009363022842	0.0006034979426	0.0004700765551	0.0005483070328	0.000484729311	0.006788146428	0.007929139523	0.01358607557	0.009213132029	0.001006875176	0.0004815679092	0.001631672778	0.0008140581007	0.0007510603482	0.001047706158	0.0002508367572	0.0007870582516	0.0006099572094	0.0008250320312	0.0009872500356	0.0005288069839	0.0008140211419	0.0007642205358	0.001887356829	0.0009566310639	0.004116440714	0.002009699095	0.00265695061	0.002861725289	0.003807413696	0.002393749702	0.0005754206014	0.003028210618	0.004777537577	0.002830634382	0.003793133371	0.003432961014	0.003820491437	0.003120275071	0.003736916143	0.006263515792	0.008308089811	0.003149279226	0.006249241153	0.004950877347	0.004726702123	0.002533112932	0.0007245864518	0.003077510858	0.004424231033	0.002293016981	0.004001564132	0.002337939021	0.003064265381	0.002337248175	0.004229187899	0.003621544881	0.006371009137	0.004222865096	0.00809218768	0.005182978819	0.0094177077	0.004755029647	0.001523531233	0.00853892331	0.0003198900724	0.0002901581126	0.0003544806972	0.0003143348755	0.005076392387	0.004246308368	0.009337882306	0.006027522271	0.007774884726	0.003251126398	0.01007155494	0.004579006097	0.007767183073	0.004531693105	0.001983995648	0.007283076377	0.00583844941	0.003358252997	0.004003622455	0.002839015508	0.004516949373	0.003702535899	0.008706457701	0.004983244756	0.002666082285	0.001180084169	0.00202616852	0.002248299636	0.002014301891	0.001169118767	0.0002227281432	0.002212025962	0.002631537148	0.001447106052	0.002085029726	0.001949120725	0.002706816605	0.00210596264	0.002431314091	0.004944133781	0.01137907033	0.003880654731	0.005949692654	0.007120184584	0.007251195119	0.003330681708	0.0006998155046	0.004873727204	0.004802558707	0.002683481366	0.003462275054	0.003167411798	0.007755720149	0.004303406922	0.006679132085	0.00865781419	0.005207238028	0.004213159137	0.00525359862	0.005171433448	0.00553536992	0.004097224964	0.000518387436	0.005454398803	0.0003423951587	0.0001851381669	0.0002203514059	0.0002492503704	0.00486913578	0.005745071496	0.006431291836	0.006829611395	0.00972883	0.004367860284	0.0101826532	0.006572394975	0.007469104399	0.004877744345	0.0008654024488	0.006282384698	0.005734455782	0.004271221464	0.006455462913	0.004044410791	0.007694160948	0.005717522951	0.01021360196	0.008960526934	0.003715397573	0.001620730121	0.00210648575	0.002859300221	0.002173904348	0.00141662923	0.00022497126	0.001880744041	0.00304259329	0.001510311342	0.001877639499	0.002281448866	0.004064414049	0.002641780431	0.002826856052	0.005116842408
Liver	V25_S3	347635481	0.0106035753	0.003528888928	0.006186422611	0.005680588168	0.004512056697	0.002136864735	0.0004935514623	0.002570183565	0.004308737404	0.002122746498	0.00296919347	0.002212032551	0.003497726977	0.00187130496	0.003539624311	0.003194918415	0.005929938435	0.00355401007	0.005981877897	0.004939685659	0.00553688592	0.003412281153	0.0007840166349	0.004657185726	0.0003064646902	0.0002269906391	0.0002789301015	0.0003193028504	0.003174198436	0.003025203288	0.004938316409	0.004403805376	0.006491779819	0.002751914152	0.005660141463	0.003521185457	0.004191232137	0.002994343377	0.0006379671009	0.003334282786	0.003868934771	0.002790929157	0.002943991784	0.002168003674	0.003085450302	0.002345071331	0.004495444468	0.003320173179	0.003486260944	0.001511885376	0.002149196618	0.002666318747	0.001857730397	0.00125615774	0.0002195316766	0.00173299054	0.002227623595	0.001313680637	0.001802321783	0.001847043916	0.002118926405	0.00168447708	0.001622901087	0.003959552679	0.009282933349	0.00304074543	0.006313587421	0.00453297516	0.006266040491	0.00356313457	0.001147273572	0.004170307921	0.005693535638	0.00384168784	0.005888458204	0.003698914726	0.00429857446	0.003457708047	0.00571226215	0.005824422738	0.009510657515	0.006871818703	0.01183211215	0.007999940029	0.0143846997	0.005837554309	0.002483037685	0.008474252949	0.0006003098401	0.0004720461776	0.0005825786235	0.0004655479916	0.005947137485	0.00732042366	0.01241609455	0.008294766091	0.001040310957	0.0004988616222	0.001663972844	0.0008158977305	0.0007892059787	0.001156116168	0.0002811853374	0.0008283274169	0.0006490016478	0.0008396496214	0.001078839821	0.0005559731689	0.0007877072824	0.0007976372239	0.001895269718	0.0009731457762	0.003986862894	0.001961448233	0.002659578928	0.002731614153	0.003921987468	0.002491980961	0.0006062384639	0.003081661851	0.004808332553	0.002910787464	0.004108688779	0.003520103864	0.003495402703	0.003055275017	0.003638354164	0.00598878168	0.008746417343	0.00309934129	0.006214736752	0.004910341704	0.004742171298	0.002608876394	0.0007507116341	0.00318075703	0.004653184408	0.00237504238	0.004276614676	0.002498505036	0.002965088595	0.00235782607	0.004266650216	0.003756676379	0.006204858589	0.004099014853	0.007918435115	0.004943203712	0.009292483583	0.004906625167	0.00155453925	0.008559810959	0.0003427757134	0.0003200680198	0.000400750233	0.0003339302411	0.004942933314	0.004312991861	0.009284992978	0.005945581257	0.007939934647	0.003260725852	0.01018177428	0.004650060447	0.00783473825	0.00478922058	0.002133579685	0.007536083464	0.006112526241	0.003466073131	0.004283104232	0.00302173989	0.004485422476	0.003844880839	0.008939145081	0.005261997408	0.002658756227	0.001142340243	0.002076028022	0.002186103092	0.002097843977	0.001249783246	0.0002341303016	0.002296839775	0.002714797688	0.001509802735	0.002265364277	0.001999939701	0.0025432847	0.002112088783	0.002454778199	0.004938854328	0.0118349801	0.003788301459	0.005949703391	0.007177293851	0.007224210811	0.003388155307	0.000725386256	0.004963077978	0.005028819253	0.00276653579	0.003653228941	0.003342535683	0.007391653443	0.004205770354	0.006459544905	0.008827226125	0.005294603401	0.004197730323	0.005454256264	0.005060772263	0.005670741647	0.004253837945	0.000572858672	0.00548731388	0.0003586774274	0.0002052063265	0.0002679415799	0.0002662645359	0.004675210353	0.00583888041	0.00651373385	0.006832326186	0.01028560718	0.004463793499	0.01056318529	0.006753925098	0.00780213801	0.005257219415	0.0009683418937	0.006669434297	0.006145776587	0.004472066532	0.007069347447	0.004427954234	0.007746778299	0.005893719462	0.01043743288	0.00943089293	0.003900249181	0.00167515122	0.002334741545	0.002971474595	0.002510227085	0.001557234602	0.0002462867132	0.002128082547	0.003272209145	0.001647717311	0.002223314484	0.002504833504	0.00406514892	0.002778859043	0.003000551028	0.005333155277
Liver	V25_S7	383782476	0.01189273426	0.003424880192	0.006714313866	0.006042456717	0.004235592039	0.001909024111	0.0005145128096	0.002277420296	0.005072962216	0.002282037495	0.003623435375	0.002459143028	0.003370127822	0.001668226248	0.00353255577	0.003053675124	0.006016650432	0.003376993691	0.006234372723	0.004518166171	0.005339230236	0.003286932257	0.0007799965312	0.004145358633	0.0003906666129	0.0002778865807	0.0003964537453	0.0003875893489	0.003111033136	0.00268514084	0.004789856533	0.003789365307	0.0075201714	0.003006312357	0.006770189267	0.003726431219	0.004297027882	0.003070731661	0.0007281755095	0.003369833384	0.004878302468	0.003293845027	0.003705890938	0.002525758888	0.003012641463	0.00222236046	0.004785304475	0.003097280554	0.004062592999	0.001760307055	0.002724233297	0.003025849466	0.002068708317	0.001368691988	0.0002772117193	0.001815773371	0.002764610336	0.001634321625	0.002599230195	0.002325093134	0.002218079389	0.001638172765	0.001842877266	0.004014154101	0.009238183663	0.002748825353	0.006315955396	0.004131418444	0.005499083809	0.003098979433	0.001180098176	0.003534533453	0.005950516615	0.003825166837	0.006425595628	0.003658176409	0.003582993195	0.00287194197	0.005304705471	0.004873052098	0.008678293586	0.006108970958	0.01173243512	0.006846203681	0.01292755222	0.005244035687	0.002578168785	0.007293201683	0.0006824621143	0.0005151980936	0.0007389576589	0.0005090748333	0.004967220025	0.006160549655	0.01171683253	0.006847787912	0.0009728662025	0.0004503540698	0.0016191177	0.0007215806279	0.0006912900317	0.0009832835619	0.0002866962586	0.0007251712035	0.0006191997156	0.0007579658223	0.001079648045	0.0005228404436	0.0006345938526	0.0006795047099	0.001727642718	0.0007907604411	0.004047274425	0.002012486365	0.002860307775	0.002509739397	0.003843765915	0.002375043304	0.0007055481085	0.002889021957	0.004997294353	0.002988012928	0.004735093741	0.003592089494	0.003025513338	0.002665887746	0.003693402093	0.005124337673	0.009402711759	0.003036399713	0.00688623417	0.005037207587	0.004731917463	0.002390338427	0.0008420811793	0.00291950016	0.005515168441	0.002465550303	0.005244082588	0.002638374765	0.002902136157	0.002121300609	0.004529177617	0.00351643987	0.006152224626	0.003919371243	0.00835572805	0.004617863271	0.009672033592	0.004955770831	0.001930518057	0.008144048245	0.0003744881775	0.0003420088415	0.0004777159236	0.0003809110867	0.004935699565	0.00411031795	0.009914642377	0.005527029327	0.008215713841	0.003101861274	0.01088856908	0.004357867033	0.008067106222	0.00472592709	0.002488477353	0.007164907655	0.006425428867	0.003415815161	0.004527020145	0.002912253867	0.004225492568	0.003483105883	0.009795100702	0.004734934797	0.00287160063	0.001161816987	0.002512722858	0.002193354446	0.002210609012	0.001271967926	0.0002782748215	0.002237160511	0.003094510756	0.001729383287	0.002991238714	0.002325887855	0.002416321896	0.00192380071	0.002631204037	0.004616120096	0.01195882378	0.003419267637	0.006116772252	0.007227232022	0.00638165407	0.00283744326	0.0007143056735	0.00465621312	0.005240387787	0.002671276215	0.00385917308	0.003286273029	0.006347178812	0.003490659641	0.005908550134	0.008169708614	0.005349738793	0.004052094864	0.005785623729	0.004950843561	0.005448886103	0.004031528527	0.0006547354705	0.005230642683	0.0004241673609	0.0002283793698	0.0003385980552	0.0003017125774	0.004376690196	0.005392961194	0.006638901355	0.006508280488	0.01096462257	0.004371851517	0.01149647072	0.006769027151	0.007287213916	0.004852472732	0.001029841185	0.006274778424	0.006728405181	0.004534086648	0.007619222301	0.004774381621	0.007082327021	0.005190604378	0.01031333437	0.008758998157	0.004633437197	0.001926484522	0.003198212729	0.003594715982	0.002788642179	0.001676879587	0.0003193840461	0.00257473976	0.003775404274	0.001851835465	0.002949756883	0.0029399753	0.004025509492	0.002676185246	0.003399894684	0.005775594611
Liver	V25_S8	322151961	0.01070429927	0.003414460047	0.006747998656	0.005398169841	0.00437212611	0.00197579117	0.0005100201765	0.002242739724	0.004854451282	0.002286129185	0.003498780503	0.002296751501	0.00331167936	0.00166575736	0.00356008387	0.00271163645	0.006140058853	0.003567201629	0.006473252541	0.004711261093	0.005503405891	0.003342894442	0.0007609421319	0.004268985344	0.0003817856629	0.0002700775116	0.0003670441727	0.0003759095541	0.00305383831	0.002685906357	0.004808739935	0.003609039027	0.007099335956	0.002953444694	0.006676588258	0.003514748122	0.004305080111	0.002994357064	0.0006933156617	0.003189330268	0.004739123721	0.003223031754	0.003581101901	0.002417573364	0.003071544239	0.002263717401	0.004811983746	0.002905299714	0.004495372294	0.001870263332	0.003055545578	0.00318958791	0.002247513868	0.00139638138	0.0002823574307	0.001818020906	0.002967965792	0.001705859552	0.002768910663	0.002392786925	0.002394081345	0.001713750239	0.001957442686	0.003850105386	0.00895476157	0.002877167027	0.006483893482	0.004085633984	0.005771031144	0.003267159997	0.001171437848	0.003636091478	0.0059241297	0.003921133977	0.006471802914	0.003649485778	0.003826846176	0.003052332809	0.005509241646	0.00484324539	0.009150622554	0.006627692079	0.01211845487	0.007399380692	0.01356552661	0.00556837523	0.002552562454	0.007824586857	0.0006484641576	0.0005101350291	0.0006758735825	0.000491206074	0.005324074374	0.006653310423	0.01207994199	0.007246840878	0.0009703588301	0.0004702097716	0.001655330603	0.000735469681	0.0007026280371	0.001028207306	0.0002700557828	0.0007380895626	0.0006134620425	0.0008219692321	0.00104850518	0.0005414215064	0.0007021934596	0.0007362146711	0.001812442793	0.0008357205064	0.004479230843	0.002207656901	0.003190938204	0.002831272537	0.004148092086	0.002589414627	0.0007216408035	0.00306554707	0.005393414321	0.00325393332	0.005057709396	0.003810232898	0.003415242287	0.002940720885	0.003915270285	0.005442440873	0.008267275455	0.002944663124	0.006486156389	0.004506925848	0.004593205006	0.002369763628	0.0007632205598	0.002769484926	0.004933932406	0.00236340638	0.004710956889	0.002391517337	0.002787619225	0.002125512438	0.004313861681	0.003081288088	0.006096778036	0.003970691335	0.008082039892	0.004617805198	0.009392682232	0.004716289776	0.001680595078	0.007964288009	0.0003500677123	0.0003213079929	0.0004212297811	0.0003388059463	0.004766281711	0.003947447646	0.00924623892	0.005204997029	0.007690724565	0.003102327848	0.01062797193	0.004175625676	0.00774142424	0.004475583496	0.002258452805	0.006785602028	0.006083430298	0.003351073812	0.004295891901	0.002766834004	0.004194591881	0.003507279597	0.009343984717	0.004438054624	0.002811769319	0.001179601697	0.002436856189	0.002152077541	0.002182401739	0.001211226524	0.0002608861971	0.002124602929	0.003084454296	0.001702066311	0.002810397296	0.002220610416	0.002518221517	0.001950998523	0.00259930437	0.004362466072	0.01153140893	0.003584016675	0.006186310317	0.006762066552	0.006818378486	0.003088207183	0.0007269333369	0.004667502241	0.005160716684	0.002784589599	0.003895012764	0.003218164486	0.006835125241	0.003832728493	0.006309755166	0.007846051882	0.005403831765	0.00422508991	0.005832173097	0.004998690664	0.005560841519	0.00417314548	0.0006120124161	0.005357924858	0.0003989949327	0.0002147123357	0.0003059705106	0.000271722698	0.004530057788	0.005654918239	0.006639180446	0.006417884261	0.01053036272	0.004478811787	0.01153040319	0.006604181435	0.007468537496	0.004907302116	0.0009946610258	0.006200269568	0.006645956751	0.004652602441	0.007612246073	0.004639071559	0.007402112322	0.005578559865	0.01052235408	0.008642871493	0.004830763703	0.001989762837	0.003253982986	0.003519587453	0.002803471993	0.001710950318	0.0003098320423	0.002383586298	0.003836723502	0.001851772059	0.002929583284	0.00283516511	0.004308370484	0.002795904135	0.003492435671	0.00547633792
Liver	V26_S2	423833556	0.01065868886	0.003321497272	0.006215477663	0.005430558688	0.004352840812	0.002067613542	0.0005310598862	0.002387319233	0.004585215051	0.002174936333	0.003356279794	0.002271729046	0.003331921175	0.001732946789	0.003524643056	0.002968467178	0.00583978773	0.0035871676	0.006276475664	0.004799280216	0.005514320343	0.003513641095	0.0008596535004	0.004567533582	0.00036125738	0.000266489046	0.0003539077968	0.0003567414563	0.003146664489	0.002893003592	0.005006005235	0.00404656728	0.006597802275	0.002831205748	0.006127270867	0.003506848335	0.00434734809	0.003181808002	0.0007589606709	0.003439725287	0.004428028346	0.00317595193	0.003462904197	0.002440712835	0.003020051107	0.0022609937	0.004777524034	0.003109187513	0.003510538462	0.001536973632	0.00229473336	0.002684270709	0.00201701349	0.001363945803	0.0002660266003	0.001823168527	0.002454067134	0.001406889548	0.002192211982	0.001956904988	0.002217773904	0.00165231844	0.001751446976	0.003893082501	0.008759893943	0.002853171918	0.006278249946	0.004094597927	0.005988119544	0.003536128697	0.001282458626	0.003978896848	0.005609666734	0.003942988884	0.006281701773	0.003606177421	0.003733880854	0.003158824923	0.005532308537	0.00505914166	0.009128059695	0.006924810361	0.01263052423	0.007607866235	0.01448967387	0.00604485172	0.002908693714	0.00835334048	0.0006782662579	0.0005708844818	0.0007278446825	0.0005185549773	0.005449879952	0.007171119316	0.0130239381	0.007600549684	0.001042055292	0.0005126965454	0.00185640799	0.0008003472004	0.000830948836	0.001231464552	0.0003510175112	0.0008661183023	0.0006958061622	0.0009380215284	0.001253610037	0.0006162961764	0.0007327805824	0.0008095772389	0.002010062648	0.0009016133682	0.003965129651	0.002026547893	0.002720494835	0.002546492567	0.004029230286	0.002624162208	0.000716519482	0.003083769516	0.004873087491	0.003088981468	0.004517924484	0.003529189652	0.003181869347	0.002873484137	0.003696137264	0.005408297591	0.008303806884	0.002972478187	0.006363884978	0.004592991688	0.004730345136	0.002548212582	0.0008694285641	0.002979497452	0.005078649318	0.002447637723	0.004885113438	0.002539841371	0.002786688273	0.00226285528	0.004454196638	0.003378826381	0.006207087577	0.004238427974	0.008658113422	0.004863538931	0.009790944915	0.005206791602	0.001999270676	0.008708066994	0.0003995058853	0.0003898841837	0.0005181821894	0.0003992416306	0.004910838159	0.004363363811	0.01023083694	0.005700936053	0.007915236895	0.003267558645	0.01108241651	0.004517747528	0.00824722571	0.004983706387	0.002664914054	0.00755213917	0.006488006816	0.00372196344	0.004638542589	0.003129782862	0.004222728415	0.003708160852	0.01005637458	0.004816671477	0.002611808301	0.001117009244	0.002189963458	0.002103891934	0.002185336642	0.00128292815	0.0002843097209	0.002268036559	0.002962429431	0.001678156413	0.002698691465	0.00215269647	0.002398627918	0.001972904194	0.002548174831	0.004470143935	0.01098656049	0.003416659629	0.005735595886	0.006608952879	0.006743451432	0.003119691637	0.0007375159318	0.004786105232	0.004909686764	0.002689171218	0.003686522641	0.003139449393	0.006377366685	0.003615622167	0.005956522234	0.007746397031	0.005084663471	0.004264558515	0.005672941573	0.004851024585	0.005604525565	0.004396794387	0.0006634750742	0.005479797357	0.000385424886	0.0002290026323	0.0003080643289	0.0002765000514	0.00438808578	0.00571110278	0.006679527753	0.006392426842	0.009956318796	0.004332552187	0.01100255262	0.006396428413	0.007751059239	0.005272683034	0.001109385968	0.006485788964	0.006336938079	0.004695852822	0.007609933084	0.004656025867	0.007106067836	0.005426122985	0.01047268188	0.008546534244	0.003726488801	0.001641491076	0.002480041953	0.002895091676	0.002553820915	0.001607470646	0.0002740934462	0.002228643737	0.003219469013	0.001635318842	0.002359836747	0.002468747425	0.003846047527	0.002568866916	0.003076478919	0.005257622877
Liver	V26_S3	355555299	0.01025973178	0.003049812513	0.006167999763	0.004770504067	0.003871268418	0.001736129378	0.0005018797371	0.002014910204	0.004693196824	0.002370486398	0.003425616222	0.002169237815	0.002669058801	0.001454232299	0.00292759805	0.00245263677	0.005282742249	0.003113836309	0.005324074779	0.003778115539	0.004900061973	0.003019828429	0.0007716155568	0.003725670813	0.0004725987785	0.0003705893299	0.0004783081576	0.0004263134326	0.002624441269	0.002518303067	0.004276105585	0.003306970824	0.007956947929	0.003477956885	0.007530718871	0.003903474379	0.004759178122	0.003388938383	0.0009107697197	0.003613826045	0.005799516997	0.004573896113	0.004440043516	0.003077450971	0.002862384565	0.002424430187	0.004797490024	0.003205093563	0.003673234525	0.001783292224	0.002668518801	0.002935020243	0.00196138829	0.001331387836	0.0002815061406	0.001717040926	0.002636793778	0.001797115672	0.002610477196	0.002221915978	0.001802566301	0.001453461674	0.001573018323	0.00331974802	0.009128236899	0.002927032737	0.006750423933	0.003923313768	0.005904926761	0.003230504519	0.001358525668	0.003577269144	0.006812732103	0.004820468166	0.007727661513	0.004070798562	0.003368224305	0.00286905582	0.005228129085	0.004605427073	0.008197489978	0.006142051619	0.0113776254	0.006561111609	0.01261887254	0.005232052525	0.002709811955	0.007113917321	0.0009089500309	0.0007702289933	0.00105973389	0.0006766964258	0.004532546708	0.006271674213	0.011261635	0.006531116275	0.0009710810132	0.0004811544097	0.001752728765	0.0007037161328	0.0007535171062	0.001085133595	0.0003612940107	0.0007623539876	0.0007616255496	0.0009400450533	0.001357285354	0.0006115279413	0.000634747958	0.0007232095843	0.001799852236	0.0008064905819	0.0044693301	0.002358409514	0.003464476562	0.002942501498	0.004452365088	0.002871063947	0.0008589662448	0.003389683696	0.005850679222	0.004100256709	0.006282946721	0.004471630727	0.003012749361	0.002865599255	0.003907231882	0.005330917597	0.007946648547	0.002701675387	0.006269348274	0.003991950068	0.0041408833	0.002107272771	0.0007937133852	0.002495741176	0.005254589104	0.002659361294	0.00527620037	0.002416712681	0.002226486294	0.001807049429	0.003571354452	0.002756859489	0.005258186294	0.003500589088	0.007236666159	0.003906950632	0.008498607695	0.004525802328	0.0018191685	0.007320307157	0.000460170332	0.0004364693774	0.0006003201207	0.0004375690657	0.004007641017	0.003763805528	0.00852631084	0.004747376863	0.007896712573	0.003181505108	0.01102978077	0.004113720156	0.007514622922	0.004517322635	0.002527471824	0.006681962009	0.006743395491	0.003927988147	0.004883482274	0.003204533875	0.003615108546	0.003300971757	0.008389083241	0.00425785526	0.00263966253	0.001140205198	0.002495043675	0.001981987055	0.002028877089	0.001191373047	0.0002757180114	0.001999967381	0.002990519345	0.001945863279	0.003071665654	0.002240202866	0.001942941089	0.001676135897	0.002205533154	0.003817079942	0.01156003584	0.003465739376	0.006560062546	0.00633376582	0.006451983718	0.002805633899	0.000795516199	0.004270210581	0.006007799648	0.003390392446	0.004823162543	0.003548921936	0.005597247476	0.003265776106	0.005479656766	0.006892851849	0.005078031477	0.004080448257	0.005966810243	0.004474566979	0.005462781754	0.004155958311	0.0007746249339	0.005073002723	0.0006072388757	0.0003868230916	0.0005697650986	0.0004189924898	0.003761116776	0.005219430016	0.006333346757	0.005656070956	0.01148831985	0.004906316978	0.01301683595	0.006755922375	0.007704548372	0.00517327967	0.001216123065	0.006300550171	0.008370970728	0.006056523433	0.01013213137	0.00574857696	0.006983093789	0.005491983963	0.01044735379	0.008472662364	0.005586281531	0.002523944946	0.004379315972	0.004246692439	0.003624249178	0.002223133792	0.0004467125098	0.003088760041	0.004659283674	0.002707320079	0.004432168511	0.003692193602	0.004211980539	0.003084673476	0.004005781953	0.005849177346
Liver	V3_S1	413769855	0.01051265564	0.003410681042	0.006251791832	0.0058255283	0.004078429058	0.001960456979	0.0004532833838	0.002414665998	0.004136270391	0.00206981004	0.002935158242	0.002231199274	0.003287929228	0.001722977137	0.00329135142	0.003046456828	0.00531820763	0.003309375933	0.005735620832	0.004633367987	0.005069670916	0.003170583802	0.0007160623144	0.004398996152	0.0002905407403	0.0002208739929	0.0002788458333	0.0003162168496	0.002934974565	0.002803302333	0.004610224686	0.004099783925	0.006331749325	0.00270208423	0.005777939043	0.00352979315	0.004034278911	0.002911376905	0.0006232571003	0.00326285732	0.003936707762	0.002835573897	0.003025621574	0.002238227335	0.003008464693	0.002246212451	0.004358403538	0.003160781251	0.003411335995	0.001470034592	0.00217915585	0.00272789568	0.001806228731	0.001182855624	0.000211586221	0.00165901646	0.002158837792	0.001283703957	0.00181766504	0.001800111804	0.00209538706	0.001574754642	0.001574653137	0.003773327083	0.009978844399	0.003239801024	0.007334021469	0.004867379718	0.006525489876	0.003621078196	0.00127362589	0.004294643456	0.006660091272	0.00450919026	0.007209019613	0.004282225925	0.004522444005	0.003527451269	0.006285380553	0.005985266858	0.01014126077	0.007144810006	0.01345068263	0.008495846078	0.01503428277	0.006030772831	0.002807795169	0.008863809085	0.0007116033139	0.0005585085458	0.000710537504	0.0005339224144	0.006162353224	0.007789015949	0.01400669703	0.008796670313	0.00111444078	0.0005496267968	0.001947179066	0.0008787711227	0.0008371972869	0.001237893466	0.0002946396373	0.0008719460725	0.0007536073405	0.0009787904921	0.001300696495	0.0006604686076	0.0008541922417	0.0008793729065	0.002172089119	0.001050226339	0.004696538369	0.002235735612	0.003310763178	0.003180512026	0.004474615484	0.002767337896	0.0007263627264	0.003438790871	0.005848787607	0.003608728335	0.005374045434	0.00424440055	0.003893427664	0.003323540812	0.004299491562	0.006560388504	0.008036834873	0.00297684325	0.006067991589	0.004675836039	0.004241176535	0.002358651768	0.0006621555357	0.002858850121	0.004445053156	0.002291701506	0.004112924079	0.002377899183	0.002707270688	0.002166175204	0.003796728981	0.003302635471	0.005631343057	0.00395292934	0.007726843706	0.004702229939	0.00855922914	0.004704407478	0.001493272148	0.008240281303	0.000323687186	0.0003104020229	0.0003920319425	0.0003165189499	0.004429595288	0.003981133425	0.00842949035	0.005417202275	0.008006030309	0.003364454861	0.01060292805	0.004691318076	0.007597868627	0.004648811354	0.002010508958	0.007217057898	0.00618850786	0.003552757607	0.00435624775	0.0030429863	0.004245316518	0.003717022836	0.008493726543	0.004917023257	0.002406934647	0.001048882597	0.001999007395	0.002039933528	0.001899524556	0.001120876725	0.0002140682772	0.002042345497	0.002499962207	0.001426703741	0.002150625497	0.001843643249	0.002332315872	0.001863422361	0.002179341944	0.004323710339	0.01154246	0.003684021399	0.006102416523	0.007127500866	0.006748814507	0.003115062599	0.0006736861002	0.004648117732	0.005138363693	0.002830104673	0.003843008331	0.003427840339	0.00693504122	0.003875734253	0.006073255385	0.008317128371	0.005111464681	0.004170115293	0.005735768257	0.004970613434	0.005217729068	0.004059568332	0.000557783505	0.005327205386	0.000345218479	0.0002040772158	0.0002909032607	0.0002542862868	0.004328249094	0.005460144021	0.00628515579	0.006446276759	0.009905042502	0.004408723782	0.01097238947	0.006636875468	0.007335558556	0.005018229276	0.0008939969781	0.006325037864	0.006381479869	0.004641026834	0.007705977034	0.004559024726	0.007242349736	0.005552958903	0.009913201628	0.008733367007	0.004055488769	0.001700624131	0.002603174173	0.003083779508	0.002358518844	0.001491771313	0.0002444354	0.002107188306	0.003307176643	0.00164911482	0.002426827348	0.002506260394	0.004099955518	0.002702599009	0.003109044761	0.005784198561
Liver	V3_S3	441316244	0.01065542468	0.003736196033	0.00609414912	0.006567639509	0.004663617141	0.002191106747	0.0005403970582	0.003195554252	0.004141055365	0.002046568673	0.002748308082	0.00228725322	0.003936453787	0.002110969203	0.003617961092	0.004373190487	0.006163367057	0.003755576693	0.005826282252	0.00629954378	0.005807184836	0.003457418622	0.001068150122	0.005839037278	0.0002908707797	0.0002483207937	0.0002469589585	0.0003310800406	0.003884472922	0.003658217938	0.005791486343	0.007290520219	0.006376753719	0.002664470243	0.005151539357	0.003866578725	0.004085399132	0.002861859306	0.0005818661866	0.003698964228	0.003565302708	0.002536720584	0.002566270821	0.002085114728	0.003225444382	0.002392388711	0.004135855013	0.004275349085	0.003541573693	0.001592223286	0.00199877075	0.003147883222	0.001954555292	0.001299261035	0.0002469657564	0.002255928744	0.002177524651	0.001306314934	0.001613205971	0.001839608242	0.002518010645	0.00203267161	0.00175424542	0.005261485458	0.00954392243	0.003229615994	0.006424286526	0.005078496499	0.00644516951	0.003536618063	0.001197587914	0.00464109361	0.005773857261	0.003883935892	0.005652520237	0.003830083354	0.004825451202	0.003804154102	0.005963011867	0.00724671943	0.009890100488	0.006756193638	0.01178332561	0.008660449399	0.01407513565	0.005567780551	0.002340083815	0.008816700162	0.0005655558874	0.0004466502257	0.0005030814139	0.000458403702	0.006514455425	0.00772404607	0.0127341517	0.01007390519	0.001046102441	0.000497681658	0.001616079194	0.0008382152369	0.0007658181737	0.001079917194	0.0002405032705	0.0007897284651	0.0006381659498	0.0008075070991	0.001013268843	0.0005504827962	0.0008429646655	0.0007898055074	0.001844575202	0.001044987594	0.004343019379	0.00208335182	0.002769696372	0.003174476397	0.004070579827	0.002557732726	0.000603612497	0.003502220961	0.004926152231	0.003004827078	0.003950128788	0.003663434152	0.003979386718	0.003407576812	0.00383885031	0.007162446529	0.008442170554	0.003156552742	0.00577275601	0.005338133441	0.004581394924	0.002421685162	0.0006977536046	0.003472328564	0.0042181724	0.002200095766	0.003611904211	0.002349845523	0.003221544684	0.002512053465	0.00392112691	0.004683414735	0.005819865085	0.003857972651	0.007066145972	0.005162046562	0.008134534019	0.004312084646	0.001292200339	0.008243501229	0.0003010358259	0.0002873585591	0.0003292400902	0.0002991075035	0.004795681167	0.004174609535	0.008171496175	0.006972922574	0.007660493005	0.003103198712	0.008952743194	0.00469577322	0.007090294188	0.004146203601	0.001770474146	0.007260979045	0.005303006703	0.003037540581	0.0035792179	0.002728392658	0.004323740687	0.003526629761	0.007444693108	0.005498066371	0.002578774327	0.001188965979	0.001856634582	0.002449177919	0.002015239666	0.001195781953	0.0002161919061	0.002545915804	0.002438498502	0.001388806799	0.001896177654	0.001838638416	0.002685978629	0.002206415497	0.002277745299	0.005790951579	0.01191799548	0.003948139285	0.005911459266	0.007514008481	0.00707790398	0.003210552567	0.0006631253755	0.004850177235	0.004962962569	0.002729566419	0.003489284659	0.00335433608	0.00758313578	0.004090277719	0.006259103393	0.008951900261	0.005173260742	0.004048450571	0.005247241704	0.005030471981	0.005178488286	0.003770638454	0.0004848291965	0.005150841445	0.0003233395596	0.0001836392861	0.0002370658262	0.0002381058967	0.00447957225	0.005269674596	0.005929840643	0.006648805794	0.00953782023	0.004220313721	0.009526780528	0.006428261	0.00707915705	0.004650916498	0.000762308219	0.006046054357	0.005641541715	0.004077796873	0.006250436138	0.004003219968	0.007079286209	0.005208224332	0.008951755241	0.008509790997	0.004097216054	0.001790579909	0.002266803032	0.003163121727	0.002375255872	0.00149019441	0.0002309092434	0.002137444549	0.003105106641	0.001606847719	0.002003300382	0.002362777292	0.004402786044	0.002829642047	0.003027599863	0.005812203912
Liver	V3_S4	525306164	0.01062910238	0.003372623665	0.00632687988	0.00585139336	0.00398805524	0.001890942974	0.0004513272759	0.00237540902	0.004071574153	0.002030421634	0.002896786873	0.002302028955	0.003190952467	0.001663218633	0.003280709647	0.003027758113	0.005303501445	0.003268505336	0.005682739333	0.004552859197	0.005015576021	0.003100386235	0.0007186570916	0.004289755488	0.0002885764729	0.0002223408138	0.0002779293486	0.0003259641933	0.002880950394	0.002690811753	0.004560791714	0.004003530025	0.006399163441	0.002665337085	0.005785902029	0.003519734065	0.003951385196	0.002830406536	0.0006073448626	0.003207462839	0.003849867256	0.002778907045	0.002964016238	0.002298035094	0.00305462435	0.002233029194	0.00449289607	0.003224517655	0.003334630583	0.001456982713	0.002175561755	0.00271925231	0.001752142014	0.00116200997	0.0002110826173	0.00165799882	0.002077455158	0.001259958564	0.001752747375	0.001861048027	0.00200937486	0.001527672917	0.001576882315	0.003764427558	0.01014823234	0.003272295507	0.007384198522	0.00493926243	0.006506114404	0.003594935924	0.001298842555	0.004281870563	0.006653767345	0.00448539949	0.007170035796	0.004454202445	0.004441824901	0.003473610487	0.006295151717	0.00597624436	0.0100416602	0.007082602975	0.01332224611	0.008456234296	0.01479082777	0.005878461384	0.002800168932	0.00862419349	0.0007149088013	0.0005633210122	0.0007206997099	0.0005625024419	0.005973219458	0.007463148672	0.01366258859	0.008501773453	0.001110805545	0.0005466088534	0.001925720788	0.0008801800392	0.000834924526	0.00122350744	0.0002998898753	0.0008698508247	0.0007420187059	0.0009782104898	0.001281132882	0.0006777000241	0.0008917732783	0.000891769471	0.002263993993	0.00108799599	0.004821789984	0.002235132729	0.003355231902	0.003210937003	0.004454425172	0.002729440654	0.0007347543708	0.003442794172	0.005815145927	0.003553223107	0.005331989594	0.00456624758	0.00380734729	0.003242177832	0.00429442705	0.00649881961	0.007982645717	0.00292060346	0.006004414599	0.004613349635	0.004164274379	0.002305929538	0.0006708278413	0.002810311588	0.004338448996	0.00223517461	0.004020868485	0.002443635898	0.002632192605	0.002097930836	0.003769615009	0.003273451023	0.005610318709	0.003891884657	0.007654296248	0.004655045319	0.008465428934	0.004598544935	0.001513121403	0.008093792328	0.0003246716138	0.0003139749946	0.0003938484148	0.0003248638826	0.004352964341	0.003880561737	0.008347724243	0.005291152456	0.007789417449	0.003249546868	0.01025161014	0.004566963353	0.007374449922	0.0045379517	0.002005510447	0.007093689843	0.005921516276	0.003447467637	0.00422139345	0.003119062962	0.004444984963	0.003795961549	0.008929602052	0.005131837745	0.002375652687	0.001051470624	0.001981701475	0.002027330104	0.001872319549	0.00110513076	0.0002186762842	0.002020136204	0.002416556452	0.001405094877	0.002102299717	0.001905665817	0.002249236885	0.001821271223	0.002183857869	0.004298656964	0.01177673598	0.003676739647	0.006237689988	0.007165246209	0.006710562795	0.003060803604	0.0006883471483	0.004581876561	0.005156488131	0.002828474329	0.003892358666	0.003576047891	0.006804367139	0.003782582684	0.006160449318	0.008237514228	0.005170704603	0.004163179779	0.005867458277	0.004959511574	0.00514759427	0.003921364608	0.0005674938168	0.005150678186	0.000363066366	0.000211849789	0.0003065374272	0.0002754793488	0.004236955803	0.005265121922	0.006354741727	0.00628036415	0.00997251005	0.004391846428	0.01105912018	0.006660584322	0.007269324561	0.004927174241	0.0009036120886	0.006245178954	0.006373111967	0.004630002781	0.007650237662	0.004762028644	0.008050036892	0.005916374513	0.01121328171	0.009547611172	0.004308807235	0.001793889097	0.002855395773	0.00329200782	0.002487882476	0.001549749567	0.0002694561947	0.002233592675	0.003430184383	0.001746973599	0.002606963508	0.002892044876	0.004217264429	0.002798143446	0.003470494209	0.006156407866
Liver	V5_S1	347761767	0.01092503938	0.003598032098	0.006265895814	0.006269073276	0.004438435005	0.002113858019	0.0004973634724	0.002730814857	0.004173736557	0.002047369974	0.002871701535	0.002242517936	0.00374645842	0.001943226841	0.003579809853	0.003652198489	0.005851528814	0.003556449033	0.006009473146	0.00532113986	0.005578059994	0.003462194854	0.0008834927504	0.005032839047	0.0002802637013	0.0002105061768	0.0002571789325	0.0003147499535	0.003415243171	0.003237495052	0.005218483376	0.005197060665	0.006359494372	0.002672254653	0.005461575079	0.003682098268	0.004135098037	0.00296707142	0.000626147037	0.00350275998	0.003633973369	0.002591613241	0.002728836491	0.002074270574	0.003173848033	0.002346074461	0.004338748946	0.003645328844	0.003342086768	0.001439980031	0.001999339968	0.002750020533	0.001843281984	0.001246712667	0.0002244525057	0.001881765226	0.002067260027	0.001209943243	0.001647593423	0.001735886625	0.002262238333	0.001770815709	0.001640959571	0.004351677337	0.009691899225	0.003137346033	0.006697001284	0.004853006167	0.006283298532	0.003533568427	0.001221606399	0.004282310884	0.005868045868	0.003993570115	0.006084734438	0.003842544313	0.004580118205	0.003606230239	0.006101375141	0.006333068235	0.01012475014	0.007072433584	0.01287730114	0.008538575202	0.014762448	0.005799099244	0.002729477735	0.008751721117	0.0006285222263	0.0004937431779	0.0005997611578	0.0004828592903	0.006334707288	0.007661425875	0.01351396975	0.008988846091	0.001070356305	0.0005248161739	0.001782964831	0.000853250783	0.0007648655638	0.001132907747	0.0002693711871	0.0008087576804	0.000669765978	0.0008805999654	0.001117874467	0.0005853461171	0.0008128984461	0.0008265572219	0.002012604796	0.001017610426	0.004222646476	0.002022594393	0.002809532538	0.002926273376	0.004032838377	0.002550990604	0.0006359382226	0.003236425354	0.005024962966	0.003020136483	0.004245765751	0.003670026786	0.003757402693	0.003160462432	0.003898344006	0.006394069766	0.008737978951	0.00314887979	0.006206740375	0.005171686973	0.00459650586	0.002524486828	0.000726471464	0.003235490807	0.004456941927	0.002291456611	0.003948349503	0.002404099816	0.003072126097	0.002416611254	0.004113103095	0.003997880538	0.005987233784	0.004097028872	0.007911108296	0.005068648044	0.008987741887	0.004902491193	0.001610685973	0.008723457516	0.0003133696983	0.0003008122512	0.0003645397857	0.0003095136102	0.004857934829	0.004322044982	0.009026575943	0.006207243593	0.0081017503	0.003353051171	0.0101449565	0.004842915926	0.007695014961	0.004681710741	0.002037857715	0.007582725447	0.005928636198	0.003413218797	0.004105813622	0.002950646383	0.004445411045	0.00378428604	0.008533232464	0.005363482064	0.002461711094	0.00108000659	0.001914848218	0.002179017569	0.001959206171	0.001195919274	0.0002240154249	0.002299019259	0.002417163357	0.001374458165	0.001985281493	0.001834258566	0.002517536668	0.002045178819	0.002299536855	0.00496493624	0.01186931512	0.003758489644	0.005952321953	0.007404356213	0.006895484862	0.003169143663	0.0006653347836	0.004783912891	0.004908319896	0.002680168116	0.003529631824	0.003310720468	0.007383732899	0.004022788394	0.006250293178	0.008842679937	0.005173067228	0.004110506489	0.005483679291	0.005013641997	0.005264920338	0.003976843147	0.00053093243	0.005290653472	0.0003102842527	0.000182673905	0.0002338784988	0.0002351379817	0.004516721357	0.005452810458	0.006240294955	0.006618154203	0.009782119033	0.004297712232	0.0102501147	0.006586405457	0.007293421074	0.004910462167	0.0008561867009	0.006298662498	0.005823656285	0.004247629096	0.006756751958	0.004163775715	0.007352921576	0.005472691884	0.009706903749	0.008903474429	0.003565486829	0.001526240232	0.002084967552	0.00277476736	0.002152344136	0.001375128164	0.0002090569088	0.001921832885	0.002918889011	0.001466696596	0.001919474949	0.002243719908	0.003944047708	0.002600751681	0.002827941693	0.00546560945
Liver	V5_S2	441177436	0.01009632097	0.003431984223	0.006227823039	0.005976389055	0.003950600955	0.001930318576	0.0004426019648	0.002368638817	0.004151148383	0.002099490872	0.003024229916	0.002262375449	0.003162607346	0.001651097587	0.003213623101	0.002948194749	0.005248017716	0.003326904053	0.005696120869	0.004584574901	0.005036841911	0.003202901791	0.0006962640764	0.004342667697	0.0003077129266	0.0002323260249	0.0003072029278	0.0003331131377	0.002876087706	0.002728666296	0.004502136415	0.00391643783	0.006229396102	0.00273876654	0.005759634996	0.003475254795	0.00391952729	0.002837590724	0.0006040653448	0.003168453067	0.0040063495	0.002911418162	0.003130776616	0.002275782753	0.002833236467	0.002147825167	0.00419946681	0.00296425178	0.003269967778	0.001475884637	0.002120976559	0.00265804165	0.001773998251	0.001184870207	0.0002059760826	0.001621959651	0.002162297802	0.001307306206	0.001865061385	0.001805493516	0.002009937335	0.001509596697	0.001537528769	0.003583893624	0.01010712615	0.003356470388	0.007551741608	0.004983790694	0.006575365745	0.003766135492	0.001310828598	0.004366438178	0.00672827701	0.004636859987	0.007428657344	0.004313235095	0.004433554032	0.003552724759	0.00635069197	0.005910952799	0.01064973776	0.007732566812	0.0144715266	0.009007602556	0.01584894292	0.00644786149	0.002954643401	0.009448413858	0.0007757083025	0.0006090746672	0.0008171247452	0.0005984462904	0.00638872202	0.008100382541	0.0146695399	0.008997314178	0.001047435708	0.0005289708425	0.001874438565	0.0008257153931	0.0007817104227	0.001170488239	0.0002878207035	0.0008233648649	0.0007224938857	0.0009623996273	0.00127646374	0.0006382987366	0.0007736841736	0.0008305320492	0.002043343395	0.0009612934964	0.004690915335	0.002352203253	0.003368984628	0.003189075155	0.004535692075	0.00288810328	0.0007274148082	0.003509021255	0.005824604321	0.003625305534	0.00544701928	0.004228019948	0.003883772968	0.003352116131	0.004337982507	0.006473143835	0.007973404152	0.003023150985	0.006231887163	0.004733623775	0.004151470249	0.00234756113	0.000680012112	0.002808371188	0.004537713937	0.002339532614	0.004346890488	0.002429045351	0.002608186426	0.002092396221	0.003833602678	0.003178687044	0.005467788702	0.003926320475	0.007689681573	0.004623692949	0.008411193994	0.004681805622	0.001513456821	0.007979601205	0.0003418873852	0.0003271495508	0.0004252008029	0.0003432315156	0.004258683348	0.003862908347	0.008225896666	0.005111641748	0.007919038271	0.003438462342	0.010786524	0.004677018432	0.007429996941	0.004616027099	0.001976921141	0.007043954986	0.006112085025	0.003599415724	0.004471300749	0.003060229037	0.00403959916	0.00361322196	0.008447569381	0.004713382486	0.002372095476	0.001068962194	0.002031268888	0.002041341933	0.00186002713	0.001126392602	0.0002160491272	0.001998060028	0.002507104647	0.001481195425	0.00230777215	0.001892667058	0.00223770057	0.001799278329	0.002184647086	0.004139311875	0.01127887692	0.003693368851	0.006139178433	0.007245057746	0.00647101544	0.003034878692	0.0006528167048	0.004579223313	0.005104229764	0.002847736302	0.003884627499	0.003415206393	0.006549847667	0.003696342711	0.005838272291	0.008021414314	0.005051761079	0.004223484358	0.005796010383	0.005009657838	0.005196054496	0.004088005988	0.0005641516988	0.005385558748	0.0003739719816	0.0002301432297	0.0003242504905	0.0002864040399	0.004213141581	0.005391073536	0.006253356983	0.006358335153	0.009772664348	0.004456896114	0.01094796698	0.006606210477	0.007063461877	0.004916502575	0.0008799996743	0.006201618163	0.006461427461	0.004784784596	0.007761328483	0.004659329404	0.006820072276	0.005324134483	0.009530598478	0.008353956253	0.004052444332	0.001784155162	0.002723403107	0.003205386052	0.002408010731	0.001583938667	0.0002479319908	0.002258277325	0.003336084033	0.001742255921	0.002575084098	0.002585855275	0.003988164073	0.002712881263	0.003152158036	0.00574897262
Liver	V5_S3	438775719	0.01189236271	0.003777570016	0.006569866734	0.006707684296	0.004480644472	0.002040450192	0.0004919210217	0.002837750464	0.004557872994	0.002218477363	0.003083568533	0.00250751797	0.003778627504	0.001978359245	0.003525990462	0.004023007481	0.005796218637	0.003410036005	0.005584242459	0.00513332872	0.005265432657	0.003120806236	0.0007763579096	0.00473600956	0.0003260754727	0.0002518986243	0.0003079477604	0.0003654441052	0.003246699711	0.003089118065	0.00483487556	0.005114517287	0.006785881422	0.002782218676	0.005596330639	0.003817136928	0.00406270202	0.002826418934	0.0005957827397	0.003478476438	0.003946287192	0.002849435249	0.00292776456	0.002352017113	0.003081658673	0.002348222464	0.004162550298	0.003801131028	0.003614199536	0.001621030903	0.002202029324	0.003037107438	0.002061686554	0.001339850804	0.0002341264467	0.002063796971	0.002334867121	0.001439236431	0.001911616718	0.00204180168	0.002375192963	0.001866099159	0.001770205065	0.004768436149	0.01033750229	0.003302587033	0.006913937733	0.005183591301	0.006397512165	0.00347161872	0.00125986461	0.00438770861	0.006395105468	0.004332543752	0.006479515335	0.004252833325	0.004609710411	0.003626661484	0.006058735442	0.006791401326	0.009310745383	0.006413048576	0.01149730439	0.00791279656	0.01305001565	0.005212407845	0.002281331798	0.007993881266	0.0006362817902	0.0005182191953	0.0006523195966	0.0005199672409	0.005781229202	0.007111434988	0.01201016094	0.008611415437	0.001007904451	0.0004858814897	0.001594409102	0.0008068883137	0.0007351660223	0.001053086987	0.0002573797845	0.0007778461415	0.0006680041472	0.0008239266312	0.001114489656	0.0005759366097	0.0007713667492	0.0007726384695	0.001793198589	0.001010905984	0.004544558675	0.002232634938	0.003105240197	0.003213908471	0.004365034155	0.002763254546	0.0006594280118	0.003626337856	0.005341592295	0.003394442617	0.004890888231	0.004195580841	0.003883435036	0.003403387962	0.004052279839	0.007122499866	0.00973506467	0.003311707866	0.0065197842	0.00559277985	0.004512118411	0.002330304426	0.00068468693	0.003254332312	0.004966402892	0.002473646451	0.004498744836	0.002694909834	0.003116608191	0.002413102991	0.004010057813	0.004423918453	0.005685916271	0.003784751362	0.007071533054	0.004856670294	0.007797092801	0.004227145942	0.001293676873	0.007686377924	0.0003639399198	0.0003514893676	0.0004407809996	0.0003821701902	0.004572404336	0.004080745407	0.007886202108	0.005978605667	0.007925297252	0.003197866106	0.009496603434	0.004762458152	0.006942243766	0.004177020105	0.001778498596	0.007044175113	0.005538234899	0.003197129967	0.003925116923	0.002898777086	0.004064418159	0.003529374879	0.007442248645	0.005258435916	0.002829801072	0.001211124447	0.002128301452	0.002434649307	0.00224750814	0.00129559129	0.0002423698382	0.002605128202	0.002760152733	0.001631056526	0.002421344104	0.002179603288	0.002703198807	0.00223541768	0.00255929841	0.00569433743	0.0122709616	0.003780206899	0.006087558824	0.007593549177	0.006758657947	0.002990552902	0.0006580833613	0.004680915354	0.005232812347	0.002834174605	0.003756739329	0.003529903623	0.006900778391	0.003756484073	0.005767434	0.008741397561	0.005188331764	0.003974600062	0.005380017393	0.004901702412	0.005135712626	0.003757099421	0.0005274266327	0.005055409641	0.0003673380112	0.0002170379897	0.0003072070631	0.0002843593996	0.004156636115	0.005025733888	0.005761759119	0.00635264414	0.009851730196	0.004206894138	0.009824543185	0.006481156265	0.006976530075	0.004603780274	0.0008057214305	0.006061424744	0.006081111339	0.004286761821	0.006733827493	0.004402711719	0.006880779563	0.005086275068	0.00873540589	0.008686091402	0.004110587532	0.001807992023	0.002511362758	0.003260855006	0.00265094432	0.001602857609	0.000247276673	0.002368344361	0.0032505445	0.001765603625	0.002378399612	0.002673306542	0.004206941998	0.002864698172	0.003174840675	0.006050120563
Liver	V5_S4	345913223	0.01198325396	0.003755950665	0.006632854275	0.006631888715	0.004451972048	0.00206280637	0.000461173466	0.00264854576	0.004303567777	0.002020044201	0.002872217464	0.002344209316	0.003773290274	0.001840776697	0.003599477896	0.003506151021	0.005951278711	0.00347699631	0.005951047439	0.005053770379	0.005323294623	0.003203364099	0.0006920348344	0.00450751199	0.0002773007611	0.0001963498227	0.0002509357672	0.000308302756	0.003258588932	0.002883622058	0.004796841779	0.004450370491	0.006500511835	0.002614811866	0.005472710709	0.00359971784	0.004044317785	0.002794417605	0.0005585967438	0.003248785896	0.00360213174	0.002480853413	0.002666819129	0.002111402373	0.003222050867	0.002262289927	0.004421423925	0.003419606194	0.003530425895	0.001460698714	0.002117455915	0.002799043042	0.001836639821	0.001162386903	0.0002027965262	0.001708471838	0.002111862026	0.001174387022	0.001658791748	0.001806967639	0.002277854524	0.001641877102	0.001677065118	0.004252338165	0.01045511348	0.003243249825	0.006854106297	0.005162491288	0.00637722658	0.003456219423	0.0011384069	0.004321624328	0.006046108853	0.00393355012	0.006046626324	0.004088149588	0.00473297605	0.003517064163	0.006101703721	0.006506334104	0.01044788334	0.007041378699	0.01286372623	0.008773194542	0.01470716834	0.005655557145	0.002469087457	0.008677147332	0.0006059930239	0.0004511304848	0.0005733605622	0.0004763362284	0.006440782982	0.007395279596	0.01311623754	0.009019019201	0.001106413327	0.0005249437949	0.001766723442	0.0008803508503	0.0007794527126	0.001124813896	0.0002590071557	0.0008297341094	0.0006770802167	0.0008559111948	0.001115883911	0.0006177445261	0.0008774021339	0.0008451859616	0.002031856412	0.001100264386	0.00459564392	0.002104845816	0.002953281147	0.003120774021	0.004089771382	0.002442014193	0.0006040127584	0.003253278352	0.005183161212	0.00294231886	0.004267425764	0.003938797101	0.003999410569	0.003243859805	0.004055759962	0.006942856879	0.009073307383	0.003085990731	0.006179165345	0.005167729596	0.00438051193	0.002344801951	0.000643823321	0.003004655303	0.004394619514	0.002166676352	0.003819021397	0.002412211921	0.002969360324	0.002173594272	0.003919474336	0.003704325001	0.005977979049	0.003951913107	0.007710482927	0.004926724065	0.008581955828	0.00447552998	0.001439820645	0.008105376764	0.0003063658541	0.0002825824325	0.0003637472974	0.000305883074	0.004686108805	0.003938499339	0.008425439695	0.005712094446	0.007995201733	0.003155305803	0.009815687214	0.004669038049	0.007298949078	0.004316218348	0.001849530337	0.006923574587	0.005619941276	0.003180355438	0.003839757811	0.002918801401	0.004406715033	0.003561479926	0.008202094662	0.005207858157	0.002496328393	0.001052538544	0.001916960544	0.00215917447	0.001897166562	0.00108714838	0.0002073814912	0.002069056493	0.002401053053	0.001298140603	0.001957060196	0.001827972908	0.002494978343	0.001921825926	0.002290814422	0.004870663762	0.01282175617	0.003919890625	0.00620115641	0.00797733309	0.007185975657	0.003229474694	0.0006748542249	0.005085882479	0.005061844658	0.002682892524	0.003519859661	0.0035440507	0.00772452402	0.004101598047	0.006398119103	0.009507595493	0.005343707257	0.004128599039	0.005536507056	0.005191637326	0.005291540994	0.00383550819	0.0005026058226	0.005334667417	0.0003060941096	0.0001740581047	0.0002239492302	0.0002447723717	0.004647876673	0.005404404561	0.006232941838	0.006936141322	0.01017210319	0.004310211061	0.01024051341	0.006866892741	0.007397398624	0.004787035851	0.000834839436	0.006418948026	0.005843653453	0.004108250005	0.006567496843	0.004390205112	0.007744098294	0.005502171855	0.009788186097	0.00948882778	0.003773521546	0.001537249705	0.002157052551	0.002972459367	0.002252145764	0.001365406028	0.0002097144462	0.002003574752	0.002986095735	0.001439907372	0.0018768262	0.00245519669	0.004277379128	0.002766659198	0.003029230831	0.006192871095
Liver	V6_S1	348750159	0.01079236784	0.003720812641	0.006140106161	0.006410967686	0.004437655324	0.002119976094	0.0004333532074	0.002726183703	0.003901810407	0.001949266495	0.002603413867	0.002153229126	0.003687396168	0.001887371183	0.003451680147	0.003470223507	0.005952435996	0.003583731699	0.005905800892	0.005327601872	0.005629608903	0.003420253638	0.0007121201054	0.004969961892	0.000245381967	0.0001758536833	0.0002160113711	0.0002783138516	0.003419264391	0.003158361284	0.00498332676	0.004961548992	0.006018337041	0.002575614596	0.005063541777	0.003516342483	0.003952758055	0.002739654665	0.0005193804084	0.003253283105	0.003301400645	0.002353515773	0.002437693512	0.001942172591	0.003111706108	0.002246556682	0.004081681293	0.003357859401	0.00314518853	0.001346436662	0.001810161182	0.002561142918	0.001646029357	0.001090749324	0.0001721518928	0.001608274536	0.001895580498	0.001081582303	0.001406720506	0.001584698919	0.002133845622	0.001579391395	0.001488452368	0.003999178105	0.01052946617	0.003456526023	0.007112885646	0.005449219021	0.006887159584	0.003782487164	0.001133444645	0.004689810048	0.006136020142	0.004106191676	0.006153066729	0.00410110494	0.005226529517	0.003881715793	0.006529760464	0.006926173186	0.01146851377	0.007813289628	0.01379254138	0.009714814209	0.01665569707	0.006390953359	0.002590112081	0.009884964669	0.0005889660397	0.0004393116277	0.0005356929457	0.000459690113	0.007453091943	0.008483973193	0.01465433024	0.0103108168	0.001095067601	0.0005330807605	0.001749791317	0.000886677732	0.0008010490972	0.001144274747	0.0002365590319	0.0008491408315	0.0006711681528	0.0008674720059	0.001091557925	0.0006028900477	0.0009150046008	0.0008666978127	0.002045894408	0.001120555762	0.004401884731	0.002101252089	0.002819293338	0.003136113266	0.004037274145	0.002450238309	0.0005391768151	0.003232124691	0.005100599825	0.002936729844	0.004055533635	0.003731774643	0.00417919236	0.003342834318	0.003993965204	0.007053023308	0.00853803195	0.00315810322	0.005917075439	0.005137632066	0.004477500468	0.002465358016	0.000625728747	0.00314197993	0.004105666945	0.00213603917	0.003506842846	0.002314095002	0.003030952023	0.002289877092	0.003884138731	0.003785672826	0.006038899039	0.004052072705	0.007565197985	0.005148562527	0.00889519021	0.004696112554	0.001344406556	0.008626166677	0.0002828672545	0.0002565991662	0.0003106722598	0.0002729575816	0.004963065838	0.004218839654	0.008602935146	0.006119673196	0.008076417823	0.003346341127	0.009656683769	0.00489393612	0.00752326252	0.004449202273	0.001711537571	0.007353424604	0.005624215357	0.003215800684	0.003825259905	0.002908001542	0.0045790144	0.003760018357	0.008036738988	0.005360559563	0.002388741563	0.001052636079	0.001789011371	0.002137151714	0.001858513848	0.001085375849	0.0001867755421	0.002122800466	0.00228354878	0.001255093335	0.001755686655	0.001702657288	0.002539755114	0.0019824163	0.002188529468	0.004885073042	0.01184609639	0.003928184589	0.005894824553	0.007612670364	0.007153433298	0.003275447969	0.0006199767783	0.004950997026	0.004802449423	0.002644664027	0.0033868429	0.003323903861	0.007778293228	0.004211507757	0.006345049437	0.009121833834	0.005093052875	0.004076124307	0.005176897998	0.005099163267	0.005233758187	0.003879462031	0.0004571639493	0.005357953113	0.0002660902013	0.0001573017204	0.0001913805579	0.0002098579688	0.004666429414	0.005490552335	0.00613459792	0.006852796876	0.009483135461	0.004261122072	0.009656397031	0.006597516705	0.007178256226	0.004754856614	0.000747572419	0.006286483155	0.005516183865	0.004039740094	0.006222835873	0.004008901398	0.007550631683	0.005533672029	0.009425994269	0.009063092642	0.003384118887	0.001429777126	0.001870270115	0.00266973355	0.001926189803	0.001226451054	0.0001713748323	0.00175470601	0.002748899105	0.001362115508	0.001669217877	0.00212586283	0.00397198672	0.002581532873	0.002702794467	0.005624040447
Liver	V6_S2	402426101	0.01091186677	0.0035993391	0.006334186559	0.006269357265	0.004207435839	0.001985412969	0.0004336348949	0.002552836403	0.003913615434	0.001925931241	0.002645129124	0.002322662466	0.003369480748	0.0017923738	0.003407107533	0.003394006991	0.005372141605	0.003244116117	0.005491867934	0.004654449588	0.004946388902	0.002996714172	0.0006313333041	0.004258120921	0.0002430110765	0.000175910558	0.0002218171231	0.0002905154504	0.002911041299	0.002737819434	0.00452617759	0.004163683707	0.00626209382	0.002630927759	0.005455334519	0.003578075568	0.003828658221	0.002658992539	0.0005258182794	0.003156599427	0.00340374294	0.002391057632	0.002567974586	0.002133899859	0.003210475158	0.002387051927	0.004956348495	0.003589414296	0.003212025753	0.001384154752	0.002053358363	0.002653210111	0.001634009321	0.001054367495	0.0001764646971	0.001552439065	0.001945606903	0.001126542237	0.001539343493	0.001820739257	0.001997623907	0.001526558537	0.001578742031	0.004012376424	0.01076797452	0.003446322186	0.00725859976	0.00545735228	0.006906433239	0.003642696128	0.001163577608	0.004585969934	0.006605339448	0.004221460774	0.00648626914	0.004845664819	0.004913394025	0.003771373169	0.006501240833	0.007023289476	0.01046108339	0.007192816253	0.01300579904	0.009059367648	0.01488372644	0.005819883437	0.002371235359	0.008953907291	0.000608466994	0.0004464024564	0.0005684397693	0.0005095916977	0.006491872653	0.007652930544	0.01346424843	0.009407970782	0.001096936801	0.0005393015002	0.0017348825	0.0009062607994	0.0008110010737	0.001127933797	0.0002401931678	0.0008587763049	0.0006845803473	0.0008590894058	0.001086984664	0.0006530515773	0.0009535266203	0.0009135192749	0.002198530358	0.001235205666	0.004937838264	0.002217152411	0.003277903686	0.003459303451	0.004346385574	0.002574631709	0.0006007214726	0.003495160966	0.00582550186	0.003228346762	0.004775515294	0.00473146	0.00418854293	0.003500046335	0.004348654314	0.007643497756	0.00844685519	0.003013311008	0.00594278302	0.004954979299	0.004261450725	0.002315893521	0.0006012507623	0.003009648224	0.004148279637	0.002111182644	0.003571835913	0.002531535597	0.002775707135	0.002148019221	0.003787177313	0.003639473176	0.00553617669	0.003696067418	0.007131913146	0.004726825609	0.00802139571	0.004251717261	0.001220015299	0.007858868975	0.0002745622109	0.000241050468	0.0003009074205	0.000273031495	0.004427361932	0.003755936795	0.007813538914	0.005529397806	0.007704607112	0.003135005401	0.009398118041	0.004665435456	0.007032098547	0.004186164853	0.001661375836	0.007041556184	0.005380324474	0.00308772467	0.003742212536	0.003113639987	0.004421813087	0.003709794162	0.008488661624	0.005444599628	0.002384835371	0.001052334824	0.001903758226	0.002176923907	0.001815446359	0.001059764759	0.0001894782665	0.002040153454	0.002320070685	0.001252940599	0.001831282807	0.001948690699	0.00237967169	0.001922556708	0.002231323957	0.004887329612	0.01207408016	0.003841008315	0.006092432856	0.007701689807	0.007292451938	0.003277242696	0.0006852761273	0.005000744224	0.005042764361	0.002736462663	0.003603762272	0.003823459751	0.007399674108	0.004186666809	0.006561189728	0.009506657224	0.005034782771	0.00397093776	0.005411833364	0.005052197149	0.0050481492	0.003688254803	0.0004746635457	0.005153825746	0.0002860649439	0.0001662590966	0.00022019198	0.0002372435579	0.00438237976	0.005304183786	0.006218222411	0.006815546987	0.009998784845	0.004494646335	0.01033531371	0.007053749727	0.00741694933	0.004778499693	0.0008298591944	0.006536283291	0.005854314604	0.004130636646	0.00659039012	0.004618390794	0.008246110259	0.006150267077	0.01162220837	0.01045124059	0.00382123574	0.001585332061	0.002330537203	0.003062778475	0.002227554321	0.001345683092	0.0002095887911	0.002030119314	0.003135256378	0.001521022117	0.002061988519	0.002756518519	0.004233177211	0.002897784207	0.003254851007	0.006722136048
Liver	V6_S3	509125731	0.0108644774	0.003611663854	0.006509209412	0.005974001734	0.00423726767	0.001938921842	0.000497688458	0.002481416521	0.004666128336	0.002391890501	0.003332950776	0.002476105455	0.003215598624	0.001714568616	0.003228216332	0.003073034625	0.005357101073	0.00321505259	0.005474201814	0.004374705234	0.00485918281	0.002941888239	0.0007005302979	0.004073467267	0.0003989387839	0.0003200545368	0.0004063868459	0.000417248603	0.002732099195	0.002668244634	0.004332147966	0.003921377134	0.00714803393	0.003115466187	0.00622116465	0.003752990438	0.004305612281	0.003032504362	0.0006798851029	0.003420066781	0.004637249418	0.003590166218	0.003506008224	0.002670589831	0.002943974167	0.002340977734	0.004287546017	0.003322750938	0.003577652609	0.001663402473	0.002393092562	0.002844081357	0.002057872813	0.001312634501	0.0002621120715	0.001796624968	0.002510079382	0.001629418726	0.002267836665	0.002111177916	0.002096914249	0.001628226486	0.001694742472	0.003750384009	0.01039492738	0.003414924633	0.007380345897	0.004955271059	0.006742214724	0.003700013347	0.001358872589	0.004361239012	0.007009738033	0.004993892167	0.007561126389	0.004510789497	0.004332466159	0.003506283205	0.006073069601	0.005969327054	0.009824857978	0.006985908948	0.01292138975	0.008188590256	0.01435598823	0.005722767133	0.002662022203	0.008392310072	0.0007973570678	0.0006623707651	0.0008658764882	0.0006307734621	0.005771324883	0.007382490751	0.01310141797	0.008319243641	0.001121088496	0.0005531030605	0.001864189811	0.0008621131742	0.0008322620017	0.001241392767	0.0003073071944	0.0008638926953	0.0007944933351	0.00101585123	0.001372382022	0.0006893621332	0.0007994783513	0.0008657134636	0.002024503845	0.001037401899	0.004844141338	0.002457958661	0.003566910666	0.003307330385	0.004859084602	0.00301870227	0.0008064569811	0.003695507584	0.006064568754	0.003943137967	0.005918050919	0.004574369077	0.003834184527	0.003376609932	0.004414550008	0.006558299447	0.008028993137	0.002853546603	0.00583351188	0.004467291401	0.003958609588	0.002148917121	0.0006491480982	0.002684556912	0.004583997347	0.002389079801	0.00426197473	0.00242649492	0.002458671648	0.001950779423	0.003452384928	0.003120121226	0.00528818293	0.003616723508	0.007073028882	0.00426560841	0.007594593564	0.004143581578	0.001370732135	0.007220658427	0.0004012250561	0.0003933782714	0.0005068649732	0.0004028101263	0.003892859621	0.003564204065	0.007376971485	0.004852563619	0.007593937538	0.00316110128	0.009578853912	0.004346490199	0.006872408497	0.004229430706	0.001860964674	0.006560854808	0.005716358107	0.003436333883	0.004125313006	0.002957314683	0.003726692415	0.003357496775	0.007394395472	0.004546808105	0.002350077647	0.001055391561	0.001985114754	0.00193550029	0.001881568622	0.001098954474	0.0002276687131	0.00194961861	0.002508967672	0.00154523127	0.002347795303	0.001875338334	0.002084720798	0.001725428409	0.00207001716	0.003967919665	0.01185271659	0.003782490027	0.006270158441	0.007279435657	0.006803134843	0.003069008115	0.0007200166436	0.004656026706	0.005518632882	0.00313698543	0.004162620097	0.003668730308	0.00635718606	0.003615497878	0.005634543346	0.008002522269	0.005423126021	0.004274170146	0.0061455625	0.004973849966	0.005477717645	0.004080573567	0.0006706162726	0.005293941822	0.0004802291165	0.0003122706049	0.0004498495874	0.0003651219899	0.004037798278	0.005126167941	0.006069669655	0.00611539117	0.01038968309	0.004626432837	0.01091766466	0.00671005371	0.007394650812	0.005069142734	0.0009431697727	0.006392120456	0.006918475704	0.005160558267	0.008070448516	0.005011547924	0.006820490084	0.005343990363	0.00924718142	0.008558437994	0.00441768283	0.002009847348	0.002995611707	0.00334902539	0.002980768615	0.001815362972	0.0003158119698	0.002551155679	0.003691634277	0.002027479534	0.003001274355	0.002907912348	0.004076961492	0.002781862934	0.003316622785	0.005744447436
Liver	V6_S4	372948086	0.01018247081	0.003365581021	0.005985795567	0.005620642869	0.00397746511	0.001957964198	0.0004351409917	0.002365224633	0.003830141657	0.001957122257	0.002711691085	0.00210204055	0.003054690566	0.001646971852	0.003165625577	0.002858188686	0.005027638083	0.003185558646	0.005459030563	0.004320692505	0.004964897447	0.003166808047	0.0006754130386	0.004249489566	0.0002615511479	0.0002016661375	0.000254831714	0.0002834871768	0.002780518359	0.002674130898	0.00440909623	0.003761172272	0.006021138288	0.00259199346	0.005479462361	0.003333286982	0.003929975927	0.002872383691	0.0006132971547	0.003156256981	0.003602302976	0.002658045549	0.002804966802	0.002096331981	0.002838416497	0.002160815487	0.004238431726	0.003000591884	0.002959985696	0.001303162607	0.001930089004	0.002335829121	0.001614002116	0.001078144694	0.0001886643279	0.001433657981	0.001902240624	0.001145765365	0.001603633381	0.001602863837	0.001804149224	0.001380967001	0.001404774604	0.003280577233	0.01042615084	0.003430262945	0.007551418296	0.005056966561	0.006886234563	0.003970721544	0.001318062804	0.004641758639	0.00669559677	0.004708494469	0.007348258653	0.004449024039	0.004610110802	0.003735251774	0.006559821841	0.00622726081	0.01069381276	0.007818184647	0.0144241121	0.009073211868	0.01650002301	0.006633494293	0.003012017067	0.009641950542	0.0007217975104	0.0005802335717	0.0007379686619	0.0005425580868	0.006563610572	0.0083020536	0.01500570779	0.009181454815	0.001204760171	0.0006023036675	0.002106609551	0.00095991108	0.0009254505197	0.001412035669	0.000330944184	0.0009850298575	0.0007934750468	0.001068266643	0.00139360683	0.0007112115867	0.0009083838012	0.0009783184676	0.002344374547	0.001166175713	0.004630770514	0.002253536166	0.003238434638	0.00312650217	0.004460929181	0.002751833401	0.0006965822047	0.003405270191	0.005760496114	0.003542259766	0.005246049178	0.004296286964	0.003870785383	0.003307489826	0.004262247373	0.006569088546	0.008058681926	0.002975692976	0.006015000704	0.004621115015	0.004248929166	0.002439956214	0.0006832479092	0.002887670001	0.004324953152	0.002253394055	0.003974837399	0.002399269586	0.002596790375	0.002126443411	0.003789715119	0.003209197325	0.005489415489	0.003932633133	0.007687858197	0.004561087894	0.008572662309	0.004808374322	0.001520798796	0.008271285243	0.0003203448536	0.0003184008833	0.0003955054484	0.0003075950898	0.004313699575	0.003957725097	0.008350934398	0.005189899272	0.008023620746	0.003416172513	0.0106676992	0.004741407897	0.007703659324	0.004838957667	0.002104306281	0.007392444427	0.006090228333	0.003596752605	0.004363218531	0.003116736735	0.004236493119	0.00378210548	0.008627109565	0.005024522367	0.00222180789	0.0009764763882	0.001884270295	0.001864149532	0.001801711888	0.00107593259	0.0002092999078	0.001908059129	0.002346012844	0.001362564976	0.002041721163	0.001765527227	0.002158284303	0.001768806504	0.002083496415	0.004072306729	0.01151435591	0.003738801866	0.006053847934	0.007171936525	0.006900461744	0.003240311575	0.0006800142152	0.00485469176	0.005030724303	0.002837882911	0.003782338757	0.003478065845	0.006863840025	0.003932496385	0.006094411221	0.0084792418	0.004935019294	0.004138112134	0.005592531718	0.00482263636	0.005208537255	0.004092899407	0.0005561068894	0.005302984716	0.0003266272293	0.0001994969348	0.0002735796317	0.0002436076318	0.004190392869	0.005349076922	0.006221015973	0.006256817202	0.01006607391	0.004510206817	0.01109188693	0.006825271655	0.007686211855	0.005303885646	0.0009626567704	0.006697972436	0.006359584857	0.004671001315	0.007692255592	0.004635583517	0.007575231262	0.00591249314	0.01028484699	0.009730764512	0.003640195649	0.001542230733	0.002349377924	0.002783778866	0.002196437067	0.001378545753	0.0002231061189	0.001920586341	0.003093548521	0.001551722671	0.002224526767	0.002422433668	0.003793627191	0.002544220055	0.002948740163	0.005533204426
Liver	V6_S5	437743008	0.01131098364	0.003654276529	0.00610524429	0.006158547254	0.004160363425	0.001915790737	0.0004739173355	0.002522580555	0.004217559084	0.002244303123	0.00278461558	0.002249806352	0.003308210465	0.001820195835	0.003143077045	0.00349793594	0.005310798705	0.003104383109	0.005109276354	0.004390343112	0.004814189973	0.002921876481	0.0006912640396	0.004168831864	0.0003757227346	0.0003057775854	0.0003480101274	0.0003763372504	0.002834976179	0.002781346538	0.004353728021	0.004343329226	0.00744008914	0.003148573421	0.005861898313	0.003912482824	0.004616628851	0.003197364605	0.0006986153849	0.003713087292	0.004495333938	0.003618636897	0.003166892388	0.002539170197	0.003078502627	0.002540910945	0.004259766498	0.003918143679	0.003285932553	0.00148125724	0.00199381597	0.002615210247	0.001822073649	0.00116726022	0.0002248876583	0.001680616221	0.002177149566	0.001433391256	0.001762120664	0.001822169596	0.001992449871	0.001640640711	0.001513767183	0.004135485815	0.01033362022	0.003390023308	0.006951581052	0.004975759659	0.00649484503	0.003536435698	0.00126906653	0.004269815773	0.006696440483	0.004870348495	0.006830368379	0.004271120191	0.004453818712	0.003554131012	0.005878028782	0.006256819526	0.00956903234	0.006651594536	0.0119802873	0.00802199221	0.01388076083	0.005455760472	0.002417576022	0.008198659794	0.0006893885099	0.0005653294181	0.0007196688336	0.0005377081888	0.005927116944	0.007250505301	0.01248689048	0.008460470944	0.001088193281	0.0005323831466	0.001710391683	0.0008437165032	0.0007876790576	0.001169811946	0.0002817634954	0.0008192135418	0.0007542599058	0.0009753371092	0.001232108772	0.0006408714585	0.0008119352988	0.0008408106886	0.001923902803	0.001051566768	0.004462940502	0.00228019176	0.003156642082	0.003121324556	0.004403062904	0.002708219157	0.0007104967854	0.003411563344	0.005530237961	0.003662256097	0.005103026112	0.004178796615	0.003736626217	0.00327016988	0.003992879311	0.006595308085	0.008731349057	0.003049005868	0.00592425225	0.00480913678	0.004088047021	0.002202353852	0.0006608329424	0.002810674248	0.004628051078	0.002566978751	0.004052811736	0.002495046134	0.002676355712	0.002114539771	0.003513888222	0.003601581227	0.005259382692	0.003507286175	0.006695380501	0.004309704474	0.007562752436	0.004112920063	0.001285647034	0.007356528696	0.0003854110675	0.0003670144287	0.0004647749851	0.0003633364716	0.004128689589	0.003751009085	0.00742960582	0.005354280839	0.00803891995	0.003269662733	0.009503685779	0.004531464726	0.00704725591	0.004303933965	0.001836029326	0.006798973246	0.005834192559	0.003589507933	0.004049741441	0.002992543515	0.004013459879	0.003545299346	0.007324557883	0.005055950545	0.002462650414	0.001099176894	0.001938543813	0.0020497529	0.001929892619	0.001142432868	0.0002300025315	0.002114299904	0.002504736752	0.001615488967	0.002188213135	0.001887219179	0.002270021409	0.001964099904	0.002106806924	0.004794484347	0.01250232419	0.004015911089	0.006380069924	0.007436191876	0.006863737273	0.003048309112	0.0007278814148	0.004556033937	0.005759785888	0.00351927266	0.004250368289	0.003776067167	0.006639656024	0.003778372172	0.005661678096	0.008359660653	0.005237008834	0.004029533237	0.005538372871	0.004792286711	0.005140787994	0.00379636218	0.0005865953203	0.004991899265	0.0004910164093	0.0003222918412	0.0004689326757	0.0003598709679	0.004006218187	0.005039993694	0.005783347658	0.006207032323	0.01092861316	0.004866302742	0.01101590411	0.006851398983	0.007525269256	0.005092286934	0.0009530340688	0.006439152536	0.007217622994	0.005710809663	0.00807115119	0.005035143817	0.007071244871	0.005566560643	0.009153754433	0.008976961204	0.004758355843	0.002221285051	0.003039299259	0.003595851838	0.003151410702	0.001921250562	0.0003554391439	0.002717478014	0.003853733741	0.002438076635	0.003166147659	0.003134021503	0.004268707817	0.003181953737	0.003454067735	0.006524634198
Liver	V6_S6	319761595	0.009983137593	0.003324348567	0.005970260437	0.005732326923	0.003963243303	0.001948335916	0.0004577316422	0.002492838454	0.00381069215	0.001944367334	0.002721827804	0.002110882015	0.003143307438	0.001720215963	0.003146897613	0.003169064127	0.005040305106	0.003210088441	0.005424488203	0.004646320957	0.005036420962	0.003231435595	0.0008007090407	0.004647615671	0.0002718619164	0.0002164675217	0.0002667925146	0.0003071069245	0.002951639643	0.00296907138	0.004692470964	0.004604583612	0.006051833711	0.002596534459	0.005485424227	0.00347500143	0.003884212549	0.00286656376	0.0006250625564	0.003304999776	0.003662863265	0.002688731272	0.002847302535	0.002128851653	0.002886800712	0.002236028376	0.004188720662	0.003349511063	0.003159672756	0.001400183784	0.002081238055	0.002633802849	0.001723574715	0.00118490152	0.0002171930622	0.001736712628	0.001976137879	0.001231570664	0.00170588341	0.001706399419	0.001949705686	0.001594143912	0.001504949336	0.003848748628	0.01035887377	0.003410497124	0.007560495187	0.005120639957	0.006829325454	0.003907798871	0.001353524022	0.004668778313	0.006745018894	0.004682898207	0.007400407169	0.004439976602	0.004673803932	0.003824217852	0.006492371293	0.006526584282	0.01051398621	0.007600087184	0.01409147962	0.009008993091	0.01593848692	0.006457789279	0.003005914453	0.009564012839	0.0007327459071	0.0005943678133	0.0007575174874	0.0005592854264	0.006516042053	0.008362505197	0.01467517386	0.009464200978	0.001130917551	0.0005686236335	0.001982611452	0.0009168737102	0.0008701044914	0.001335038374	0.0003152348549	0.0009290671696	0.0007660582253	0.001025779847	0.00133561693	0.0006836374456	0.0008664298788	0.0009369136403	0.002219434764	0.001116631908	0.004749547862	0.002338245154	0.003429736457	0.003349623647	0.004676027464	0.002976408096	0.000755115698	0.003731220443	0.00589578933	0.003703318405	0.005574449927	0.004399615282	0.004014866138	0.003521357842	0.004396428533	0.006973586056	0.007913148544	0.002922380344	0.005866686398	0.004651640545	0.00420043564	0.002397986537	0.0006950709637	0.002992035363	0.004206902958	0.002232757189	0.003884884925	0.002338176353	0.002656841889	0.002215178468	0.003711652739	0.003542858235	0.005398434418	0.003831157397	0.007479622436	0.004635165771	0.008326515884	0.004739099453	0.001523384946	0.008369766857	0.0003179556319	0.0003214082041	0.0003962858642	0.0003094743132	0.004334463618	0.004079448628	0.008321071203	0.005701582143	0.007752431933	0.003302973267	0.01020999723	0.004668487471	0.00741983727	0.004672678093	0.002072062469	0.007395516025	0.005886870185	0.00348098714	0.004237453844	0.003003603356	0.00415111452	0.003732727816	0.008243100614	0.00512678516	0.002240306563	0.0009999825026	0.001911161345	0.001977373174	0.001828703037	0.001122239211	0.0002262279183	0.00212472045	0.002325107241	0.001375981378	0.002052854409	0.001757568791	0.002211960445	0.001866900245	0.002108236294	0.0044413495	0.01129336373	0.003625188322	0.005965763337	0.006990123376	0.006639502783	0.003115899519	0.0006635693695	0.004609846908	0.004957484028	0.002783508132	0.003771441032	0.003359149494	0.006712394589	0.0038104232	0.005894003625	0.008210585765	0.004918658227	0.004028623262	0.005586168032	0.004774954291	0.005084869557	0.003976374961	0.0005563926462	0.00519427294	0.0003332607845	0.0002058846373	0.0002914827842	0.0002536983843	0.004119822457	0.005257770246	0.006018962346	0.006212700434	0.0097597618	0.004360376674	0.01075710796	0.006619156375	0.007316219448	0.005081097997	0.0009169300022	0.006371590685	0.006257558854	0.004567925051	0.007600393662	0.004520367745	0.007162220341	0.00557711754	0.009776621236	0.008835717122	0.003843973195	0.001632847747	0.002502967875	0.002956818501	0.002346363703	0.001469860694	0.0002396347817	0.002070849065	0.003159782212	0.001592993055	0.002363476452	0.002427558569	0.003881022673	0.002629865541	0.002985039526	0.005547642455
Liver	V6_S7	380933121	0.01051944234	0.003411409847	0.006040320133	0.005859427487	0.003986348039	0.00196686494	0.0004429150176	0.002428988053	0.003916590388	0.00200673808	0.002788350347	0.002146983171	0.003182466772	0.001692066046	0.003170152275	0.003073544765	0.005170994307	0.003255973113	0.005619107087	0.004486937223	0.005062896592	0.00324422827	0.0007281251871	0.004433019622	0.0002761167097	0.0002160037956	0.000272205262	0.0003016277495	0.002881996706	0.002799945558	0.0045730127	0.004099068613	0.006060097883	0.002634199928	0.005507562573	0.003385715048	0.003911153738	0.002892673121	0.0006227943618	0.003209689398	0.003674453396	0.002734831766	0.002887055337	0.00211433177	0.002837742219	0.002170856128	0.004174496552	0.003057578708	0.003026575891	0.001313225268	0.001915191827	0.00238085887	0.001647144775	0.001126817219	0.0001915401838	0.001521907569	0.001934966952	0.001171987878	0.001631945257	0.001605502295	0.001882062652	0.001446146238	0.001429300762	0.003534770084	0.01045806673	0.00341848983	0.007546631788	0.005111191158	0.006859030775	0.003946863418	0.001327952263	0.0046486769	0.006732966651	0.00472266364	0.007389202579	0.004390214208	0.004621141883	0.003742966735	0.006484983489	0.006323894845	0.0108258872	0.0078504909	0.01462144585	0.009123315376	0.01664612933	0.00670910682	0.003136899718	0.009779627432	0.0007465326177	0.0006186256511	0.0007849461848	0.0005588933812	0.006645100834	0.008500967287	0.01523449834	0.00942770214	0.001150947439	0.0005856146071	0.002039486611	0.0009150556378	0.0008932565357	0.001353339921	0.000327112538	0.0009539601047	0.0007915693947	0.001053817528	0.001378488693	0.0006823559981	0.0008683702775	0.0009450582797	0.002258430555	0.001110037371	0.004502913781	0.002228779681	0.003182868417	0.003072940985	0.004466185549	0.002845979885	0.0007042784815	0.003459966927	0.005678915486	0.003542503725	0.005243881117	0.004147683446	0.003852571276	0.003331792197	0.004228742294	0.006628168728	0.008221157015	0.00298877923	0.00604520288	0.004719552858	0.004220979777	0.002437598489	0.0006953556554	0.002922510379	0.004392316939	0.002322927441	0.004072226631	0.002428562782	0.00264589752	0.002160888499	0.003780388001	0.003389545117	0.005603211909	0.004009317951	0.007928260457	0.004658408267	0.008694633828	0.00497771891	0.001604229106	0.008517460995	0.0003384111092	0.0003443045321	0.0004326034963	0.0003257999716	0.004425797882	0.004149324154	0.008745973548	0.00548673477	0.007996322273	0.003436416861	0.01063385612	0.00473224275	0.007595981658	0.004826844658	0.00210206715	0.00741870907	0.006145574829	0.003657854682	0.004454561461	0.003100328994	0.004162672954	0.003751645423	0.008446411778	0.005003579093	0.002256802973	0.0009932924683	0.001902349678	0.001910285454	0.001817914909	0.001121230936	0.0002187155577	0.00199208984	0.002365226205	0.001401301096	0.002085211173	0.001759865349	0.002191584176	0.001809020959	0.002126512386	0.004258227785	0.01138810138	0.003640736191	0.005902610921	0.007077090049	0.006603550233	0.003095372744	0.000652902009	0.004616219759	0.004942161488	0.002770005919	0.003701767902	0.003327943752	0.006685165609	0.003771979701	0.005799269946	0.008261465928	0.004927555249	0.004094120238	0.005547249329	0.004753548327	0.005156427445	0.004048429803	0.0005640360162	0.005231813382	0.0003290603864	0.0002101628753	0.0002850605369	0.000247896533	0.004141054986	0.005296312893	0.006078213924	0.006219204552	0.009753192346	0.004394503675	0.01074717785	0.006535787682	0.007340469615	0.005078240493	0.0009209490608	0.006350112045	0.00621917305	0.004585647463	0.007529416168	0.004417274076	0.007076373388	0.005496760152	0.009618063639	0.008701136282	0.003568429535	0.001547174471	0.002251484454	0.002740200162	0.002165398477	0.001422680177	0.0002171772299	0.00193750808	0.002998628728	0.001550933661	0.002163466379	0.002293780593	0.00372932392	0.002530276174	0.002840721744	0.005502047169
Liver	V6_S8	446012684	0.0103021532	0.003417564241	0.006014389492	0.005773710238	0.004105733011	0.002053457296	0.0004741815818	0.002517018103	0.003905088493	0.001999248075	0.002831175088	0.002164561759	0.003231670425	0.001761983522	0.003303782724	0.00311553023	0.005270899426	0.003357272234	0.005800077201	0.004662418973	0.005230925226	0.003384731094	0.0007817894255	0.004668667674	0.0002846623079	0.0002207538116	0.0002838865453	0.0003123476192	0.002996896833	0.002924158991	0.004765099909	0.004310007471	0.005855376077	0.0025780074	0.00541236177	0.003336680891	0.003947345139	0.002961117581	0.0006441677789	0.003284644255	0.00357974797	0.002660370529	0.002866389333	0.002095090641	0.002876606532	0.002207984291	0.00427805098	0.003110503467	0.003065580978	0.001331551817	0.001972609819	0.002400996739	0.001765682969	0.001196374048	0.0002238075364	0.001630556767	0.002013160236	0.001200342545	0.001737385567	0.001666618522	0.001979670157	0.001549411093	0.001532581975	0.003637983982	0.01003339627	0.003338147217	0.007343167846	0.004959213223	0.006764859181	0.003960844755	0.001363481403	0.00464071107	0.006423958562	0.004553953448	0.007156908569	0.00434756694	0.004563645997	0.003745828448	0.006492113574	0.006276334957	0.0105610696	0.007714509303	0.01437360468	0.008950431553	0.01629805443	0.006666189341	0.00322659882	0.009711275386	0.0007220758771	0.0006042877471	0.0007640343251	0.0005553945188	0.00657633091	0.008473985462	0.01515036734	0.009437996162	0.001136454227	0.0005784790641	0.002015949394	0.0009253593335	0.0008945328559	0.001375454156	0.0003400643198	0.0009733086425	0.0007687516797	0.001047615946	0.00135920574	0.0007063879825	0.0008620001489	0.0009531276021	0.002255485183	0.001119340364	0.004368077568	0.002188040912	0.00311194513	0.002987031642	0.004433784219	0.002858573412	0.0007391292038	0.003472031302	0.005537755065	0.003456388249	0.005153862396	0.004124158496	0.003831949317	0.003343698629	0.004273667697	0.006595238444	0.008207322642	0.003063047418	0.006112655756	0.004827723689	0.004341129904	0.002523008964	0.0007283043995	0.003052545474	0.004408603321	0.002344375031	0.004139702897	0.00248916912	0.002728465005	0.00228313462	0.003968866948	0.00350488687	0.005668811876	0.00410606484	0.008068122565	0.004780274365	0.008807518577	0.005085756709	0.001657206233	0.008740307484	0.0003439027756	0.0003605570105	0.000451942304	0.0003420059686	0.004516692176	0.004273226005	0.00895090015	0.005668991243	0.007973387591	0.003459619099	0.01066263398	0.0048118923	0.007727529112	0.004921077536	0.002196166242	0.007611601916	0.006110891232	0.003632017784	0.004437066637	0.003118395619	0.004229276583	0.003840298856	0.008745706434	0.005108296427	0.002292307005	0.001019096578	0.001891692838	0.001941747468	0.001913470246	0.001187304799	0.0002393452111	0.002128262343	0.00242067331	0.001436176645	0.002135019999	0.001825573642	0.002278083195	0.00190115221	0.002250146769	0.004378740942	0.01093140436	0.003590209556	0.005733881775	0.006904393329	0.00660201852	0.003143455445	0.0006798909782	0.004687167148	0.004731885607	0.002696676671	0.00358289362	0.003269895795	0.006603085754	0.003769955565	0.005816480322	0.008146797457	0.004856027816	0.004133241197	0.005551925066	0.004782960388	0.005207508852	0.004145379865	0.0006276839427	0.005369632044	0.0003289009601	0.0002075277303	0.0002708846729	0.0002508560945	0.004167643806	0.005367600712	0.006093781853	0.006276406704	0.009378854347	0.004324569837	0.01048517266	0.006438783252	0.007366913807	0.005131372004	0.0009552396496	0.006457881364	0.005978204423	0.004465657752	0.007301924624	0.004372687302	0.007073767436	0.005502448894	0.009694950738	0.008694275161	0.003252837984	0.001432506345	0.002023720473	0.002518266947	0.002084292742	0.001374698572	0.0002392017174	0.001859236362	0.002817720314	0.001440530781	0.001960105691	0.002185002882	0.003574115843	0.00244231395	0.002710221129	0.005202811676
ovary	V39_S10	581851776	0.009266621195	0.003631615623	0.005840329342	0.005671193483	0.00434163322	0.002179766484	0.0004524210647	0.002624178636	0.003621647449	0.001925306489	0.00249465424	0.002012321777	0.003184372853	0.001830746324	0.003307184199	0.002937949269	0.005737540277	0.003735198705	0.005964228594	0.005320416862	0.005619230077	0.003544686267	0.0007996297669	0.005074230451	0.0002425497452	0.0001863859568	0.0002084499953	0.0002813775033	0.003264690559	0.003202246821	0.005047696202	0.004717510736	0.00558228596	0.002651914222	0.005082010783	0.003353816351	0.00393884679	0.002826333214	0.0005657781132	0.003258305772	0.003327811446	0.002509866018	0.002467563148	0.001967793255	0.002990177347	0.0022886052	0.00427078528	0.003161633385	0.002959932531	0.001370316347	0.001792980692	0.002460489181	0.001631217845	0.001087001924	0.0001883108457	0.001592240564	0.001824258417	0.001076196767	0.00138177631	0.001532397144	0.001985832213	0.001570716182	0.001429011708	0.003638792709	0.009970169791	0.003549758006	0.00714965421	0.005240271021	0.007136838231	0.004031507846	0.001222280363	0.004945316176	0.006092814607	0.004289233277	0.006333537427	0.004170929952	0.004968810132	0.00397199097	0.006488698936	0.006585373042	0.01153070984	0.008560247138	0.01456481247	0.01009487681	0.0176756305	0.006817012792	0.002891562885	0.01027635774	0.0005950982953	0.0004651493923	0.0005206738425	0.0004827019725	0.007397368501	0.008703967589	0.01526587417	0.0100769994	0.001107316376	0.0005677562803	0.001951070783	0.0009327977028	0.0008908694987	0.001362422584	0.0002772183684	0.0009703485033	0.0007113856433	0.0009937788692	0.001148959284	0.0006632823271	0.0009617604055	0.0009595003797	0.002217184948	0.001156224021	0.004487285435	0.002258078525	0.002877784462	0.003213127599	0.004177612066	0.00252084304	0.0006036193658	0.003395564096	0.005220659497	0.003074839802	0.004070744643	0.003908940548	0.004103648212	0.003341744548	0.004015780473	0.006871399495	0.007514338153	0.003157874696	0.005740723218	0.004724204881	0.00451269225	0.002566222295	0.000655541524	0.003102207597	0.003940164995	0.002105754507	0.003441496757	0.002285855358	0.002789768919	0.002344456194	0.003853856072	0.003352156134	0.005923029098	0.004162694177	0.007617555162	0.005079173291	0.008957949799	0.004613982651	0.001406392545	0.0088024944	0.0002699914419	0.00025917941	0.0002791106029	0.0002659182396	0.004931343545	0.00418174714	0.008870130182	0.005851015912	0.007968802694	0.00350296602	0.01035467837	0.004887669192	0.007985324084	0.004688989726	0.002026751569	0.007885009876	0.006001665964	0.003460298796	0.003939410507	0.003030105042	0.004694164584	0.003905601209	0.008793181032	0.005210586484	0.002320001512	0.001079371115	0.001793559877	0.002065751192	0.001793291768	0.001013928331	0.000191773927	0.002038206376	0.002305997945	0.001272184825	0.001723973427	0.001737485459	0.00247003113	0.001929556712	0.00213056495	0.004508792631	0.010608939	0.003816985857	0.00560140595	0.00686980115	0.007181198326	0.003335010874	0.0006469637381	0.004978395047	0.004535871693	0.002628846492	0.003322198333	0.003200801436	0.007257068164	0.004201776296	0.00626707892	0.008388895938	0.0048074357	0.004225930214	0.005012008419	0.00503328016	0.005238887507	0.003995259782	0.0004812634618	0.005421745073	0.0002653545222	0.0001606680668	0.0001795715065	0.0002048167676	0.004583122558	0.005701916084	0.006166701122	0.006614677756	0.009154089099	0.004342090381	0.009887415038	0.006453365195	0.007376378619	0.004851397068	0.0008280889049	0.006353889689	0.005559348847	0.004224519201	0.00649227373	0.004161680173	0.007658830279	0.005826566387	0.009958175327	0.009045042427	0.003363394391	0.001485185808	0.001896373003	0.00268158329	0.001943678866	0.001239229697	0.0001903440095	0.001760790363	0.002799529136	0.001351275415	0.001657384303	0.00219741359	0.003971746921	0.002614612626	0.002760926522	0.005598025364
ovary	V39_S11	487756452	0.01004697525	0.003415641132	0.006099786047	0.00564824512	0.004124175071	0.00202803263	0.0004585423711	0.002405296732	0.003907858096	0.001953403171	0.002759217217	0.002137583205	0.003023789832	0.001679942924	0.003179937433	0.002851878216	0.005177309269	0.003297697024	0.005516234565	0.0046210788	0.005010498559	0.003213993364	0.0007316110295	0.004386939406	0.0002856876612	0.0002209340329	0.0002715986625	0.0003180111701	0.002895469643	0.002761915285	0.004494423377	0.003924282277	0.006073203108	0.002665744338	0.005592272514	0.00339366295	0.003893069978	0.002872021465	0.0006080350117	0.003166666466	0.003832779643	0.002806669178	0.002838293567	0.002224079242	0.002856195944	0.002198634166	0.004324402048	0.003162971999	0.003204847406	0.001471666847	0.002156514785	0.002631065145	0.001732446586	0.00116678108	0.0002231585037	0.001616128289	0.002023977327	0.001248797422	0.001779902647	0.001783064061	0.001930709468	0.001501140573	0.001495211385	0.003643687321	0.01050289541	0.003527869274	0.007606212045	0.005176727011	0.006992569726	0.003964851704	0.001360148077	0.004706504631	0.006805730578	0.004657683134	0.007432727922	0.004551453888	0.00465491946	0.003762802096	0.006481128004	0.006356168098	0.01052978998	0.007786308073	0.01410872982	0.009122015674	0.01581665802	0.006288355566	0.002878791237	0.009183230651	0.0007034289318	0.000549431994	0.0007032669657	0.0005664589343	0.006422034987	0.00782777754	0.01421376995	0.008883769722	0.001136790703	0.0005710923943	0.002101333557	0.0009289574708	0.0009040762007	0.001391684307	0.0003231961348	0.0009660477028	0.0007793807718	0.001044939535	0.00133308539	0.0007329887663	0.0009054498371	0.0009802105088	0.002253856398	0.001204701645	0.005028810977	0.002525174183	0.003448671961	0.003438869938	0.004673346689	0.002895377384	0.0007884447216	0.003683588382	0.005890874407	0.003614512925	0.005360779933	0.004556380527	0.004043013664	0.003418456062	0.00442797218	0.0071010993	0.007701423496	0.002918739453	0.00581454943	0.004512731694	0.004217680754	0.002378309903	0.0006655821746	0.002813213427	0.00424202077	0.002134429992	0.003933053048	0.002368026082	0.002582957119	0.002192184226	0.003705634221	0.003148304843	0.005348415155	0.003711764329	0.007170472037	0.004443026824	0.008061408483	0.004247949958	0.001464368123	0.007860826821	0.0002947741632	0.0002885886992	0.0003483275297	0.0002965496395	0.004253186178	0.003691610829	0.008040363144	0.005036199911	0.007743220996	0.003206592129	0.01045212417	0.004569360366	0.007556262936	0.004505180795	0.002210390033	0.007214247983	0.005998739715	0.003418681584	0.004020939122	0.003034178213	0.004285390775	0.003676554134	0.008780562476	0.005151406998	0.002336194622	0.001035732071	0.001963002224	0.001977203984	0.00180622316	0.001037977044	0.0002194025308	0.001966323554	0.002398785286	0.001371512355	0.002084122098	0.001867981441	0.002354099049	0.001865037349	0.002220382725	0.004580716443	0.01111552698	0.00361486351	0.005893959963	0.006941849741	0.006842640392	0.003148296642	0.00068336564	0.00489486708	0.004887279277	0.002723857357	0.003720531	0.003385261216	0.006666382344	0.003855879286	0.005973253635	0.008244161576	0.004839095393	0.004097059079	0.00536972087	0.004864724988	0.005078134774	0.003922777427	0.0005501065109	0.00519252793	0.0003424659978	0.0002041469664	0.0002862473667	0.0002561667805	0.004241512319	0.005398212549	0.006064253969	0.006303278998	0.009878749897	0.00432966082	0.01079077269	0.006623893926	0.007363330583	0.004898686609	0.0009186839009	0.006266719769	0.006311676632	0.004554978188	0.007521514036	0.004764021041	0.007587993936	0.005747513925	0.01011099695	0.009785525092	0.00403088466	0.001726525598	0.002664733587	0.003171841179	0.002384499467	0.001511235776	0.0002642158796	0.002153429228	0.003286443456	0.001634746187	0.002451432462	0.002677305435	0.004124406744	0.002801492414	0.003319174956	0.006402143913
ovary	V39_S12	530529703	0.01031610477	0.003659363442	0.006101271958	0.00594388963	0.004442853975	0.002170826616	0.0004716738735	0.002573320574	0.004121805033	0.002059664132	0.002865568113	0.002229763938	0.003321218379	0.001833358235	0.003393285974	0.002999255256	0.005487338378	0.003526873216	0.005752360297	0.004855616915	0.005325328599	0.003371950694	0.0007216636464	0.004580872638	0.0002881761363	0.0002279514216	0.0002651010852	0.0003224041916	0.00302762313	0.002906706243	0.004639527224	0.004053200015	0.006035680909	0.002743672959	0.005353877425	0.003413286739	0.004062040236	0.00294049323	0.000601338621	0.003226043689	0.00375147327	0.002789129415	0.002751861002	0.00216878526	0.002945737046	0.002270649491	0.004338322599	0.003063377961	0.00317548667	0.001501706682	0.002022207228	0.002560290201	0.001851613575	0.001249251449	0.0002189962208	0.001639493501	0.002118635382	0.001272982448	0.001761848573	0.001772948799	0.002073970588	0.001566255377	0.001527773083	0.003556157156	0.010098526	0.003512983325	0.007140744389	0.005123958158	0.007132820233	0.004064451034	0.001310471395	0.004832345834	0.006330640831	0.004449639646	0.00668465871	0.00423695033	0.004711051965	0.003826200472	0.00636644844	0.006276621236	0.01051658365	0.007848052572	0.0136018077	0.00906111943	0.01611536725	0.006351461532	0.002784341747	0.00921167085	0.0006490041897	0.0005051555049	0.0006067709276	0.0005074155103	0.00658586688	0.007929635186	0.01409538233	0.008820382673	0.00111682531	0.0005647864734	0.00196286842	0.0009114795972	0.0009033763751	0.001393795665	0.0003053589631	0.0009658855991	0.0007401998376	0.0009835698115	0.00122231799	0.000666939095	0.0008844104248	0.0009363245775	0.002118239551	0.001084419961	0.004405525245	0.002338029319	0.0029818387	0.003087681973	0.004404022973	0.002736008921	0.0006950166935	0.003397461047	0.00530221208	0.003220980824	0.004482308882	0.003946847817	0.003877662247	0.00323478401	0.004081475529	0.006368665092	0.008160289566	0.003121148525	0.005931515205	0.004827959651	0.004504863698	0.002548194743	0.0006666167756	0.003018586878	0.004408803101	0.002222597516	0.003986323458	0.002451704386	0.002798631239	0.00234150509	0.003914659233	0.003327251971	0.005744102513	0.004008744445	0.00742180688	0.004757616747	0.00859782209	0.004487558353	0.001472950516	0.00830231366	0.0003085029906	0.0003016023403	0.0003503818899	0.0003123029664	0.004556564856	0.003942640701	0.008448910541	0.005276916606	0.007889545065	0.003317642707	0.01023228289	0.004738224808	0.007766720651	0.004636624464	0.00209814831	0.007358249647	0.005985097502	0.003378557298	0.003935689158	0.002970457622	0.004398336204	0.003741568076	0.008677110771	0.0048830593	0.002459960286	0.001101495348	0.001911478272	0.002049924809	0.001972583239	0.001119179561	0.0002210677354	0.002067429955	0.002502945627	0.001404543413	0.002046009854	0.001905510651	0.002405512816	0.001891458658	0.002218906865	0.004259248798	0.01118655745	0.003766942715	0.005731822333	0.007209782937	0.007142295669	0.003336853695	0.0006899670234	0.005064602387	0.004820461485	0.002731172245	0.003558978865	0.003306365299	0.006961089981	0.004033155897	0.006070148348	0.008377598794	0.005023064656	0.004291635298	0.005311491485	0.005061893773	0.005456682225	0.004202790131	0.00055774257	0.005485500592	0.0003338380471	0.0002057057303	0.0002579667062	0.0002509831198	0.004485982569	0.005646788451	0.006180713316	0.006514943424	0.009806167252	0.004423514813	0.01028774255	0.006631016096	0.007600275681	0.005081117956	0.000908967014	0.006497068836	0.006059724803	0.00446844161	0.006994858118	0.004445622906	0.007493399479	0.005762027993	0.009903662265	0.008954167831	0.003602026407	0.001641491504	0.002174911213	0.002845676673	0.002353119897	0.00149856077	0.0002312462418	0.002078980675	0.003079045322	0.001540162587	0.002073586066	0.002365991938	0.003985381003	0.002649124059	0.002922931537	0.005527358758
ovary	V39_S2	545493750	0.01052498218	0.00343179734	0.006196960093	0.005627069054	0.004172097297	0.002042826339	0.0004805884577	0.002393807445	0.004266884818	0.002079107231	0.003062196405	0.002260242212	0.003037891818	0.001695938771	0.003248847489	0.002822983765	0.005082217716	0.003249395616	0.005471699722	0.004386930189	0.004977193598	0.00316224888	0.000712492123	0.004195375291	0.0003351220798	0.0002651139449	0.0003337893422	0.0003623616219	0.002788328922	0.002657405332	0.004341079985	0.003616076261	0.006301082276	0.002772073924	0.005814598242	0.003426484721	0.003993803779	0.002976552894	0.0006482329083	0.003238350577	0.004191817046	0.0030645814	0.003133077143	0.002352496248	0.00283014975	0.00221801808	0.004374134442	0.002951905498	0.003303387069	0.001536452068	0.002241919362	0.00264125116	0.001909294103	0.001277959647	0.0002406077063	0.001664877004	0.002256460317	0.001405024347	0.00206543338	0.001901239015	0.001974224269	0.001490475372	0.001547420113	0.003414383758	0.01032410362	0.003466542009	0.007498212399	0.004931200403	0.006998157174	0.004069879811	0.001447365804	0.004615563423	0.00691747064	0.004805446442	0.007697107437	0.004460947536	0.004362420284	0.003663343531	0.006404559172	0.005871233172	0.009980853126	0.007550245993	0.01370107357	0.008529278291	0.01516224521	0.006174532705	0.002851006084	0.00871434549	0.0008008781036	0.0006243609574	0.0008383487437	0.0006376113384	0.00591161127	0.007437823073	0.01368061504	0.008090325508	0.001093733888	0.0005404901523	0.001992361966	0.0008464954915	0.0009030259283	0.001404428557	0.0003461726188	0.0009485809874	0.0007822014459	0.0009883999588	0.001329991407	0.0006608160038	0.0008138351723	0.0009179371899	0.002060793547	0.0009973019856	0.004774095029	0.002519348755	0.003407897891	0.003219409938	0.004802978953	0.002980826086	0.0008336759129	0.003620947078	0.005893198593	0.003690781058	0.005615650042	0.004439456914	0.003728513846	0.003237450475	0.004274763918	0.00618638252	0.008144549777	0.003000098535	0.006095184409	0.004608578925	0.004368594507	0.002429224899	0.0007283676486	0.002875625981	0.004707562644	0.002306306901	0.004541326092	0.002529145384	0.002649940536	0.002238680095	0.004039307508	0.003160269022	0.005421618488	0.003773045979	0.007299302696	0.004411462093	0.008257390667	0.004383892574	0.001549861937	0.00778151537	0.000361107712	0.0003547886662	0.0004596532958	0.000379668878	0.004341573116	0.003784681309	0.008287968469	0.004890024863	0.007950708876	0.003311933455	0.0107316555	0.004647321807	0.007726462494	0.004699656046	0.00237069444	0.007278510524	0.006260645516	0.003557905109	0.004285656802	0.003083621031	0.004255922272	0.003734103278	0.008989576874	0.004752707066	0.002492994649	0.001074351448	0.002069147447	0.001968592674	0.002004147619	0.001141485122	0.0002449963909	0.002038474318	0.002669174486	0.001535561132	0.002435468784	0.002000046747	0.002217150976	0.001771387848	0.002246179722	0.003950833534	0.01112473058	0.00354416893	0.005892709128	0.006866855945	0.006700975034	0.003129421739	0.0007018027246	0.00484642033	0.00501866245	0.002798294206	0.003831625935	0.003326195763	0.006208091293	0.003656943824	0.00569382509	0.007702091912	0.004842229631	0.004128285613	0.005509430676	0.004756050826	0.005165826373	0.004037400978	0.0005945934303	0.005141290803	0.0004076197023	0.0002487397885	0.0003658648701	0.0003035745139	0.004021514454	0.005250248972	0.005975491012	0.005933068894	0.01009784988	0.0044132128	0.01101221783	0.006563065113	0.007466881151	0.005121389567	0.0009922496821	0.006346116706	0.006667139633	0.004739841657	0.007814375508	0.004752833557	0.007173130765	0.005557614546	0.009721282783	0.008632672693	0.004112439418	0.001800726406	0.002833198364	0.003167988634	0.002642890042	0.001648062879	0.0002798418864	0.002314424317	0.003430050298	0.00174966441	0.002724183366	0.00264190378	0.003981686316	0.002692184833	0.00325699057	0.005760982596
ovary	V39_S3	634982970	0.009500763461	0.003743360235	0.005974179119	0.005973369648	0.004553068565	0.002222579292	0.0004626092571	0.002742780645	0.00375436053	0.001965036952	0.002534719947	0.002058538672	0.003452010689	0.001916690774	0.003450870501	0.003169069243	0.006003680697	0.003795191547	0.005994581241	0.005549410246	0.005781994437	0.003543395817	0.0008001553176	0.005163280206	0.000249343695	0.0001817781034	0.0002046527327	0.0002890565711	0.003437558333	0.003255589674	0.005127676101	0.004958600701	0.005727624475	0.002634629713	0.00503407989	0.003454443825	0.004019279446	0.002785496751	0.0005397325853	0.003275566587	0.003328248315	0.002434810181	0.002404770005	0.001936072396	0.003074159611	0.002323833976	0.00423242532	0.003327509713	0.003062093146	0.00141666634	0.001816568403	0.002577843938	0.001674120489	0.001115817327	0.0001898082401	0.001661439834	0.001870799779	0.001104097327	0.001382604009	0.001574856409	0.002116250456	0.001638363624	0.001462423473	0.003865476896	0.0101534786	0.003614226063	0.007106308694	0.005473094814	0.0071836525	0.003934861434	0.001179028471	0.004959402297	0.006070835254	0.004153035789	0.006046667677	0.004123420822	0.005223100708	0.004032794769	0.006527019142	0.006889082395	0.01164526979	0.008346705739	0.01407119785	0.01018032499	0.01710929665	0.006429016514	0.002610468435	0.009948772327	0.0005636072413	0.0004260618202	0.0004695810976	0.0004644093053	0.007561424836	0.008390232891	0.01459808127	0.010145165	0.001075167417	0.0005385703494	0.001788452689	0.0009074243361	0.0008401044204	0.001205848088	0.0002408962244	0.000897025632	0.0006679549217	0.0008899419775	0.001037819959	0.000606236731	0.0009487719017	0.0008962193112	0.002061623794	0.001134458771	0.004469119857	0.002245104306	0.002838998973	0.0032690672	0.004115316667	0.00246089277	0.0005684168191	0.0033444456	0.005092300349	0.00295224453	0.003794224592	0.003745571318	0.004229708712	0.003337248556	0.003969319051	0.006958799226	0.007845744272	0.003222962027	0.00579444359	0.004956378594	0.004629371399	0.002523973202	0.0006316437116	0.003149851405	0.003979690983	0.002089159966	0.003381484388	0.002252369067	0.002983724115	0.00238505924	0.003885255379	0.003545274608	0.006089413705	0.004090114417	0.007394247124	0.005180543661	0.008855250086	0.004390357115	0.001315235273	0.008481301475	0.0002635913212	0.0002347590519	0.0002590683653	0.0002566509776	0.004961950397	0.004035646814	0.00853009176	0.005930683464	0.008006435196	0.00337072032	0.009820005094	0.00489321627	0.007828071358	0.004418532673	0.00181542664	0.007537945466	0.005716595832	0.003210410509	0.003659443024	0.002855056097	0.004750714811	0.003803338222	0.00829994228	0.005234729366	0.002418595573	0.001122171828	0.001788090474	0.002159065778	0.001866142961	0.001034632472	0.0001891798767	0.002113718105	0.002305953182	0.001259616459	0.001691221735	0.001753911605	0.002591850613	0.001990963632	0.002181315193	0.00471201456	0.01091495729	0.00391473176	0.005704469523	0.007160464477	0.007315289101	0.003384665576	0.0006517151161	0.005038527254	0.004597255577	0.002641601554	0.003326045106	0.003194794342	0.007582420675	0.004326599499	0.00645151633	0.008689615723	0.004979889461	0.004202027654	0.005034015322	0.00521427055	0.005322577391	0.003895317067	0.0004617919123	0.005423814752	0.0002638448713	0.0001559789863	0.0001749196518	0.0002082418053	0.004785580312	0.005642041077	0.006198589861	0.006801024916	0.009242847883	0.004274643775	0.009606015103	0.006521368597	0.007326152385	0.004715843009	0.00077349476	0.006311293671	0.005474428708	0.00406782563	0.006131276245	0.00399795289	0.007676166496	0.00574911324	0.009790887778	0.009084342845	0.003442423031	0.00151969115	0.001909203959	0.002774704336	0.001984621729	0.001257321909	0.0001843655744	0.001796563142	0.002817610998	0.001388457709	0.001672440129	0.002187294881	0.004088481302	0.002656480693	0.002780953322	0.005584034797
ovary	V39_S4	462572869	0.009353146909	0.003392931374	0.005711690367	0.005383523693	0.004192986943	0.002167796832	0.0004720034715	0.002526756492	0.003726176167	0.001961085617	0.002661513639	0.001970984597	0.003001479536	0.001784499384	0.003178346804	0.002902721041	0.005440096401	0.003595450818	0.005846925277	0.005094628669	0.005569418729	0.00368432114	0.0008804126383	0.005121337975	0.0002707724737	0.0002165021053	0.0002498179373	0.00030452067	0.003185433255	0.003199059217	0.005013009096	0.004712580754	0.005687058572	0.00269755769	0.005356325816	0.003374039215	0.004004979808	0.003029306503	0.0006382799766	0.003430657322	0.003651891655	0.002812521199	0.002729345114	0.002094839678	0.002854278944	0.002277208783	0.004314115967	0.00317714267	0.002855684128	0.001346561897	0.001832037841	0.002362349963	0.001658929979	0.001196365021	0.0002151833942	0.001658106325	0.001859557829	0.001149265414	0.00158508864	0.001558223684	0.001860459309	0.001527558245	0.001385096366	0.003528561897	0.009811236897	0.003472294005	0.007358873008	0.004997867698	0.007040696111	0.004189930128	0.001375318447	0.004897256523	0.006334048528	0.004625852797	0.007115086553	0.00418617072	0.004636413296	0.0039221561	0.006563953927	0.006258041044	0.01102052961	0.008400784526	0.01488499318	0.009597999142	0.01749964934	0.006925862312	0.003138508757	0.01005075808	0.0006782239535	0.0005368429855	0.0006452907639	0.0005261960143	0.006937856098	0.008670212347	0.01561943746	0.009582440513	0.001133572752	0.0005798653963	0.00217375265	0.00093389178	0.0009153066001	0.001446732061	0.0003169079075	0.001000296453	0.0007601613142	0.001066046094	0.001317669152	0.0007120802409	0.0008980509404	0.000974270283	0.002307126231	0.001102944064	0.004410033828	0.002336643743	0.002990852021	0.003082569462	0.004406190109	0.002834487468	0.0007224029389	0.003531955957	0.005368620095	0.003344017999	0.00470454094	0.004033448836	0.003838971369	0.003302588851	0.004187530506	0.006512556619	0.007537281656	0.00308433567	0.005854498137	0.004628511838	0.004498893341	0.002638341074	0.0007211642151	0.003094656206	0.004193142594	0.00221400793	0.003912920799	0.002324068427	0.002657440767	0.002408543766	0.003854633766	0.003346028494	0.005714509383	0.004114741974	0.007751498716	0.004865732841	0.009096681371	0.004849860747	0.00166834255	0.009027325811	0.0002957177326	0.000297300186	0.0003377630001	0.0002934694382	0.004751041722	0.004266551569	0.009171212331	0.005816871633	0.007939780402	0.003447949733	0.01101435545	0.004876384136	0.008272212351	0.005018350957	0.002353512437	0.008257639511	0.006301113177	0.003632420128	0.004160246156	0.003050546399	0.004431414243	0.003934203932	0.009242176285	0.005069039187	0.00226523013	0.00103338097	0.001837239183	0.001940081358	0.001817225039	0.001101335669	0.0002210095033	0.002096017871	0.002325287694	0.001355898804	0.001954161302	0.001749417344	0.002222181777	0.001855126095	0.002083159356	0.00422792198	0.01006819317	0.003500920846	0.005454427116	0.006433507452	0.006667468429	0.003176714629	0.0006448713705	0.004778068815	0.004467354526	0.002611383159	0.003441049198	0.003035869793	0.006413261994	0.003780708116	0.005797287692	0.007614171163	0.004640341325	0.004195032026	0.005140578186	0.004794829417	0.005198240453	0.004195749751	0.0005385097499	0.00542361035	0.000306167978	0.0001897344308	0.0002375690564	0.0002247948528	0.00429435908	0.005648091739	0.006155845253	0.006303672773	0.009068186401	0.004222474189	0.0102883293	0.006201764505	0.007246789046	0.004980782822	0.0008825917544	0.006191638533	0.005835030934	0.004474181559	0.007097902233	0.004292264275	0.007170948022	0.005551585863	0.009744633337	0.008448703463	0.003284059879	0.001493816534	0.002076827381	0.002600660524	0.002016421763	0.001351164415	0.0002168544822	0.001819432259	0.002839716914	0.001438884648	0.001973256672	0.002176772715	0.003620523624	0.002467254516	0.002767176992	0.005186503924
ovary	V39_S5	494788610	0.009490982422	0.003667523794	0.005763208656	0.005763287477	0.004470167573	0.002249734488	0.0004658979519	0.002607309412	0.003584757135	0.001913712201	0.002489822876	0.00196414586	0.003317796665	0.001871029327	0.003429830367	0.002963368538	0.005912296566	0.003852477526	0.006172175224	0.005339482249	0.005837096776	0.003707538862	0.0008010774541	0.005087275554	0.0002500279867	0.0001868373647	0.0002112760841	0.0002811948319	0.003378547861	0.003207765838	0.005177603017	0.004498672676	0.005349848292	0.002615700875	0.004952777712	0.003270196539	0.004014754907	0.002920483558	0.0005967760656	0.003269893379	0.00318054209	0.002473219826	0.002408380015	0.001868185688	0.003002732824	0.00230353322	0.004421837843	0.003057756321	0.002700233944	0.001260976885	0.00159711033	0.002203270201	0.00155965393	0.001071188765	0.0001805336626	0.001472594529	0.00171532647	0.001001338733	0.00128242847	0.001405371882	0.00196061708	0.001498007402	0.001371060259	0.003520946046	0.009744385587	0.003534947985	0.007018698349	0.005241644508	0.007191778323	0.0041711328	0.001276878625	0.00505745878	0.005796784611	0.004282127675	0.006206258467	0.00406937015	0.00496899676	0.00402929445	0.006627054329	0.006619729989	0.01155201208	0.008758873815	0.01499664675	0.01016203465	0.01835965666	0.006993568425	0.003129215121	0.01033695582	0.0005930391162	0.000480861918	0.000523320454	0.0004890654213	0.007538469812	0.008829619178	0.015926749	0.009981965834	0.001130923365	0.0005874488501	0.002080441989	0.0009589994402	0.0009354257367	0.001435697964	0.0003088450237	0.001015813602	0.0007364094335	0.001066196734	0.001213900215	0.000694492543	0.0009781894535	0.001003095039	0.002340047803	0.001176057792	0.00411098186	0.00215698983	0.002584548177	0.002931593353	0.003970109579	0.002452398813	0.0005962061253	0.003215900625	0.004834868774	0.002899438207	0.003621948775	0.003603694515	0.003964662808	0.003209540333	0.00392707706	0.006649815565	0.007704740819	0.003178664521	0.005788148599	0.004846993143	0.00462478916	0.002657203447	0.0006987610325	0.003067093642	0.003980653475	0.002105614355	0.003483621015	0.002289608081	0.002862268798	0.002407804011	0.00400682829	0.003331503528	0.006063627859	0.00432075225	0.007952511275	0.005131492417	0.009367865198	0.004816169879	0.001600513803	0.008944245907	0.0002757116822	0.0002763159807	0.0002911162405	0.0002725466942	0.005074532738	0.004242310671	0.009414735719	0.005695215983	0.007973037213	0.003485846208	0.01052238046	0.004928943292	0.008249589658	0.004888778664	0.002241106561	0.007996574537	0.006051836965	0.003519327173	0.003944058049	0.003007411589	0.004741632998	0.004000037511	0.009248329302	0.005184219984	0.002253732154	0.001048738774	0.001717503158	0.001997948174	0.001784036621	0.001014896038	0.0002034424358	0.00195759963	0.002230712223	0.001247185136	0.001631476521	0.001685915931	0.002461346069	0.001903309779	0.002157353622	0.004432616183	0.01031753338	0.003749314278	0.005378561564	0.006832800779	0.007241258039	0.003374768469	0.0006607993664	0.00509241108	0.004313830102	0.002552886171	0.003169167536	0.003054239668	0.007234606714	0.00421217659	0.006281144992	0.008527504301	0.004773672943	0.004316320054	0.005031261734	0.005085129183	0.005409358554	0.00416265241	0.0005164548958	0.005586230047	0.0002590439582	0.0001645126795	0.0001695613001	0.0002002936163	0.004745741823	0.005929954612	0.006457412187	0.006824435591	0.008877263767	0.004257304953	0.009714876015	0.006339911503	0.007531687118	0.004948119157	0.000864268076	0.006396008186	0.00529519667	0.004184762863	0.006273299218	0.003936559898	0.007639137045	0.005872924197	0.01013748882	0.009098057047	0.002864744603	0.001317962837	0.001579308788	0.00234970041	0.001739815716	0.001153615885	0.000168625547	0.00158449282	0.002526222259	0.001237777078	0.001407243388	0.001977666786	0.003761757976	0.002498553877	0.002591747211	0.005462425661
ovary	V39_S6	559217838	0.009845333296	0.003726814237	0.00601009083	0.005954348688	0.004433470879	0.002166499202	0.0004460408504	0.002595696885	0.003736597544	0.001947804462	0.002528987639	0.002054977366	0.003336036287	0.001851947362	0.003390371106	0.002965599248	0.005834061037	0.003683999079	0.00597939796	0.0051845932	0.005538010038	0.003423758811	0.0007170533069	0.004793167918	0.0002465693879	0.0001792342683	0.00020888461	0.0002804309687	0.003204001872	0.00304900324	0.004869656894	0.004291198951	0.005746760532	0.002639756638	0.005129586013	0.003386403064	0.003974554903	0.002819099987	0.0005571764326	0.003178054917	0.003344991652	0.002462807705	0.002454116995	0.001941282853	0.00305936414	0.002287457433	0.004311700801	0.003084590445	0.003060971742	0.001379129827	0.001833700448	0.002459667605	0.001628186617	0.001065513221	0.0001776928296	0.001495665809	0.001852212018	0.001078631544	0.001382498818	0.001532805182	0.002019302539	0.001518594262	0.001417234834	0.003584079162	0.01029239522	0.003571311329	0.007155183058	0.005387701885	0.007170427564	0.003940907908	0.001182537385	0.004870399002	0.006231074482	0.004249569378	0.006273889639	0.004225362353	0.005095000206	0.003947472434	0.006480667736	0.006629820703	0.01156309502	0.008355273531	0.01422445147	0.009987887761	0.01722504603	0.006535474643	0.002739739143	0.009872557034	0.0005965170946	0.0004528485731	0.0005142825934	0.000477842411	0.007363096669	0.008418615574	0.01471000823	0.009758790992	0.001106634942	0.0005586266724	0.001876245586	0.0009206769974	0.0008859606513	0.001315460542	0.0002676291596	0.0009460177485	0.0007048147845	0.0009576268202	0.001107015832	0.0006414995653	0.000963996431	0.0009385591166	0.002157427603	0.001151447533	0.004548261567	0.002238038408	0.002908576747	0.003235810586	0.004171683808	0.00246155238	0.0005823079628	0.003296405935	0.005269232846	0.00304346336	0.004068936728	0.003852112457	0.004164278823	0.003293324846	0.003993422327	0.006821261306	0.007930546379	0.003173135547	0.005830193135	0.00487572072	0.004536191136	0.002533270407	0.0006328160083	0.003039831501	0.004016863997	0.002112429039	0.003455215247	0.002297757533	0.002883237784	0.002328275158	0.003854054455	0.00332521224	0.006022366905	0.004096979467	0.007536445931	0.005066952102	0.008863583497	0.004496618007	0.00137314647	0.008564474655	0.0002744833758	0.0002468304668	0.0002763735158	0.0002642387098	0.004881732689	0.00400958061	0.008663158917	0.005589385366	0.008141925544	0.003435503787	0.01017993278	0.004928793062	0.007899547725	0.004603404657	0.001933280605	0.007584296694	0.005972189678	0.003368889316	0.003873086395	0.00296549732	0.004759057775	0.003874640351	0.00856338921	0.005179250022	0.002392960147	0.001087365171	0.001837225014	0.002089400446	0.001815745012	0.00100028998	0.00018819321	0.001984121258	0.002326876776	0.001261061347	0.001709661129	0.001739347234	0.002505431524	0.001914879904	0.002161806934	0.004473836187	0.01111699874	0.0038731311	0.005709694475	0.007171775876	0.007325270622	0.003353762832	0.000658795151	0.00502087167	0.004656348248	0.002652728327	0.00336199576	0.003241513194	0.007498412452	0.004302375276	0.006379353013	0.008714115804	0.004972430797	0.004206509235	0.005081611864	0.005138226653	0.005297293467	0.003930350305	0.0004821806131	0.005369328008	0.0002652776609	0.000159317164	0.0001789266958	0.0002085394851	0.004709134475	0.005683413125	0.006207847397	0.006662843613	0.009487390493	0.004345505159	0.009963433963	0.006616775697	0.0075276372	0.004826419718	0.0008308586895	0.006415451647	0.005616909524	0.004149381229	0.006455360961	0.004081227108	0.007862488821	0.00586667087	0.009988964265	0.009214489685	0.003462006875	0.001491662002	0.001927039745	0.002735569032	0.00197360836	0.001210835839	0.0001777607817	0.001763557836	0.002856938551	0.001354617018	0.001676711536	0.002190359314	0.004090609856	0.002661730186	0.002780916298	0.005719965964
ovary	V39_S7	520503930	0.01005207396	0.003526584324	0.006071977209	0.005745922034	0.004226340808	0.002069767273	0.0004654143534	0.002443637649	0.003946919286	0.002010582322	0.002792937606	0.002152713813	0.003139084848	0.001721281912	0.003247777591	0.002866723792	0.005427993598	0.003464242816	0.005750873005	0.004796449856	0.005238898004	0.003343348435	0.0007363633162	0.004546534356	0.0003034616857	0.0002352451018	0.0002824416715	0.0003397457537	0.00299415991	0.002813137261	0.004585438961	0.003925805133	0.005919386622	0.002696373493	0.005442773506	0.003370566289	0.003951057584	0.0028936477	0.0006144276375	0.003196402379	0.003724832587	0.002799588852	0.00278380607	0.002161762736	0.002876018631	0.002193278349	0.004308826256	0.003030826299	0.003079967139	0.001412150721	0.001970302126	0.002499162686	0.001704380983	0.001151176707	0.0002110262645	0.001555319669	0.00198800036	0.001204961123	0.001676713565	0.001695649061	0.001956984263	0.001467662309	0.00145057118	0.003496321344	0.01028217213	0.003538955028	0.007496344936	0.005195101985	0.007062797778	0.004042397912	0.001370965633	0.004798782211	0.006540106239	0.004610789394	0.00714336009	0.004386789164	0.004724285175	0.00379376002	0.006515259164	0.00627694204	0.01097386335	0.008191596171	0.0145946583	0.009518229766	0.0168809273	0.006614436129	0.003050833833	0.009673364042	0.0007309109078	0.000559997693	0.0007040023694	0.0005868639647	0.006796755598	0.008219259747	0.01497969862	0.009180580058	0.001093622867	0.0005578862776	0.002032128749	0.0009082083203	0.0009098029289	0.001417453275	0.0003248928399	0.0009844037105	0.0007579193494	0.001032866361	0.001274743497	0.0006985691731	0.0008987713119	0.0009540927001	0.002202849842	0.001111426767	0.004731109331	0.002414938539	0.003186971134	0.003260911018	0.004472402351	0.002769564103	0.0007275065147	0.003514584414	0.005563934935	0.003410565987	0.004909962928	0.004241660577	0.003980008374	0.003273237533	0.004218273626	0.006680220455	0.007834738155	0.003033790734	0.005948552588	0.004676810029	0.004330295835	0.002454163987	0.0006844482423	0.002876058976	0.004286983962	0.00217661565	0.004007906338	0.002400535189	0.002669476482	0.002238540255	0.003794117366	0.003164577451	0.005623563688	0.003965224624	0.00755820422	0.004728317805	0.008603865873	0.00450326475	0.001546637698	0.00834506091	0.0003180206536	0.000312771894	0.0003733209085	0.0003276786018	0.004538409537	0.003924099094	0.008544235199	0.005198686972	0.007905544536	0.003352380068	0.01069106817	0.004746004511	0.00780796218	0.004690122128	0.002193293718	0.00748708468	0.00609678778	0.003482563523	0.004069859761	0.003025237485	0.004367283067	0.003739825749	0.008796093048	0.004967925987	0.002390302798	0.001059715342	0.001935399412	0.002027440984	0.001854940845	0.001052074669	0.000219168374	0.001990538285	0.002424327517	0.001387295961	0.002056414829	0.001887269132	0.002354318439	0.001827899743	0.002199015097	0.004405242435	0.01083332262	0.003633102252	0.005722886665	0.006891338938	0.006827850464	0.003138967654	0.0006747710819	0.004850241957	0.004721503256	0.002683574358	0.003539921399	0.003246398159	0.006708813899	0.00385491806	0.005937129043	0.008082745888	0.004789669888	0.004166535304	0.005232679031	0.004888685471	0.005182963748	0.004013681511	0.0005501706779	0.005301237591	0.0003478186995	0.0002108975431	0.0002717674005	0.0002665205621	0.004344143953	0.005449572686	0.006045087882	0.006324225064	0.009428535919	0.004263416416	0.01037122621	0.006417713311	0.007270060382	0.004871703851	0.0009037952893	0.006224563953	0.005972154716	0.004436231634	0.007099535252	0.004413920563	0.007384267012	0.005608541707	0.009910186461	0.009286936604	0.003657142416	0.001603449949	0.002296726175	0.002905643767	0.002185289936	0.001397142189	0.0002328474254	0.001975917838	0.003029462237	0.001507462201	0.002102558572	0.002422212259	0.003960688635	0.002585732638	0.002994246364	0.005770092841
ovary	V39_S8	506847036	0.008586961531	0.003048148436	0.005697936053	0.004605105356	0.003746907578	0.00195951427	0.000477933149	0.002152694842	0.003782091763	0.002005098043	0.002901327019	0.00197895998	0.002429160896	0.001524017988	0.002837546435	0.002291563169	0.004726617362	0.00330844985	0.005492057371	0.00425793947	0.005084068401	0.003432252487	0.0008421258677	0.004497124059	0.0003279076096	0.0002675284462	0.0003351306961	0.0003496163288	0.002707714365	0.002807574868	0.004488018748	0.003673571843	0.005872227297	0.00280236225	0.006011628329	0.003283791522	0.00394302	0.003119734136	0.0007196924794	0.003305186538	0.004272724996	0.003328566372	0.003294234515	0.002401564799	0.002636270719	0.002208871554	0.004450334795	0.002814267222	0.002961789048	0.001457546257	0.002216072938	0.002362839111	0.001790421834	0.001262763624	0.000258861137	0.001629560679	0.002135669982	0.001402423117	0.002124238525	0.001770135635	0.001696176438	0.001422040475	0.001405100453	0.003020106445	0.009662674638	0.003475247708	0.007923940982	0.004579103428	0.007032451108	0.004270335715	0.001592590945	0.004712670353	0.007177311381	0.00525162783	0.008735542847	0.004595761314	0.004023476227	0.003708714595	0.006488555257	0.005451861812	0.01027885462	0.008225505338	0.01521260549	0.008895447107	0.01681816484	0.006917736025	0.003386692391	0.009662836422	0.0008481927869	0.000691040837	0.0009169551502	0.000642359483	0.006061899906	0.008435199767	0.01546406202	0.008591021927	0.00115699404	0.0006118926973	0.002382926039	0.0009262222459	0.0009880041994	0.001611213921	0.0003974315438	0.001062578967	0.0008539361371	0.001201717593	0.00151672782	0.0007835519827	0.0008546345726	0.001053905739	0.002442967823	0.001073454043	0.004891262696	0.002707004091	0.003754156313	0.003258387408	0.0051241515	0.003346569832	0.0009983899758	0.003927796472	0.006443372	0.004297290593	0.00669514224	0.004858953146	0.003671873105	0.003414120784	0.004662921616	0.006180237384	0.00681655757	0.002858410718	0.005873815547	0.004048542961	0.004179683118	0.002510272152	0.0007590396563	0.002767399038	0.004430991681	0.002302937409	0.004470031073	0.00238144433	0.002230343515	0.002245989261	0.003676318233	0.002750954235	0.005255492902	0.003916108528	0.007792279957	0.004313246097	0.008689959075	0.004784240269	0.001745514795	0.008544625286	0.0003419216996	0.0003555372473	0.0004358237975	0.0003414166163	0.004113033819	0.003975347308	0.00868077879	0.004954812442	0.007663801352	0.003420716462	0.01164247116	0.004591426673	0.008095726538	0.005103926464	0.002660149718	0.007884587886	0.006577211196	0.003821959807	0.004483202699	0.003090048651	0.003968850279	0.003847618436	0.009346934407	0.00453632129	0.00225860648	0.001015322106	0.002109224133	0.001779564515	0.001870102679	0.001125757792	0.0002569670744	0.002008657302	0.002602053295	0.001568814541	0.002483877601	0.001900601033	0.001953638731	0.00170482599	0.002076618635	0.003604643749	0.009434544666	0.003210489328	0.005589165564	0.005687171464	0.006134539179	0.002944628051	0.0006777074257	0.004436687679	0.004737750898	0.002775141019	0.003859408976	0.003097005385	0.005252641943	0.003295747792	0.005196175203	0.006392686096	0.004579847242	0.004278273021	0.005724431227	0.004535760963	0.005111552038	0.004231124674	0.0006402148517	0.005302526816	0.0004033820571	0.0002495999602	0.0003708535054	0.0002796326898	0.003798643108	0.005436685635	0.006050622342	0.005646928554	0.009380563883	0.004355495531	0.01153523171	0.006162291141	0.007335992392	0.00512755884	0.001043946127	0.006121730581	0.006818662741	0.005096888837	0.008519065306	0.004932249421	0.006720195164	0.005507709036	0.009920642014	0.00797746206	0.003893198263	0.001786142437	0.002974244482	0.002940364438	0.002504891831	0.001646816378	0.0003035353649	0.002235567971	0.003471694367	0.001793308307	0.002907101937	0.002588638991	0.003633745231	0.002544643469	0.003195782721	0.005182855602
ovary	V39_S9	711230023	0.009835622476	0.003354622166	0.006088582962	0.005482798636	0.00407718587	0.00204008542	0.0004560367104	0.002345419831	0.003917030932	0.001970908081	0.002843227837	0.002090890362	0.002996503144	0.001661170032	0.003176772531	0.002679560674	0.005129136682	0.003328100507	0.005633751206	0.004611853963	0.00508155995	0.003300434352	0.0007306665681	0.00445121395	0.0002890850967	0.0002170535481	0.0002715211588	0.000316779372	0.002868062278	0.002720713324	0.004494080532	0.003767352211	0.005997810641	0.002662051571	0.005652856137	0.003363710646	0.003944806756	0.002928935693	0.0006253729252	0.003138557046	0.003882800094	0.002846772401	0.002923682821	0.002190090336	0.002843805709	0.00216891294	0.004371315748	0.002905354011	0.003209092595	0.001444365348	0.002164076249	0.002552721259	0.001773295501	0.001192612759	0.0002199794651	0.001579898153	0.002049838945	0.001242429272	0.001824342278	0.001724094822	0.001921133748	0.001443781852	0.001472515172	0.003336575965	0.01038956	0.003545256694	0.007748335731	0.005164056467	0.007085105855	0.004087965786	0.001387545475	0.004767806322	0.006852236045	0.004737219874	0.007628273308	0.004495518885	0.004676205858	0.003814477612	0.006588490149	0.006141442092	0.01083834308	0.008060087193	0.01463780586	0.009296206271	0.01648879915	0.006586040871	0.003006782519	0.009532848419	0.0007204321857	0.0005548036321	0.0007060275632	0.00055422576	0.006616364394	0.00815103386	0.0148480079	0.008898976133	0.001160478289	0.0005899385381	0.002201692771	0.0009394639967	0.0009446507856	0.001462547933	0.0003334392423	0.0009997286068	0.0007963274632	0.001063871006	0.001353830644	0.0007296654855	0.0009158288865	0.0009996386218	0.002328101945	0.001130673585	0.004894939594	0.002489423875	0.003452250215	0.00337049748	0.004790714522	0.002969289726	0.0007909480503	0.003649217435	0.005954253706	0.003637906045	0.005460383947	0.004402913121	0.004004707208	0.003350433647	0.004394396888	0.006551092965	0.007649557561	0.00292980461	0.005931750437	0.004466058655	0.004273090142	0.002436881099	0.0006745356418	0.002810560487	0.004317167303	0.002165236211	0.004075777043	0.002323491622	0.002584972429	0.002231905219	0.003753310341	0.003009341466	0.005533990232	0.003877041057	0.007574055968	0.00456717784	0.008577070431	0.004498127043	0.001553138878	0.008292010755	0.0003013989751	0.0002885283148	0.0003557498866	0.0002976702236	0.004321099926	0.003806317102	0.008439245822	0.005053197818	0.007830123617	0.003276865324	0.01075328481	0.004670496032	0.007811460175	0.004714876892	0.002243632789	0.007263789257	0.006176813208	0.003472405439	0.004141740231	0.00297954801	0.004269621503	0.003697598407	0.008872910023	0.004691624217	0.002343223635	0.001022951755	0.001972314096	0.001922643808	0.001863757093	0.001062504359	0.0002209889838	0.001932006461	0.00246494375	0.001385487069	0.002135430101	0.001833645878	0.002217330468	0.001742984632	0.002115975073	0.003909314723	0.01079689236	0.003528575733	0.005807949421	0.006680703635	0.006685631717	0.00313970576	0.0006754425214	0.004765625593	0.004807839784	0.002695364282	0.003681919935	0.003214397489	0.006540611124	0.00380118796	0.005893089246	0.007784186298	0.004842109991	0.004151086012	0.005445911835	0.004838168931	0.005177984451	0.004050360512	0.0005574160077	0.005249443751	0.0003310096486	0.0001973805878	0.0002771325642	0.0002415421094	0.004237423762	0.005351403733	0.006027294773	0.006028744374	0.009737256269	0.004309902424	0.01088393874	0.006527343967	0.007448922049	0.005001045913	0.000938167651	0.006295836586	0.00631037478	0.004552695886	0.007575831764	0.004567797892	0.007350489759	0.005630686094	0.01008683234	0.008718826258	0.003882673552	0.001657026506	0.002577215445	0.002996155858	0.002347026906	0.00147513036	0.0002434360114	0.00205693932	0.003220127	0.001576543402	0.002401668862	0.002437309933	0.003947765012	0.002602685404	0.003109625478	0.005502735927
Pancreas	V11_S12	420078372	0.01042766372	0.003554641466	0.006011659177	0.006004477184	0.004540176613	0.002101874457	0.0004972548313	0.002727600554	0.004193357996	0.00210854226	0.002790336466	0.002225270479	0.003853897529	0.001978533187	0.003551587274	0.003637956872	0.006159060243	0.003651618608	0.006030467572	0.005370076515	0.005730056962	0.003480279151	0.0008931428634	0.005064485919	0.0002994369822	0.0002400766303	0.0002808261693	0.0003387248892	0.003485780506	0.003344523531	0.005286525439	0.005219906918	0.00659085348	0.002789722295	0.00562970664	0.003692268166	0.004329111235	0.002999804522	0.000673138678	0.003542843667	0.003833677493	0.002800170345	0.002895616821	0.002193900142	0.003326503084	0.002482101126	0.004521082556	0.003721634115	0.003694658196	0.001623232819	0.002144406997	0.003185277056	0.002015752432	0.001342849424	0.0002394029465	0.002070680278	0.002335485627	0.001425443536	0.00178925422	0.002007837242	0.002536229121	0.001957320478	0.001768910398	0.004846971746	0.008811486729	0.002918717272	0.005929545928	0.004476614664	0.005899472968	0.003359623094	0.00107024315	0.004151515803	0.005515042322	0.003681817735	0.005417908066	0.003559659577	0.004299276326	0.003383321053	0.005345024047	0.005946518951	0.009341778253	0.006656019891	0.01145402934	0.008080946857	0.0139041412	0.005725000762	0.002449897611	0.008769301744	0.000583624429	0.0004919748642	0.0005928655618	0.0004663558351	0.006051297018	0.00759860591	0.01216613218	0.008989094064	0.0009566310165	0.0004815077697	0.001540226879	0.0007815898696	0.000725669352	0.001037349288	0.0002601228896	0.0007827801237	0.0006278161828	0.0008194613742	0.001040998607	0.0005482048478	0.000750993198	0.0007571563337	0.001811969029	0.000962896514	0.003843016227	0.001844927165	0.00248034193	0.002735056305	0.00371416408	0.002421205346	0.0005757830351	0.00317995424	0.004698927942	0.002922821268	0.003879697477	0.00351971703	0.003516681882	0.00306237618	0.003433549776	0.006265266616	0.008225817443	0.003027099429	0.005890867431	0.004857129374	0.004784307248	0.002531629979	0.000765552386	0.003290374111	0.004518713951	0.002396500432	0.003908156452	0.002554228143	0.00322207019	0.002438035539	0.004288990151	0.004103403353	0.006134255348	0.004085530497	0.007876570708	0.005071908344	0.009055714965	0.00491041705	0.001541312391	0.008681253888	0.0003648533469	0.0003676671076	0.0004377968785	0.0003554170125	0.005087750626	0.004575865191	0.009248621826	0.006590379759	0.007534463117	0.003243868504	0.009380399617	0.004527933659	0.007847195237	0.00469521911	0.002067276151	0.007662917719	0.005945452483	0.003616570386	0.004298197956	0.003157570321	0.004668916875	0.003897489395	0.008795149301	0.005565816181	0.002685527452	0.001202028083	0.002089550566	0.002410055046	0.002270423958	0.001332556107	0.0002598562727	0.002636234269	0.002837063461	0.00167289022	0.002318669717	0.002218469367	0.002867998165	0.002332590929	0.002585603241	0.005725250716	0.01101638482	0.003742399287	0.005751076849	0.007167841052	0.006913550408	0.003162612238	0.0006667517746	0.004690091496	0.004999326649	0.002732330623	0.003521385767	0.003402396065	0.007635232408	0.004146007307	0.006198036304	0.009157686414	0.005180666621	0.00412437801	0.005375327916	0.005051255055	0.005385007062	0.004069938169	0.0005479406114	0.005482581712	0.0003237348292	0.0002088062748	0.0002671215837	0.0002634127519	0.004710828102	0.005875913078	0.006442316911	0.007155995644	0.00958994385	0.004229532198	0.009784412324	0.006424529754	0.007145373816	0.004829082227	0.0008684093834	0.006252933203	0.005801046096	0.004290037574	0.006587332708	0.004234219418	0.007322171778	0.005532060575	0.009550848764	0.009048087817	0.004031921453	0.001722566664	0.002338132752	0.003142820693	0.002422431308	0.001575667885	0.0002403170616	0.002236327939	0.003272506017	0.00176123802	0.00221159922	0.002643532907	0.004228953734	0.00304008034	0.003163716793	0.006421058973
Pancreas	V13_S4	420950903	0.01043860452	0.003720773584	0.006310039915	0.006233700846	0.004454246295	0.002078822005	0.0004692827562	0.00266893833	0.004325846523	0.0021385083	0.002810106812	0.00227465957	0.004025630989	0.001981891461	0.003744206245	0.003551012694	0.006651134325	0.003792359129	0.006431652672	0.005683494163	0.005733751805	0.003382472849	0.0007739619934	0.004928928731	0.0002915565666	0.0002184862875	0.0002453682823	0.0003291737802	0.003579398427	0.003195619704	0.005248628722	0.004991080872	0.006487576058	0.002745607604	0.005548214729	0.003666686516	0.004083331305	0.002875316317	0.0005810297549	0.003385967318	0.003615547536	0.002630546679	0.002715927183	0.002091317524	0.003319056902	0.002389247755	0.004472616608	0.003555495402	0.003966424559	0.001695461383	0.00223233872	0.003221047847	0.001991707332	0.001279769199	0.0002163245152	0.001954786162	0.002361030688	0.001385501245	0.001696152675	0.002000667997	0.002592219169	0.001936218676	0.001794323268	0.004715117573	0.008831293563	0.002865051462	0.005772338253	0.004547147865	0.005701738571	0.003065633048	0.0009576888828	0.003838395377	0.005213684029	0.003386931801	0.004889099858	0.003398674263	0.004472934935	0.003269212609	0.005363485347	0.005871240523	0.00948176372	0.006403088771	0.01104299805	0.007985997835	0.01352442757	0.005282644565	0.00207905006	0.008213124085	0.0004897507014	0.0003827548506	0.0004331217695	0.000391953073	0.006103265207	0.007045472474	0.01149099804	0.00855301883	0.0009723247939	0.0004615288829	0.001487997758	0.000780454437	0.0006866762797	0.0009423830598	0.0002211493059	0.0007219155437	0.0005872680121	0.0007550334201	0.0009252884297	0.0005201152876	0.0007976535924	0.0007220366979	0.001766873511	0.0009430577228	0.00398958403	0.00183888666	0.002439526778	0.002778811001	0.003561588749	0.002183461286	0.0004944543378	0.002960297724	0.004531958446	0.002632504152	0.003402278009	0.00328506719	0.003678286444	0.002979107518	0.003392388494	0.006204958776	0.008628847151	0.003154579288	0.006240361955	0.005205381398	0.004740263023	0.002502246681	0.0007004403552	0.003211576434	0.004527981735	0.002373511953	0.003855858221	0.002518253299	0.003396082512	0.002413176912	0.004394873575	0.00405187633	0.006475451129	0.004087253377	0.008021403389	0.005304535479	0.009257834993	0.004675193677	0.001417067871	0.008661059934	0.0003266129114	0.0002986429037	0.0003520149237	0.0003117798277	0.005288566871	0.004400261377	0.009316903639	0.00649455787	0.007715099259	0.003049918627	0.009423122677	0.004511583148	0.007868019706	0.004545439828	0.001839958044	0.007439309377	0.005854383451	0.003410863333	0.004044880265	0.002987847255	0.004811706034	0.003795582783	0.008764898647	0.005430666578	0.002806937796	0.001242437054	0.00211545573	0.002503372703	0.002133809415	0.001231704211	0.0002223204638	0.00247353787	0.002787486597	0.001549190168	0.002131374452	0.00211359328	0.002931308595	0.002303311367	0.002605809828	0.005641332476	0.01237109592	0.003988389116	0.006109337174	0.007807530466	0.007207724175	0.003276510373	0.0006753067827	0.004885952222	0.005138311819	0.002751111808	0.003477084832	0.003487983966	0.008608483731	0.004473305525	0.006825815029	0.009599109947	0.005581118803	0.00420189145	0.005451177284	0.005423535105	0.005617643253	0.004025707007	0.0004921167731	0.005564511166	0.0003220019224	0.0001847341328	0.0002171298347	0.000248313994	0.005254536774	0.006046679035	0.006650768486	0.007496256636	0.009989050908	0.004296066328	0.009967276398	0.006685304581	0.007354993131	0.004784389309	0.0008126790976	0.006314907466	0.005670837105	0.004205290896	0.006259435438	0.004153636416	0.007867226264	0.005648611235	0.009996545844	0.009243396254	0.004234976068	0.001776670378	0.002285964926	0.003283285509	0.002366986252	0.001494093481	0.0002258363133	0.002126471267	0.003385435189	0.001716618244	0.002017798261	0.002607857572	0.004679540977	0.003048524165	0.003163554207	0.006086042296
Pancreas	V13_S5	487931483	0.01007451286	0.003558169662	0.006388815046	0.005867073759	0.004295451458	0.002041202576	0.0004814364479	0.002522686162	0.004410754532	0.002160959144	0.003007442748	0.002281814228	0.003766528835	0.001887699466	0.003638064076	0.003215307998	0.00628738892	0.003736823844	0.006439402067	0.005332414674	0.005708022739	0.003451999018	0.0007900084611	0.004868406903	0.0003219222483	0.0002333544851	0.0002878252478	0.0003527032094	0.003424341446	0.003143707782	0.005234056602	0.004579854094	0.006481555526	0.00277783674	0.005868746125	0.003599941921	0.004160450946	0.002946126762	0.0006261002019	0.003389334482	0.003897286948	0.002812136638	0.002983480367	0.002200858189	0.003277529849	0.002399586911	0.00464852972	0.003367304749	0.003991355483	0.001717521884	0.002405247542	0.003234372151	0.002103405982	0.001324948323	0.0002311840984	0.001955823785	0.002491339547	0.001439495143	0.001921540283	0.002054849984	0.002587949423	0.001873127748	0.001823940514	0.004448923826	0.008698905785	0.002867732558	0.006067450253	0.004370472237	0.005731101799	0.003163349884	0.001034973183	0.003808073602	0.005519018743	0.003612757244	0.005479427119	0.003547887481	0.004241027833	0.003241692851	0.005430233736	0.005481824996	0.009356262424	0.00657382053	0.01156949735	0.007867235736	0.01376558233	0.005484606125	0.002287274011	0.008307166357	0.0005623125573	0.0004325627826	0.0005243400127	0.0004391559214	0.005907515912	0.0071499547	0.01203728229	0.00824388903	0.0009428024549	0.0004628621187	0.001551070235	0.0007479636234	0.0007115343283	0.001005052998	0.0002399189314	0.0007508000872	0.0006003219923	0.0007921767983	0.0009743950054	0.0005341774595	0.000780703876	0.0007482833404	0.001818757409	0.0009126650268	0.004265223853	0.002017945212	0.002769380635	0.00292925964	0.003909782554	0.002402704152	0.0005864675881	0.003165288681	0.00499895597	0.002988616334	0.004123878188	0.003603485451	0.003728390283	0.003122659744	0.00364814336	0.006158294975	0.008163726135	0.003088431578	0.006261930428	0.004841569118	0.004685702972	0.00249564343	0.0007230093001	0.003111725832	0.004660226034	0.002361616416	0.004161647835	0.002505614093	0.003199176635	0.002395854829	0.004353412465	0.003683922974	0.006199110132	0.004074854912	0.008021640612	0.005076977171	0.009334601596	0.004767612013	0.001498429647	0.008633011287	0.0003414188381	0.0003111317988	0.0003846810598	0.0003315957376	0.005094438639	0.004355834936	0.009366392945	0.006017822383	0.007667883976	0.00314683322	0.009999865084	0.004480590157	0.008046379741	0.004650183641	0.001988937041	0.007506496563	0.006042155718	0.003463152223	0.00417030069	0.00295106393	0.004679630398	0.003809998053	0.009013839347	0.005167362812	0.002741352109	0.00122227817	0.002210375919	0.00241789071	0.002190903922	0.001228014631	0.0002385908761	0.002434001579	0.002895133947	0.001613212157	0.002362454648	0.002163537375	0.002822468006	0.002231141129	0.002625946561	0.005214314076	0.01165298858	0.003750620863	0.00602249722	0.007284633445	0.006912517674	0.0031650202	0.0006764392369	0.004698975327	0.005072121981	0.002711628673	0.003524533792	0.003359752459	0.007922977169	0.004235225789	0.006497276996	0.008829180223	0.005464031514	0.004261745906	0.00563766245	0.005309811091	0.005626777725	0.004143382976	0.0005376820499	0.005648811557	0.0003342600461	0.0001944227895	0.0002433579388	0.0002628852707	0.005123518541	0.006129983623	0.006761039439	0.007266688303	0.009738178752	0.004228358021	0.0102469551	0.006451551313	0.007281372741	0.004776598931	0.0008598625311	0.006260903644	0.005738721721	0.004196554376	0.006484201389	0.004156405296	0.007568167107	0.005589674155	0.01008963179	0.008879554099	0.004260813398	0.001773892504	0.002464386993	0.003288685104	0.002524788916	0.001528753577	0.0002267224064	0.002228718658	0.00340386521	0.001642855663	0.002126060802	0.002564812978	0.004597159802	0.00295669177	0.003124149708	0.005951116296
Pancreas	V15_S5	733591326	0.009984807263	0.003579986441	0.006605608366	0.005876639823	0.004330018482	0.002003769603	0.000504996429	0.002484497752	0.004759512383	0.00227981158	0.003310933368	0.002382619502	0.003762732604	0.001861072987	0.003728983568	0.003139955338	0.00646313667	0.003907478045	0.006721895182	0.005453919448	0.005801559873	0.00342882871	0.0008508129498	0.004845852008	0.0003708781584	0.0002575248552	0.0003329878521	0.0003808346556	0.003462317383	0.003095718174	0.005309302144	0.004513195403	0.00699940119	0.002952330437	0.006273101708	0.003794307404	0.004389277634	0.002972299321	0.0006697966328	0.003409954441	0.004318499807	0.003022866985	0.00322390126	0.002335005799	0.003295222986	0.002352023448	0.004669563119	0.003296866953	0.003943758463	0.001739831095	0.002439002394	0.003226645294	0.002105635584	0.001311046036	0.0002473298055	0.001923347442	0.002627997267	0.001498789532	0.002055664982	0.002089080045	0.002541465437	0.001838143326	0.001842498612	0.004212498009	0.008438627585	0.00286196132	0.006128551198	0.004282010826	0.005701147017	0.003155033215	0.001084298535	0.003775602167	0.005512141238	0.003613879971	0.005521566104	0.003450795982	0.004059701764	0.003144065256	0.005386894392	0.005243066355	0.009470490931	0.006772417863	0.0119958902	0.007993104324	0.01383119271	0.005498389712	0.002428548344	0.008326656523	0.0006168938808	0.0004726473552	0.0005869494155	0.0004602099126	0.005830592386	0.007133876607	0.01214268719	0.008106589854	0.0009737669663	0.0004803955384	0.001607708486	0.0007714145192	0.0007188471037	0.00100562803	0.0002571009134	0.000750060668	0.0006200932098	0.0008162678303	0.001008220754	0.0005316216075	0.0007536921177	0.0007237285682	0.00183114079	0.0008833405972	0.004153511488	0.001986563838	0.00277681991	0.002854573011	0.003894203624	0.002407090893	0.0006112108801	0.003099495481	0.004943957039	0.0030107826	0.00418085505	0.003479788964	0.003554474961	0.002979807588	0.003568246934	0.005747856948	0.008134564557	0.003100393802	0.006511538278	0.004817511978	0.004650439392	0.00244628983	0.0007682642638	0.003018563499	0.004810405842	0.002435718549	0.004484843105	0.002520729096	0.003118282508	0.002327534336	0.004435956212	0.003590057443	0.00630569615	0.004205352341	0.008404751776	0.005115153175	0.009191913482	0.004717460359	0.001550337306	0.008266745782	0.0003872782978	0.0003541794877	0.0004614299379	0.0003593008677	0.004878160187	0.004240095118	0.009335301219	0.005752538028	0.007699145014	0.003237688228	0.01006518989	0.00445909171	0.007843540124	0.004564083409	0.002013254448	0.007185927386	0.0059765265	0.003411812424	0.00415395724	0.002851999371	0.00441952881	0.003636772826	0.008763705039	0.004868341369	0.002773203455	0.001236336865	0.002308497852	0.002375119414	0.002235635758	0.00124142144	0.0002545599892	0.002377450412	0.003027835692	0.001692233749	0.002561288463	0.002197457825	0.002756566127	0.002195289043	0.002653278373	0.005015694529	0.01141589698	0.003734759263	0.006163687928	0.007045276868	0.006755802344	0.003060231113	0.0007034693319	0.004479984814	0.005191406802	0.002758053331	0.00363478807	0.00332492072	0.007420380813	0.004005983844	0.006403287271	0.008220511593	0.005729605641	0.004474263645	0.00614066012	0.005440380575	0.00578961453	0.004196486369	0.0005915173539	0.005692101109	0.000387227861	0.0002119381657	0.0002875729204	0.0002797306794	0.004970265965	0.005814944709	0.006779954756	0.006881565827	0.009683076596	0.00427101424	0.01041663216	0.006380812905	0.007231107855	0.004754846297	0.0009013478984	0.00613813828	0.005823862481	0.004231578114	0.006572973029	0.004080228179	0.007116267348	0.00531422723	0.009830796445	0.008345086403	0.004365783627	0.001824720321	0.002676644244	0.003285475052	0.002613222011	0.001562849722	0.0002504091767	0.002253862527	0.003505883874	0.001712194454	0.002315454041	0.002546169691	0.00440861674	0.002786150718	0.003165432738	0.005481558815
Pancreas	V15_S6	511453964	0.009964335715	0.003262076584	0.006608082521	0.005134888347	0.004028131846	0.001899760425	0.0004951080993	0.002134866629	0.004639086149	0.002234949928	0.003411499613	0.002249854495	0.003380927946	0.001640190631	0.003633062076	0.002645104145	0.006131259548	0.003596311945	0.006765496493	0.004620046312	0.00569811597	0.003526894162	0.0008202595532	0.004424275026	0.0003699550953	0.000263198664	0.0003656419016	0.0003751168502	0.003262320986	0.002852231291	0.005206648472	0.003712343893	0.006781812722	0.002877205191	0.006705319034	0.003480936947	0.00441966073	0.003087773507	0.0007869877415	0.003292458596	0.004514807123	0.00316012997	0.003682812399	0.002381283724	0.003211415133	0.002351417888	0.00524421197	0.002950807123	0.003761894785	0.001623240914	0.00248450318	0.002884048426	0.002010828095	0.001239163336	0.0002459849935	0.001662366625	0.002653693383	0.001498586489	0.002234850212	0.002090931101	0.002374765053	0.001644658286	0.001838044215	0.003801974639	0.008042549847	0.002530104547	0.006081002825	0.003616329387	0.005191128013	0.002924708977	0.001085712575	0.003276537319	0.005353056566	0.003582650891	0.005849116852	0.003289586392	0.003490345418	0.002785192999	0.005201140645	0.004354990198	0.008782002519	0.006273567566	0.01213147113	0.006991993907	0.01386467111	0.005506884682	0.002774198852	0.007734946405	0.0006579516901	0.0005419275624	0.0007188408457	0.0004875375255	0.005186466792	0.006468709274	0.01222063067	0.006998686591	0.0009620631272	0.0004899874038	0.001708861523	0.0007232948145	0.0007273342787	0.001085143608	0.0003119322778	0.0007615700091	0.0006571500539	0.0008690361817	0.001149366397	0.0005477599544	0.0006981097521	0.0007719854137	0.00197650438	0.0008208128777	0.00387124578	0.001880763603	0.002695546612	0.00244250722	0.003568215575	0.002149159215	0.0006338263516	0.002711129637	0.004906140487	0.002931137708	0.004349232104	0.003407827728	0.003117328464	0.002632672918	0.003578417861	0.005001339671	0.008319434982	0.003079655474	0.007154411262	0.004630362001	0.00483640596	0.002547824617	0.0008694330894	0.002928171655	0.005257491757	0.002560537394	0.005150381433	0.002631701179	0.003045052164	0.00223245508	0.004951522871	0.003234375167	0.006381493213	0.004359469585	0.009590450647	0.00494346936	0.01028890843	0.005422179111	0.001970576183	0.008642660554	0.0004449550028	0.000428937921	0.0006015634283	0.0004129775402	0.00509756143	0.004347308177	0.01060707391	0.005515069192	0.008139420736	0.003434833091	0.01184191037	0.004445653294	0.008689828045	0.005087179264	0.002509252231	0.007514846439	0.006869054201	0.003915159801	0.005211863017	0.003200952804	0.004657533557	0.003893587967	0.0109761609	0.004891994541	0.002806364015	0.001228341247	0.002491100059	0.002307347451	0.002390070438	0.001331752314	0.0003058202908	0.002373728792	0.003415339645	0.001902315885	0.003077121522	0.002493131523	0.002844584464	0.002217622855	0.002998174045	0.004970525558	0.01066526097	0.003379459583	0.006115690209	0.006327941961	0.006457011251	0.002958598635	0.0007224775366	0.004370991638	0.005038207114	0.002696068653	0.003843550228	0.00323194484	0.006818981268	0.003718168465	0.006382026985	0.007582909261	0.005245177844	0.004207868452	0.006143729878	0.004882924321	0.005611816902	0.004254908854	0.0006580553162	0.005392641751	0.0003935388406	0.0002360192872	0.0003376041876	0.0002929471869	0.004608174275	0.005715290536	0.007000293774	0.006385667587	0.009746724732	0.004255993996	0.01147254184	0.006234967806	0.007401727754	0.004993833619	0.001074949142	0.00617611598	0.006274230382	0.004556763979	0.007626254315	0.004401338456	0.007120746453	0.005582729241	0.01120454704	0.008443637754	0.004139209292	0.001693544407	0.002808950758	0.003081141434	0.002458060917	0.001478653121	0.0002670621593	0.002113363227	0.003706190847	0.001750198577	0.002598853648	0.002636372176	0.004193855461	0.002653634727	0.003306059038	0.005492701588
Pancreas	V15_S7	644550229	0.009671347119	0.003505509576	0.00641135138	0.005633228935	0.00422483288	0.001972522765	0.0004857868106	0.002422239462	0.004387665806	0.002193503216	0.002982411476	0.002229767263	0.003608825031	0.001842053492	0.003589414596	0.003048248083	0.006115858505	0.003652185499	0.006230701378	0.005082944436	0.005464681946	0.003240889392	0.0007746704253	0.004538584998	0.0003219593922	0.000242376766	0.0002864990061	0.0003444975892	0.003260296724	0.003002378888	0.005037978196	0.004306990945	0.006909556152	0.002908975772	0.006244838368	0.00371003359	0.00425898848	0.002956743965	0.0006689486414	0.00335320337	0.004138983868	0.002980644353	0.003119697906	0.002275472002	0.003300701643	0.002423179653	0.004724944408	0.003356126338	0.004138471883	0.001804028527	0.002602669155	0.003302172436	0.002052919913	0.001294206351	0.0002441051029	0.001884619608	0.002568980547	0.001558382815	0.002037765159	0.002133265862	0.002442613359	0.001842984374	0.001803806667	0.00418492443	0.008627468814	0.002854564186	0.006148828783	0.004308661878	0.005652864332	0.003080599324	0.001052909408	0.00374336536	0.005681557209	0.003697623386	0.005671364054	0.003619401398	0.004141210227	0.003160726516	0.005326965759	0.005361684543	0.00902354966	0.006366020545	0.01112813351	0.007628888764	0.01306767358	0.005144118877	0.002202399342	0.007859258708	0.0005804233451	0.0004496654985	0.0005393962865	0.0004417436954	0.005592746442	0.006859366115	0.01136817221	0.007877395386	0.0009689407775	0.0004668371625	0.001579537101	0.0007626977354	0.0006955160045	0.0009834299508	0.0002432688609	0.0007302254794	0.0006128397481	0.0007988314593	0.0009875909919	0.000535382635	0.000758168996	0.0007273133713	0.001809565721	0.000906235036	0.004254334071	0.00199613613	0.002876076862	0.002920351146	0.003859800041	0.002353551254	0.0005981318176	0.003060742067	0.005148571594	0.003118886488	0.004399038077	0.003701398111	0.003570112765	0.002982164793	0.003586988098	0.005845002966	0.008138273425	0.003060355751	0.006332614304	0.004802091227	0.004598544639	0.002446009526	0.0007361071002	0.003020904985	0.00464530748	0.00242086486	0.004172526638	0.002509961097	0.003127498695	0.00233765645	0.004289256098	0.003586665392	0.006134811256	0.004004583171	0.007967649019	0.004905012608	0.008929153604	0.004543613311	0.001449806327	0.008210965976	0.0003544983614	0.000320448261	0.0003938746564	0.000326036654	0.004847049709	0.004183659983	0.008994135351	0.005794209407	0.007801643338	0.003183323669	0.01006412333	0.004468588902	0.007869135363	0.004602055614	0.002040948775	0.00730447805	0.006207008888	0.003529745081	0.004276741945	0.003005820048	0.004634172584	0.00378319003	0.008969709015	0.005134859707	0.002817302544	0.001227607973	0.002314910356	0.002363350336	0.002146324581	0.001192262395	0.000238996114	0.002337111884	0.002968865596	0.001659090249	0.002419575589	0.002156972316	0.00274750969	0.002178135911	0.002562813456	0.005010717326	0.01206776237	0.003884640618	0.006433051783	0.007306170703	0.006957228154	0.003144670359	0.000728445944	0.004584100458	0.005478331775	0.002911988726	0.003915424875	0.003573584953	0.007851768213	0.004221736146	0.006625891681	0.008655278905	0.005577808894	0.004274496969	0.005898964625	0.005228033206	0.005508960885	0.003973148848	0.0005540018201	0.005359653669	0.0003842074502	0.0002114916633	0.0002908136427	0.0002759288446	0.004837101687	0.005807801831	0.006587472642	0.006791933046	0.01041173317	0.004455686882	0.01103682487	0.006692393868	0.007480023717	0.004844160873	0.000933317487	0.006281124136	0.006364749891	0.004509175343	0.007314031999	0.004452234862	0.007700731109	0.005702004025	0.01028347474	0.008936273297	0.004842545793	0.001980089282	0.00300537943	0.003564805188	0.002701888731	0.001585688677	0.0002709982747	0.00228536262	0.003897823454	0.001917945172	0.002700303129	0.002874357834	0.004633206018	0.003016019408	0.00340078849	0.005786155729
Pancreas	V16_S11	457533671	0.01005355079	0.003493500263	0.006234450448	0.005649455251	0.004115957184	0.00199353634	0.0004652072918	0.002444847387	0.004306646975	0.002150602376	0.002914292618	0.002265020185	0.00341208549	0.001822908461	0.003437644265	0.003055034173	0.005860777403	0.003499442995	0.005956645757	0.00487964524	0.005284223115	0.003251212084	0.0007275551967	0.004475773325	0.0003338027553	0.0002554194531	0.0002992894484	0.000362486983	0.003044304908	0.002992802687	0.004806730388	0.004187599999	0.006688194102	0.002894366216	0.005929683807	0.003655202023	0.004099134378	0.002997215477	0.0006192353	0.003384957432	0.003989667025	0.00296610957	0.0030162108	0.002327345652	0.003097935933	0.002462983757	0.00456039442	0.003369100675	0.003771986871	0.001643315121	0.002325706429	0.002986696033	0.001954977429	0.001277658973	0.0002244337554	0.001819267199	0.002368094566	0.001430132997	0.001855089699	0.001985799205	0.002263077158	0.001759160147	0.001676897349	0.00408505454	0.009077310072	0.002984444832	0.006223649057	0.004488677293	0.006032384445	0.003328360504	0.00106749302	0.003953794255	0.005859221233	0.003867610434	0.005748339776	0.003791323153	0.004205299242	0.003349580801	0.005478761802	0.005652510764	0.009320988313	0.006596869676	0.01144473802	0.007924173082	0.01371017129	0.00551812284	0.002244671956	0.008210705	0.0006199150313	0.0004812367132	0.0005784164462	0.0005009817081	0.005736386558	0.007107409151	0.01168196209	0.008162782844	0.0009802316822	0.0004670738211	0.001522764431	0.0007642147937	0.0007293867559	0.00106055364	0.0002531573245	0.000760055537	0.0006293132468	0.0008175901004	0.0009964272116	0.0005503660516	0.0007548275065	0.0007611221252	0.001742778839	0.0009177685198	0.004361329289	0.002112889305	0.002881022936	0.00302131425	0.004147255427	0.002545707723	0.0006360777762	0.003306561016	0.005195820878	0.003128685583	0.004316484502	0.00379591735	0.003718478241	0.003252914691	0.003749730585	0.006352607872	0.008156652147	0.002972579039	0.006062620471	0.00473632027	0.004421963078	0.002464671065	0.0006753492029	0.003013452533	0.004512476635	0.002331343172	0.003979165066	0.002459051806	0.002874330532	0.002275771306	0.00401486517	0.003519126792	0.005945273916	0.003849880592	0.007421816612	0.004822346725	0.008919638616	0.004604904805	0.001381963864	0.008303826015	0.0003506823873	0.0003116732364	0.0003728556188	0.0003433867493	0.00484721484	0.004182562118	0.008743983784	0.005768388574	0.007659987061	0.003080107737	0.009590640598	0.004431249826	0.007631145468	0.004582305375	0.001920293643	0.007307309193	0.005954412042	0.003438153517	0.004131921036	0.003016333196	0.00440092856	0.003808303324	0.00852808492	0.005107866695	0.002680097833	0.001163138439	0.002133106396	0.002252489959	0.002113455383	0.001218117999	0.0002291918751	0.002328648289	0.002816183992	0.001556685431	0.002222308574	0.002077783692	0.002573939525	0.0021379126	0.002446790413	0.004975854553	0.0118564192	0.003799226396	0.006119025063	0.007295401872	0.006968424844	0.003282178111	0.0007010566005	0.004799627086	0.005225917023	0.002839613961	0.003764586323	0.00347171826	0.007631097384	0.004300238703	0.006459421868	0.008931473811	0.005456748122	0.004244961897	0.005559678252	0.00533190048	0.005787423239	0.004251507863	0.0005681723914	0.005698389354	0.0004012010736	0.0002310890033	0.0002958886058	0.0003033831361	0.00495452279	0.006338958603	0.006742561686	0.007427215122	0.01052588543	0.004565198438	0.010765588	0.00696245807	0.007766101656	0.005195541117	0.0009302768888	0.006672673933	0.006311382491	0.004637258708	0.007060606038	0.004660234066	0.007810968299	0.006097494407	0.01042161988	0.009505912407	0.004517064275	0.001923336042	0.002715778267	0.00349189601	0.002814529469	0.001743694619	0.0002715494135	0.002481948482	0.003693876773	0.001856901587	0.002484964653	0.002855914401	0.00465199205	0.003209158348	0.003385785786	0.006122242313
Pancreas	V16_S1	687095540	0.01027695945	0.003408386263	0.006029094586	0.005446354666	0.00420123088	0.002050289833	0.0005005941386	0.00237712211	0.004330873695	0.002160791205	0.003048404302	0.002193959809	0.003285640597	0.001743920503	0.003418626469	0.002913024294	0.005601306916	0.003439592986	0.005875082525	0.004556967434	0.005268434722	0.003360796084	0.00079215039	0.00435705346	0.0003284987121	0.0002608953043	0.0003178742799	0.0003472966802	0.00293513039	0.002845193843	0.004743477159	0.003864248631	0.006571134198	0.002914537911	0.005918871195	0.003482122734	0.004256917459	0.003124858007	0.0007141801561	0.003368009054	0.004127051967	0.003159243327	0.003179716463	0.002292350784	0.002974756611	0.002345823697	0.004640293546	0.003116582593	0.003433106261	0.00156051224	0.002167699997	0.002650280629	0.001946406172	0.001315939265	0.0002413361612	0.001730909212	0.002328043055	0.001414666438	0.00197308514	0.001932234926	0.002112396189	0.001629814101	0.001645564458	0.003726388618	0.009183360439	0.003088043622	0.006422409611	0.004445132914	0.006292964731	0.003750280492	0.001243666929	0.004214437195	0.005842868664	0.004142851808	0.006240685247	0.003806016555	0.004031322922	0.003349914045	0.005674292399	0.005507161348	0.009323633508	0.00706110536	0.01248917872	0.00793773454	0.0146549052	0.006074044666	0.002741723516	0.008523858269	0.0006382707709	0.0005423496127	0.0006724479684	0.0005045280894	0.00567864405	0.007335837168	0.01284425453	0.007919122863	0.001080798749	0.0005374405428	0.0017975506	0.0008354485899	0.0008463917551	0.001275153089	0.0003266823708	0.0009001411943	0.0006959556163	0.0009449209931	0.001183753863	0.0006107069186	0.0007753492331	0.000840952919	0.001978296934	0.0009732911379	0.004017070173	0.002102502368	0.002764174543	0.002719947796	0.004191677623	0.002697272638	0.000725600693	0.003228696551	0.005025445224	0.00314584781	0.004414643704	0.003705516703	0.003410844437	0.003066347949	0.003782056277	0.005782013954	0.008407073927	0.002981835685	0.006163270977	0.004659861422	0.004590965617	0.002541924519	0.0007916308116	0.002957594514	0.004742488941	0.002356999727	0.004381632284	0.002463965928	0.002808632698	0.002244156613	0.004238657989	0.003348291273	0.005844848011	0.003980577432	0.007789491691	0.004636027764	0.009149931318	0.00487372251	0.001653256256	0.00821539025	0.0003477071034	0.0003477463993	0.0004147952991	0.0003463695893	0.00472224867	0.004144834065	0.009212122087	0.00534616627	0.007592484154	0.003166302025	0.01010075251	0.004337699529	0.007804638057	0.004762151418	0.002336097248	0.007294627469	0.006043596208	0.003514006218	0.004240461232	0.002920684073	0.004174613039	0.003681364312	0.009138865899	0.004726956895	0.002598254385	0.001141334726	0.002122343859	0.002092454275	0.002167256099	0.00127140834	0.0002652789742	0.002226581183	0.002806018796	0.001642918538	0.002425258065	0.002104825189	0.002410575973	0.002002492987	0.002466869455	0.004511011671	0.011508254	0.003686136574	0.005931560842	0.007076024682	0.006911510443	0.003307636082	0.0007440653741	0.004889439393	0.005055735044	0.002852628035	0.003793248316	0.003297542872	0.006910813306	0.003983070535	0.00621361041	0.008479010066	0.005248402573	0.004367782681	0.005615696472	0.005051453252	0.005799026144	0.004473089725	0.0006629558387	0.005606818522	0.0003889473653	0.000241183344	0.0003117717807	0.000281438299	0.004591828671	0.006009296757	0.00672248724	0.006774325736	0.01050954428	0.004654403666	0.01107371036	0.006774651746	0.007932220023	0.00547332908	0.001072297748	0.006730611292	0.006437895085	0.0048831768	0.007453781464	0.004696827169	0.007516913878	0.005939469495	0.01058942691	0.009241225754	0.003965918626	0.001810959215	0.002518699219	0.003069359175	0.002833201333	0.001777581033	0.0002944132049	0.002381542165	0.003456191842	0.001803056384	0.002452132057	0.00268372576	0.004081430946	0.00284632469	0.003145024053	0.00548611915
Pancreas	V16_S3	577204623	0.009860130659	0.003484107576	0.006218515682	0.005612515685	0.004143618926	0.002059408315	0.0004784542413	0.002464356561	0.004046504319	0.002070206912	0.002804234297	0.002136065705	0.003304782956	0.001829928171	0.003437917717	0.003036205758	0.005858423279	0.003630811183	0.006155706068	0.005038383069	0.0054084598	0.003433186293	0.0008200471395	0.00475408008	0.0002853147626	0.000212721789	0.000252307404	0.0003113817749	0.003161104273	0.00308298293	0.005060134454	0.004468060194	0.006365020053	0.002759799448	0.005826190342	0.003556042204	0.004064799391	0.003009672707	0.0006541839496	0.003368822637	0.003744327252	0.002745724717	0.002852283115	0.002102275262	0.00308083811	0.002345712328	0.004597466642	0.003290150363	0.003567519937	0.001531333889	0.002254895315	0.002761819529	0.001808554468	0.001255189184	0.0002163981282	0.001774933809	0.002160375975	0.001270045268	0.001726670162	0.001796026849	0.002119773389	0.001715835183	0.001616154762	0.004034614255	0.009263605638	0.003078939304	0.006619700965	0.004614571495	0.006273490987	0.003539289047	0.001180333582	0.00422862171	0.005917660504	0.003984496846	0.006088421437	0.003869828673	0.004318638314	0.003486474155	0.00580588212	0.005816505735	0.01006742456	0.007260128961	0.01277477467	0.008527284439	0.01505778653	0.005948775985	0.002654335982	0.008835064372	0.0006120255901	0.0004801867292	0.0005637515485	0.000471229767	0.006162143992	0.007781186811	0.01322262972	0.008699606344	0.001040338168	0.0005090638368	0.001752659213	0.0008314780944	0.0007873793485	0.001164602592	0.0002704915965	0.0008340404439	0.0006431289446	0.0008724098525	0.001030580796	0.0005781658474	0.0008181552628	0.0008211871165	0.001966345997	0.0009988017716	0.004417819779	0.002104771777	0.00293043391	0.002995682867	0.004192636205	0.002615547312	0.0006608159131	0.003342377942	0.005296004013	0.003172580272	0.004458573091	0.003815743867	0.003770169041	0.003271162296	0.003947400816	0.006446306651	0.008035737787	0.003008103073	0.006043998716	0.004709385358	0.004475024795	0.002577285317	0.0007269276497	0.003073850987	0.004312027141	0.00226382629	0.00387191632	0.002351037996	0.002807472316	0.00237283789	0.004052730881	0.00352097665	0.006110368593	0.00408063433	0.007967664874	0.004935972247	0.009283444357	0.004841470232	0.001578370934	0.008855885411	0.0003119829482	0.0002879238893	0.0003308376135	0.0002943791391	0.004936135101	0.004371472264	0.00944206748	0.006004080463	0.00779203565	0.003184411432	0.01032704133	0.004569719117	0.007827688518	0.004794256473	0.002135847412	0.007712765669	0.006138162895	0.003438804751	0.004125420873	0.00292217514	0.004399354923	0.003840270697	0.008809614125	0.005150149326	0.002567921221	0.001099416004	0.002083995783	0.002137027236	0.001960103843	0.001168159389	0.0002243952921	0.002245196848	0.002602186365	0.001424378751	0.002042662087	0.001887711838	0.002437487407	0.002070877385	0.002344291688	0.004811200204	0.01126660588	0.003662642182	0.005899100361	0.006959062419	0.006783667081	0.003156390173	0.000687581118	0.004656906568	0.004885894686	0.002673538878	0.003546477139	0.003229338307	0.007227156252	0.004124876872	0.006312640015	0.008457421866	0.005234646224	0.004247912962	0.005509398008	0.00515340467	0.005533195461	0.004186584625	0.0005542765724	0.005536641379	0.0003214665867	0.0001806343814	0.0002223405615	0.0002306790256	0.004833751999	0.006133720797	0.006706872824	0.007075412838	0.009929679652	0.004345779469	0.0106760874	0.006637831451	0.007531634063	0.004961561093	0.0009296495188	0.006388682372	0.005882201675	0.004314643197	0.006884492677	0.004197949745	0.007664231754	0.005775645009	0.01033329042	0.009042301104	0.00402280735	0.00168064489	0.002430602501	0.003053856344	0.002379793829	0.001474153127	0.0002360843877	0.002081235929	0.003303745195	0.001566179417	0.002139274273	0.002496565243	0.004247796886	0.002905046033	0.003161294846	0.005569303973
Pancreas	V16_S5	452639408	0.009700096639	0.003625687404	0.006006399248	0.005715275679	0.004346793419	0.002173690542	0.0004679906262	0.002574053384	0.00392153217	0.002033616569	0.002694239561	0.002069497228	0.0035137462	0.001918929251	0.003562007575	0.003142172279	0.006323130398	0.003871437107	0.006516063224	0.005399971714	0.005834103159	0.003699715426	0.0008252286332	0.005085392388	0.0002628714997	0.0001934299101	0.0002271432805	0.0002913467048	0.003417291938	0.003302847639	0.005373794144	0.004718605942	0.00589699428	0.002700354804	0.005405600919	0.003432785508	0.004074097322	0.003013694733	0.0006137954298	0.003399412364	0.003399151671	0.002540406292	0.002669135693	0.001961073173	0.003130500736	0.002399623145	0.00456318863	0.00327192236	0.003229436002	0.001404035947	0.001887593048	0.002515244983	0.001706744897	0.001185422636	0.0001852887719	0.001686183276	0.001990871727	0.001126901439	0.001456439692	0.001624474111	0.002179184982	0.001702883104	0.001561830427	0.004073423497	0.008950371816	0.003060250556	0.006244818613	0.004626477419	0.006285606047	0.003591351021	0.001087596421	0.004311690422	0.00540965271	0.003731133371	0.005466083943	0.003622369089	0.004474225983	0.003574145272	0.005825862604	0.005952769362	0.01044617176	0.007584925085	0.0130599919	0.008890818892	0.01614361426	0.00645825341	0.002699292148	0.009556293428	0.0005392128827	0.0004449811405	0.0004912298754	0.0004340563294	0.006698974827	0.008226155156	0.01386810315	0.009295165038	0.001015174534	0.0005159250297	0.001695577067	0.0008300602938	0.0007934108115	0.001166710169	0.000260724095	0.000853407797	0.0006397078886	0.0008785315485	0.001028531745	0.0005813435493	0.0008459404843	0.0008479597517	0.002019457396	0.001030913331	0.003909946789	0.001902456977	0.002439743382	0.002714832112	0.003731058256	0.002338464087	0.0005396193873	0.003060469273	0.004641191118	0.002738749605	0.003500738053	0.003349056607	0.003706827047	0.003162413556	0.003636678493	0.006338069442	0.00805859352	0.003130644338	0.006012507864	0.004870868424	0.004687406714	0.0026848767	0.0007132808021	0.003215486708	0.004219075861	0.002240812404	0.003673098212	0.002323885153	0.003006843805	0.002427583592	0.004212390628	0.003650663134	0.006434943464	0.004333643879	0.008241217919	0.005309243865	0.009900772935	0.005228634445	0.001584990143	0.009450153752	0.0003000799259	0.0002815375722	0.0003119480927	0.0002860290061	0.005397844193	0.004684945594	0.01006341233	0.006414514399	0.007922476339	0.003312376195	0.01017532923	0.004681960878	0.008227926986	0.004984053443	0.002082169567	0.00806120487	0.00613230521	0.003544974149	0.004224956922	0.003020565545	0.004722191577	0.004037492025	0.009334328663	0.005423838395	0.00248135929	0.001103567191	0.001899732955	0.002169137248	0.001950384753	0.001166323547	0.0002096105605	0.002265076752	0.002487410464	0.001358182671	0.001823804966	0.001837630541	0.002615236277	0.002159814154	0.002400789637	0.005110288585	0.01085377436	0.003739946125	0.005579156289	0.007009626082	0.007018047797	0.003305553987	0.0006613829788	0.004859819894	0.004569818631	0.002560883961	0.003264245167	0.003090190503	0.007665169976	0.004373567491	0.00650760837	0.008909365664	0.005136631851	0.004296448709	0.005201548867	0.005270804879	0.005705013647	0.004354083991	0.000526266595	0.005818081575	0.0002606423522	0.0001600479294	0.0001677383777	0.0002035792694	0.005146909347	0.006514355462	0.0069192959	0.00755698894	0.009308542132	0.004277566128	0.009920419921	0.006487899525	0.007561237355	0.00502672538	0.0008724251424	0.006526588158	0.005340010077	0.004126436998	0.00623759211	0.003939592904	0.007753792396	0.005937611601	0.01033999452	0.00929332693	0.003237510862	0.001424012113	0.001736649497	0.002585614463	0.001991483693	0.001291188946	0.0001770305426	0.001802872188	0.002784574162	0.001328339931	0.001516642139	0.00215000723	0.004048023587	0.002769257333	0.002723258245	0.005437619784
Pancreas	V16_S6	679123095	0.01075733995	0.003668136187	0.006536249515	0.006030635727	0.004337664293	0.002060969521	0.0004749713305	0.002510365223	0.00447589402	0.002156841684	0.003023967253	0.002322801288	0.003632335608	0.001858492237	0.00360843567	0.003174945773	0.006197795409	0.003683695958	0.006193631215	0.005116210928	0.005467424135	0.003318829851	0.0007195543836	0.004515315445	0.0003210007164	0.0002306503801	0.000280274668	0.0003453055885	0.003206172807	0.00290244731	0.004851594688	0.004121071748	0.006604896863	0.002787587426	0.005736074989	0.003576467974	0.004084991396	0.002876780387	0.000597383601	0.003212158467	0.003873127007	0.002744605527	0.002887771031	0.002189726739	0.003124087541	0.00229265506	0.00444450943	0.003198537962	0.0039635171	0.001672179916	0.00242047872	0.003091739944	0.002031561009	0.001281451045	0.0002229433826	0.001818948596	0.002446725803	0.00140140279	0.001941225397	0.00204308322	0.002395212314	0.001762381531	0.001758919714	0.004199477269	0.009582972583	0.003113230894	0.006566763865	0.004766772068	0.006193629742	0.003437204562	0.001134002077	0.004111232589	0.005932691775	0.003838657556	0.005893753326	0.003857465634	0.004473171392	0.003415536914	0.005787747507	0.005877360127	0.01003327681	0.007079301286	0.01228994281	0.008452011192	0.01443505614	0.005782857377	0.002438809712	0.008522234102	0.0006014844776	0.0004652381907	0.0005602312788	0.000480504937	0.00613110205	0.007311898294	0.01249543575	0.008406337587	0.001008917242	0.0004863315685	0.001611747573	0.0008037644486	0.0007349153691	0.001063000221	0.0002515950367	0.0007794772463	0.0006126135351	0.0008066814456	0.0009673960506	0.0005449468627	0.0008024200679	0.0007765116573	0.001833295038	0.0009648309781	0.004562028626	0.0021665012	0.00298717569	0.003125811824	0.004214322884	0.002553314727	0.0006372246846	0.003292447299	0.005281125066	0.003109056393	0.004400819265	0.003840433375	0.003877787428	0.00322503095	0.003870183505	0.006414789943	0.008564697686	0.003081065885	0.006144071716	0.00492895916	0.004480791512	0.002437306303	0.000669495712	0.002989854144	0.004550613906	0.002222208332	0.00396293694	0.002390358997	0.003014378417	0.002283983583	0.004109802804	0.003533798243	0.006077615428	0.003947960274	0.007417951233	0.004875287005	0.008933429071	0.004506767657	0.001391737385	0.008085043846	0.0003143156249	0.0002866932393	0.0003320149199	0.0003113544533	0.004860891971	0.004060152011	0.008646501707	0.005564550857	0.007682548331	0.003097498842	0.009616087346	0.00444516027	0.007465003086	0.004395369591	0.001892952853	0.006987391586	0.005788978506	0.003182359746	0.003918199837	0.002802621519	0.004397342723	0.003610028901	0.008410831618	0.004894067106	0.002761269663	0.001176040111	0.002110308147	0.002296393705	0.002131023095	0.001177115027	0.000221010007	0.002255988658	0.002781862396	0.001494623004	0.002199853033	0.002072952621	0.002670375979	0.002098158656	0.00248537859	0.004951419006	0.0119992179	0.003785403587	0.006034358175	0.00740380505	0.006904832179	0.003190719055	0.000687881186	0.004791073995	0.005035313959	0.002670532063	0.003556649771	0.003284625448	0.007704604715	0.004243721089	0.006494198228	0.008958863341	0.005500974753	0.004263119634	0.005477712402	0.005308500074	0.005614518234	0.004095861296	0.0005408224263	0.005498467108	0.0003369021046	0.0001821657972	0.0002282634785	0.0002428572982	0.00497746583	0.005958554539	0.00654994659	0.007121384968	0.01013023861	0.004341707743	0.0102814704	0.006733623159	0.007343287302	0.004794799388	0.0008748472911	0.006296010298	0.005873109057	0.004202585689	0.0065746829	0.004229274518	0.007702917245	0.005708742684	0.01011819514	0.009251533406	0.004293770925	0.001766037717	0.00247786007	0.00331316372	0.002591609699	0.00155872773	0.0002399196864	0.002239292127	0.003361367058	0.001577119094	0.002131687187	0.002577887592	0.004496564794	0.002935076151	0.003170596046	0.005864134248
Pancreas	V16_S9	484482709	0.008667454838	0.003433579711	0.005675187058	0.005170756259	0.004225868048	0.002223755317	0.0005499804122	0.002707595082	0.003903392144	0.00207737032	0.002808160074	0.002045658145	0.003169456766	0.001930153507	0.00343850868	0.003200021324	0.006351165775	0.004172530748	0.006828148742	0.005934191142	0.006277528472	0.004093372092	0.001160280831	0.005980640684	0.0003164736267	0.0002655099916	0.0002728477148	0.0003350336286	0.003636129767	0.003763550208	0.006121467175	0.005976044028	0.005824406006	0.002798425981	0.005550470533	0.003526551037	0.004238398939	0.003207507659	0.0007159367993	0.003777823163	0.003695832621	0.002850621858	0.0028658546	0.002112649184	0.003071923873	0.002517208514	0.004776599777	0.003632352543	0.002977324006	0.00136056868	0.001767423242	0.002415033557	0.00177518616	0.001279120985	0.0002433688505	0.001937685252	0.002038351383	0.001190674072	0.001542573112	0.001604748705	0.002143302497	0.001841630224	0.001570873399	0.004261708337	0.007991965303	0.0029333245	0.006069027739	0.004199743277	0.006200840493	0.003792409855	0.001237610732	0.004543404665	0.005161131561	0.003830846727	0.005527237506	0.003512364773	0.003914793995	0.003586084638	0.005670229193	0.005834982235	0.01037663039	0.008035050431	0.01374445543	0.009138970118	0.01713850019	0.006852997926	0.003050424654	0.01019832268	0.0005866772843	0.000487348662	0.0005237338615	0.0004727413296	0.006637460822	0.008854231369	0.01498996324	0.009978878317	0.001033805729	0.0005350634712	0.001834680544	0.0008594568852	0.0008480942506	0.001278984757	0.0002949042295	0.0009229369629	0.0006701229868	0.0009682058643	0.001108148939	0.0006265920215	0.0008183842119	0.0008883289166	0.002167187766	0.001037256832	0.003659860232	0.001885142613	0.002305390841	0.002523188088	0.00377880359	0.002449831496	0.0006079081761	0.003218240757	0.004499510425	0.002809807192	0.00347745331	0.003305092153	0.003394083978	0.003158189078	0.003601620796	0.006193612165	0.007192376395	0.00312729427	0.005885145016	0.004667557702	0.004731712727	0.002819454595	0.0008450353179	0.003401557928	0.00429105923	0.002282153686	0.003934039264	0.002360040882	0.002824210182	0.002633677067	0.004319392542	0.003903433425	0.00624891032	0.004453366364	0.008463753038	0.005299613283	0.01012344694	0.005420168669	0.001749614556	0.009772233172	0.0003334339843	0.0003209773994	0.0003488751959	0.0003209753354	0.005418752726	0.00490185915	0.0104874847	0.006856537784	0.00762174982	0.003390271664	0.01057149596	0.004730773581	0.008446445918	0.00518046352	0.002352568995	0.008729467371	0.006279026978	0.00364574621	0.004249674884	0.003055328854	0.004542768935	0.004185288685	0.009841104567	0.005575788258	0.00235909348	0.001088957336	0.001900969803	0.002110675946	0.001964383831	0.00121126717	0.0002418930497	0.00245956559	0.002583322329	0.001458982925	0.001976190238	0.001880376705	0.002480670574	0.00222439311	0.002395761455	0.005249698189	0.00928620757	0.003357098137	0.005119396325	0.005968347159	0.006411799518	0.00309794957	0.0006485061162	0.004460920813	0.0042336578	0.00243875783	0.003128776264	0.00279486961	0.006256138648	0.003787084587	0.005765285217	0.007505869523	0.004869911673	0.004475918252	0.005255153492	0.004990250333	0.005702802079	0.004559696268	0.0005704310905	0.005874329356	0.0002999611695	0.0001792674917	0.000185998382	0.0002174257162	0.004697973648	0.00647241262	0.00678305735	0.007037970472	0.008538248988	0.004137693591	0.009877157453	0.00591543299	0.007393262821	0.005006283929	0.0009204064288	0.006260374093	0.005254765449	0.004222509827	0.006326727338	0.003875931927	0.007050953391	0.005682925208	0.01013881179	0.008476056882	0.002988306854	0.001379277294	0.001659896184	0.002341899884	0.001948767175	0.001304174511	0.0002041827255	0.001777056196	0.002636707103	0.001275735931	0.001434810752	0.002064292453	0.003732977393	0.002584738272	0.002647935574	0.005129945721
Pancreas	V17_S16	691544112	0.01054579147	0.003784866294	0.006247156074	0.006427520563	0.004659357146	0.002158925185	0.00046777204	0.002809164255	0.004037010729	0.002038569884	0.00265943411	0.002223937668	0.003944419384	0.002011582451	0.003677869504	0.003629790141	0.006235765622	0.00371924069	0.006112422804	0.005598172167	0.005784663524	0.003447632564	0.0008080048551	0.005116557192	0.0002588598426	0.0001892287097	0.0002199281251	0.0002959536441	0.003616806154	0.003323235583	0.005330407614	0.005320139289	0.006210620444	0.002657351813	0.005259655801	0.003620907122	0.004151341831	0.002837334547	0.0005708124661	0.00338620915	0.003401532829	0.002439260158	0.002517226262	0.001989144259	0.003321981867	0.002405411269	0.004400851583	0.003597033012	0.003441867205	0.001493904701	0.001962806098	0.002908371231	0.001822294454	0.001194202923	0.0001968580133	0.001842754465	0.002069924355	0.001197799223	0.001501178279	0.001757801099	0.002422893885	0.001821779664	0.001656477121	0.004562434912	0.009363365095	0.003131933253	0.006285882454	0.004919456244	0.006179987546	0.003359776997	0.001049185421	0.004246677759	0.005611261715	0.003722507292	0.005409196514	0.003776907293	0.004811286717	0.003611985059	0.005880042834	0.006491781106	0.01011263328	0.007045115294	0.0120618842	0.008643772532	0.01472962292	0.005719049488	0.002353217925	0.008972535363	0.0005423486275	0.0004237647244	0.0004828788131	0.0004336382811	0.006622826976	0.007805672706	0.01289720763	0.009522461237	0.00101596122	0.0004989674469	0.001579056175	0.0008282190392	0.0007419223027	0.001043580572	0.0002298045739	0.0007894145732	0.0006256390482	0.0008240877048	0.0009725742557	0.00055912413	0.0008524329682	0.000797711947	0.001893552381	0.001054602284	0.004168452814	0.001963378729	0.002615387751	0.002984577504	0.003823377214	0.002345134565	0.0005311982181	0.003218887937	0.004896832959	0.002857785882	0.003767314268	0.00360506576	0.00402070519	0.003300187161	0.003756279542	0.006917649817	0.008521103568	0.003194940079	0.006030101229	0.005200619798	0.004714668151	0.002534269282	0.0006664245881	0.00329410512	0.00423334383	0.002245545834	0.003559039774	0.002444912726	0.003269145035	0.002445745645	0.004183015877	0.004046663042	0.006219250407	0.00413205022	0.007756090909	0.005296740926	0.009027282413	0.004731469682	0.001370602372	0.008746276478	0.0002997437132	0.0002756845105	0.0003194937187	0.0002882101034	0.005157289229	0.004377881248	0.008965345655	0.006515001606	0.007934202468	0.00336369721	0.009519339238	0.004858569311	0.007731382434	0.004548119123	0.001775069701	0.007541806675	0.005724256676	0.003329100718	0.003911160479	0.002990872114	0.0048214061	0.003902568113	0.008385596666	0.005594334378	0.002545406677	0.001146681732	0.001883558803	0.00232834171	0.002023101601	0.001158267399	0.0002087401187	0.002343162167	0.002487481232	0.001368340766	0.00184926598	0.001898658346	0.00282227694	0.002189991895	0.002385256372	0.005413035749	0.01163096158	0.003925532664	0.005834469458	0.007571757042	0.007233541452	0.003258372041	0.0006440601435	0.004917117999	0.004799485589	0.002657223116	0.003341274924	0.003361862186	0.008069274112	0.004376297835	0.006533468974	0.009467187829	0.005225662307	0.004124393441	0.005269673961	0.005261905838	0.005339906646	0.003908907549	0.0004790670534	0.005498302905	0.0002757727189	0.000165244701	0.0001930057645	0.0002201623835	0.004934255011	0.005838360749	0.006444128325	0.007436545132	0.009443910933	0.004243586127	0.009592569563	0.006556124073	0.007179968586	0.004697004781	0.0007759982201	0.006295495724	0.005454956429	0.004006857917	0.006053638412	0.003963212111	0.007663179988	0.005661781992	0.009693368628	0.009244236035	0.003644490577	0.001550080438	0.001966001845	0.002900633474	0.002070402994	0.001319928815	0.0001882829999	0.001935730457	0.002933896717	0.00145718687	0.001743654496	0.002309774564	0.004349732646	0.002946838769	0.002962506606	0.00629374457
Pancreas	V28_S7	492001130	0.01143374813	0.003844044017	0.006519017548	0.006451956726	0.00472363346	0.002092600885	0.0004599237404	0.00263625614	0.004416392296	0.002086233013	0.002794054558	0.002264696018	0.00398732011	0.001938639856	0.00361014618	0.003411888505	0.00642910312	0.003666954993	0.006010573594	0.005288111838	0.005444326927	0.00319445811	0.0006955207603	0.004485412462	0.0002809648018	0.0001988897871	0.0002399953838	0.0003050907627	0.003327234228	0.002938251382	0.004730633444	0.004401256152	0.006863400903	0.00275725383	0.005590001389	0.003687188686	0.004146155111	0.002765528201	0.0005605698507	0.003129700129	0.00376364786	0.002548766504	0.00269436373	0.002084188303	0.003341195578	0.002344579981	0.004326920956	0.003391345869	0.00414654942	0.001723557017	0.002322165398	0.00329790706	0.001994877532	0.001236673989	0.0002069507442	0.001827949054	0.002357427512	0.001327112806	0.001718268411	0.001971670268	0.002541528716	0.001825343369	0.001711305013	0.004473568994	0.009880885843	0.003131836303	0.00622980683	0.004910039536	0.006176821179	0.003232693795	0.0009941176355	0.004044726483	0.005811641124	0.003586847453	0.00538992258	0.003714832931	0.004754330544	0.003448693299	0.005535735253	0.006162475684	0.009950611292	0.006814768901	0.01136044952	0.008339342635	0.01360196063	0.005478591076	0.002144944261	0.008333564193	0.0005448524071	0.0004262266633	0.0005033525025	0.0004400172821	0.006272119741	0.007205737515	0.01153003449	0.008714933236	0.0009979672201	0.0004810822284	0.001504909145	0.0007959351638	0.0007208540354	0.000991072927	0.0002277027291	0.0007540307885	0.0006165595595	0.0007568925706	0.0009549469937	0.0005455312674	0.000829069234	0.0007690998596	0.001811075109	0.001004331027	0.004541721276	0.002076245231	0.002828977242	0.003190693891	0.003916517428	0.002359407183	0.000537039417	0.003209708075	0.005039140865	0.002866074718	0.003923751151	0.003657885908	0.004017202156	0.003230354369	0.003622796557	0.006732458114	0.008720512492	0.003065686048	0.00592285225	0.004990718212	0.004573902097	0.002351175494	0.0006165859822	0.003006887403	0.004349528628	0.002196139265	0.003624007937	0.002335571872	0.003155187875	0.002216761169	0.003950312065	0.003648810725	0.006172158588	0.003920245061	0.007255170329	0.004971069884	0.008557644979	0.004335945326	0.001278625112	0.007853579523	0.0003033793845	0.000268261579	0.0003193265024	0.0002924586779	0.004772462616	0.003922848714	0.00815620891	0.005742692095	0.008001985686	0.003244551491	0.009280389254	0.004643401937	0.007464503181	0.004294345828	0.001755585399	0.006809644929	0.005824876866	0.003263614456	0.003945454353	0.002925800191	0.004714578603	0.003652202994	0.008126963042	0.005211235999	0.00276736153	0.001189489138	0.00200856246	0.002395901001	0.002036647761	0.001123733191	0.0002001763695	0.002212181911	0.002652662607	0.001412141066	0.001980005615	0.001978816593	0.002801865516	0.002082511477	0.002338203979	0.005103799253	0.0131436568	0.004075195925	0.006164985841	0.007987581248	0.007597067917	0.003331461861	0.0006807199813	0.005013100275	0.005265809044	0.002742900204	0.003554447121	0.00351674802	0.008675691456	0.00454417249	0.006706517117	0.009787190936	0.00570283243	0.00419077696	0.005358066962	0.005459670387	0.005522578779	0.00392237717	0.0004926045597	0.005487680486	0.0003105013194	0.0001761256117	0.0002179283613	0.0002411376575	0.005169709671	0.006023345922	0.006342676489	0.007462338552	0.01040215904	0.00437473792	0.009956221036	0.006886591907	0.007371029819	0.004658708812	0.0008094026126	0.006260054728	0.005896431579	0.004079313802	0.006405639759	0.004222612253	0.007957239854	0.005724570185	0.009738916657	0.009416470243	0.004499855519	0.001789217435	0.002368929519	0.003425378312	0.002500293038	0.001502163217	0.000216342999	0.002234346494	0.003399618208	0.00161592515	0.002046751397	0.002597581432	0.004767893521	0.003107381075	0.003080415689	0.006367361392
Pancreas	V7_S10	780828001	0.01081012847	0.003875356668	0.006219158373	0.006546387929	0.004649122464	0.002214491537	0.0004309873616	0.002794717911	0.003944429498	0.001988747839	0.002607784297	0.002174358499	0.003926426814	0.001984444715	0.003591008515	0.003533847398	0.00614406373	0.003699639352	0.006030841612	0.005428190324	0.005811720371	0.003482454518	0.0006962826632	0.004988503224	0.000239648168	0.0001665001765	0.0002015181318	0.0002719433726	0.003569454472	0.003220833521	0.005107464121	0.004942253601	0.00597981629	0.002573710212	0.005011996233	0.003500551974	0.004035580174	0.002749517176	0.0005153247572	0.003213025144	0.003207524572	0.00227768215	0.002396144859	0.001892807376	0.003207288925	0.00230939464	0.00416768225	0.003359194338	0.003112989028	0.001337628772	0.001740549773	0.002565255085	0.00165131117	0.001084103028	0.000156729779	0.001574423559	0.001883597922	0.001047995204	0.001321246163	0.001554959605	0.002235578127	0.00161191581	0.001495258877	0.004034956477	0.01018378822	0.003426410165	0.006823400279	0.005353547766	0.00678796738	0.003702778328	0.001057182887	0.004565585501	0.005878590412	0.00390065033	0.005715261228	0.003951137762	0.00528028195	0.003904941928	0.006387285028	0.006908503528	0.01132011786	0.007839095156	0.01338107494	0.009584044105	0.01657854224	0.006403221956	0.002454312598	0.009755071527	0.0005482142027	0.0004141590716	0.0004869164522	0.0004380004298	0.007477698024	0.008500420056	0.01417591837	0.01014249232	0.001059801901	0.0005196266008	0.001657252299	0.0008646795442	0.0007636150333	0.001084808689	0.0002215340636	0.0008056498988	0.0006395723506	0.0008318502912	0.0009974693518	0.000574427402	0.0008958234068	0.0008337943813	0.001947601774	0.001085157037	0.004243821937	0.002021488725	0.002668092073	0.003062014934	0.003922564247	0.002375496265	0.0004898082542	0.003140625076	0.004928395236	0.002789280094	0.003703131799	0.003575992403	0.004214013836	0.003333063103	0.003839571578	0.00695508613	0.008679971762	0.003215028145	0.00595634121	0.005181801875	0.004597546445	0.002522809117	0.0006052088288	0.003194786812	0.004112031069	0.002143317091	0.003433423233	0.002338773709	0.003189428398	0.00234360832	0.004000263817	0.003839752156	0.006174715807	0.004101485853	0.007563687512	0.005212666547	0.00896808643	0.004716079592	0.001271968985	0.008573279892	0.0002767472474	0.0002478791741	0.0002925266508	0.0002637802432	0.005053687874	0.004250569902	0.008616172821	0.006099771004	0.00804398663	0.00334601602	0.009422002017	0.004863282304	0.007523161301	0.004456345054	0.001613606324	0.007254187853	0.005596857431	0.003162392994	0.003791094833	0.002897848178	0.004732471166	0.003812131476	0.008027287689	0.00539991265	0.002371942345	0.001062365846	0.001730527079	0.002148766435	0.001867549573	0.001074579804	0.0001780571391	0.002094091142	0.00226923983	0.001220898839	0.00166858386	0.001701149291	0.00264107588	0.002012257498	0.002202561893	0.004906487722	0.01193646102	0.004057736142	0.005899299198	0.007795797528	0.007441042064	0.003426465235	0.0006301848799	0.005084973893	0.004801572171	0.002662113804	0.003348948804	0.003343306076	0.008213356836	0.004461165577	0.006581587742	0.009543877769	0.005185305848	0.004176341007	0.00517479393	0.005245937639	0.005433579475	0.003995823659	0.0004533187841	0.005511156099	0.0002478112974	0.0001485243867	0.0001724707616	0.0002025055451	0.004914868569	0.005749227735	0.006317971427	0.00710135778	0.009462608911	0.004279719728	0.009518922209	0.006620459299	0.007281143853	0.004795988355	0.0007444827789	0.006362694465	0.005360914305	0.003932577976	0.005992406771	0.003900582454	0.00767609511	0.005672711525	0.009545596457	0.009206971306	0.003254871747	0.001396253719	0.001714859096	0.002614067371	0.001884648089	0.001205020823	0.0001560817489	0.001717776512	0.002681114147	0.001312519529	0.00152290389	0.002068345395	0.004092140645	0.002685843742	0.002678222345	0.005802486584
Pancreas	V7_S13	916545643	0.009992792034	0.003605184341	0.005979607281	0.006078020274	0.004330907064	0.002129601526	0.0004437204007	0.002675574336	0.003758743524	0.001968748653	0.002592354258	0.00210468951	0.003542521886	0.001887329904	0.003379553461	0.003387974209	0.005655467395	0.003561662231	0.005837917665	0.005194056659	0.005622477221	0.003533660353	0.0007832310431	0.005059464344	0.000247292649	0.0001851691744	0.0002233342132	0.0002818768514	0.003377760861	0.003247117067	0.005124312178	0.004994808535	0.005887924994	0.002598300497	0.005185094748	0.003499764605	0.004006521692	0.002850657815	0.0005817811738	0.00333224867	0.003332658906	0.002441339411	0.002559630301	0.001969794973	0.003087650922	0.002318112596	0.004235681037	0.003418046907	0.003071792465	0.001354641757	0.001836783594	0.002606588137	0.00166830535	0.00114719655	0.000179678995	0.001691622247	0.001869241334	0.001110626631	0.001429198873	0.001594973487	0.002115171257	0.00162560153	0.001494576959	0.004021849897	0.009882667676	0.003378108907	0.0070263833	0.005137356809	0.00673737969	0.003824097607	0.001181717472	0.00461166995	0.00610270426	0.004209500126	0.006303404576	0.004082184045	0.004944057107	0.003876817295	0.006384439274	0.006645255527	0.01100513987	0.007950762797	0.01390565336	0.009438975643	0.01672675564	0.006646245112	0.002778834878	0.009945155563	0.000630058093	0.0005001867648	0.0005994758736	0.0004932378474	0.007138248979	0.008737369558	0.0147265912	0.01000773619	0.001060968439	0.0005387129422	0.001788125897	0.0008617323164	0.0007948365753	0.001183028918	0.0002595113531	0.000850451918	0.0006821733372	0.0009230691417	0.001114994117	0.0006158634917	0.0008612620725	0.0008692343977	0.002058673253	0.001075072483	0.00438232949	0.00213402902	0.002915959527	0.003135741272	0.004214628076	0.002653496876	0.0005918406837	0.003412837128	0.005287783578	0.003183335192	0.004403869061	0.00389030162	0.004098576027	0.003426775332	0.004049002937	0.006910622562	0.008047647224	0.003089586451	0.00585810433	0.004882514072	0.00445841408	0.002544443932	0.0006576791943	0.003164952037	0.004052407022	0.002190890345	0.003567627019	0.002341599697	0.002961484811	0.002356910446	0.003930593122	0.003749030969	0.005814279999	0.004055685637	0.007646458257	0.00499417136	0.008843349005	0.00493969835	0.001419879097	0.00876932105	0.0002924546116	0.0002816957366	0.0003321547621	0.0002786058741	0.004827895952	0.004351580339	0.008767350608	0.006066989727	0.007835639234	0.003383003371	0.009820420913	0.004799171796	0.007627587402	0.004695296991	0.001834389823	0.007594099708	0.005768753624	0.003396369863	0.004046850289	0.00298941468	0.004543240189	0.00389164798	0.008337450577	0.005398553839	0.002273887848	0.001032898915	0.001797290743	0.002077033495	0.001860170318	0.001116565234	0.0002002486198	0.002165418618	0.002264064006	0.001289310586	0.001791069558	0.001727213491	0.002477121589	0.001995044125	0.002184360392	0.004800378501	0.01109188951	0.003797489003	0.005777945747	0.00724854354	0.006916206572	0.003246728652	0.0006294809259	0.004767483249	0.004706758505	0.00265422679	0.003431150455	0.003287382383	0.00742847566	0.004139192662	0.006212660595	0.008842070291	0.004988081101	0.004156251278	0.005341291006	0.005035586646	0.005299149079	0.004085303366	0.0004997045194	0.005467519308	0.0002694181156	0.000169988261	0.0002099415359	0.0002184102903	0.004595373981	0.005692543563	0.00634335676	0.006811269082	0.009270051159	0.004259925329	0.009903529703	0.006459062945	0.00718263302	0.004893718097	0.0008093726763	0.00630651735	0.005570462354	0.004168511442	0.006545983875	0.004063627413	0.00736201634	0.005639989715	0.00964371722	0.009002050321	0.003419035401	0.001467827609	0.001989533215	0.002710590595	0.00199551546	0.001291105368	0.0001794433275	0.001826292027	0.002802689664	0.001411424526	0.001816400539	0.002209994685	0.003942556519	0.002676871598	0.002828237764	0.00574401945
Pancreas	V7_S4	861158330	0.01008769665	0.003686532301	0.00600685126	0.006216173976	0.004422124094	0.002142047444	0.000438648721	0.002712371139	0.003767930805	0.001960904216	0.002562478842	0.002112568545	0.003621545413	0.001921158912	0.003462365626	0.003400743972	0.00580522051	0.003583055395	0.005867587671	0.005217847687	0.005635537428	0.00345457844	0.0007369109464	0.004976424022	0.0002423770319	0.0001778511508	0.0002122838433	0.0002750307252	0.003391665502	0.003189642258	0.005085198444	0.004879051684	0.005853584439	0.00258176101	0.005076426538	0.003487471346	0.004009939729	0.002793515334	0.0005563320743	0.003275040027	0.003256480141	0.002375344845	0.00248206738	0.001941300388	0.003116119193	0.002334469667	0.004191007477	0.003374756881	0.002997217713	0.00132416997	0.001757625685	0.002506532103	0.001629040736	0.00109046614	0.0001691767877	0.001608118916	0.001853662613	0.001079080313	0.001361743781	0.00155587649	0.002103178866	0.001608437092	0.00147901606	0.003951902782	0.009929510872	0.003386378438	0.00690846595	0.005221803986	0.006786228265	0.003753237805	0.001136146474	0.00463087897	0.006035280411	0.004103382476	0.006039281998	0.0040484042	0.005057223333	0.003889717934	0.006417168374	0.006767655606	0.01106004281	0.007827515296	0.01364191995	0.009478333676	0.01654396004	0.006484248953	0.002665837303	0.009891861581	0.0005979202454	0.0004724009347	0.0005559198388	0.0004691924655	0.007236002699	0.008593383751	0.0145621491	0.01008594552	0.00106176294	0.0005359362894	0.001715910941	0.0008749680213	0.0008004335277	0.001152589443	0.0002478719564	0.0008502733754	0.000669432066	0.0008899455226	0.001067331021	0.0005992219805	0.0008936451907	0.0008685336644	0.002033339212	0.00110470394	0.004274524059	0.002063493945	0.002797017594	0.003093712163	0.004069431692	0.002500667909	0.0005512772547	0.003301236139	0.005175597616	0.003065404941	0.004112249602	0.003769825927	0.004135476458	0.003409684256	0.003988012286	0.006982749618	0.00827996984	0.003149002809	0.005903562473	0.005054427099	0.004546273157	0.002551992965	0.000643522777	0.003206405726	0.004061493547	0.00217253545	0.003486170772	0.002344428347	0.003042571742	0.002360414954	0.003979663066	0.003804242363	0.006006385609	0.004101831077	0.0076243645	0.005139735454	0.008898414767	0.004825778089	0.001349572964	0.008693818244	0.0002910359121	0.0002750748518	0.000320659965	0.0002758215205	0.00491990596	0.004327100918	0.008742831298	0.006104191084	0.008084616681	0.003447208134	0.009755959743	0.004919208062	0.007660663284	0.004648084865	0.001755191754	0.007543705697	0.005766840808	0.003347451798	0.003995437169	0.003005069927	0.004699624748	0.003961435291	0.008284794737	0.0055236335	0.002322952621	0.001056163505	0.001773431141	0.002118287586	0.001877387634	0.001104028106	0.0001933988144	0.002147991764	0.002292243983	0.001272092439	0.001745565185	0.001714810098	0.002561458124	0.002037189839	0.002210110422	0.004915774315	0.011302032	0.003878271723	0.005765056003	0.007383919749	0.00713585619	0.003296244025	0.0006339623981	0.004878723057	0.004723419444	0.002659872082	0.003386089292	0.003300258386	0.007670522098	0.004281842109	0.00637021998	0.009093555421	0.005033341546	0.00412707266	0.005245748479	0.005101752891	0.00531894524	0.003963280481	0.0004847459352	0.005448561358	0.0002662704314	0.0001628899067	0.0001982620316	0.0002106848342	0.004704460096	0.005702197643	0.006368792833	0.00696935603	0.009329476033	0.004306692359	0.009741619755	0.006589168103	0.007306784108	0.004851236822	0.0007973481485	0.00639054493	0.005519219677	0.004110479893	0.006345459145	0.004024284361	0.007549751043	0.005753505282	0.009694673684	0.009193185183	0.003378444937	0.001462038926	0.001910890184	0.002703665422	0.001970400728	0.001257558526	0.0001773773703	0.001795711597	0.002815370781	0.001405566152	0.001736449556	0.002191171976	0.00405910142	0.002735795402	0.002822133765	0.00581675033
Pancreas	V7_S9	688661945	0.01071764318	0.00382430744	0.006137700842	0.006542041466	0.004604532054	0.002200867945	0.0004461855374	0.002858627537	0.003899772624	0.001973842188	0.002592162981	0.002156582066	0.003909845781	0.002043465608	0.003579362876	0.003722363372	0.006076280286	0.003691088231	0.005961084433	0.005514955527	0.005813422724	0.003523895894	0.0007637811321	0.005163683032	0.0002439513338	0.0001768879504	0.0002125774497	0.0002793054	0.003616799241	0.003375117526	0.005241162266	0.005326841459	0.006033007966	0.002600342611	0.00505085554	0.003602101173	0.004050226704	0.002792914599	0.0005428744868	0.003354203055	0.003244862035	0.002329765731	0.002429193325	0.001920078508	0.003207283365	0.002373798947	0.004178903773	0.003580910805	0.00307666485	0.001342015494	0.001732885066	0.002620378566	0.001696441931	0.001139759509	0.0001758206634	0.001720333189	0.001876462043	0.00106367283	0.001348564425	0.001564576071	0.002252289402	0.001718319138	0.001520478963	0.004294583172	0.01006193104	0.003381762296	0.006759914692	0.005301524248	0.006730008872	0.003684704837	0.001087384028	0.004598890679	0.005884450316	0.003934914684	0.005772135413	0.003932858523	0.005169004946	0.003850455248	0.006296690316	0.006950079113	0.01109545265	0.007729811468	0.01327449421	0.009463227999	0.01629426612	0.006322389427	0.002506559296	0.009677622015	0.0005678330316	0.0004400039848	0.000519633766	0.0004519024207	0.007310987686	0.008486981229	0.01406165546	0.01011041056	0.001064774967	0.0005202886592	0.001669990637	0.0008637096972	0.000766595285	0.001089479396	0.0002301419458	0.0008065524805	0.0006518219908	0.000843468997	0.001021348726	0.00057537955	0.0008753351399	0.0008266247382	0.001934356922	0.001087286738	0.00419260861	0.002024608751	0.002675794725	0.003075272295	0.004001538084	0.002473561974	0.0005212789854	0.003280113002	0.00494187609	0.002867203589	0.003838353519	0.003629435339	0.00416027925	0.00339493712	0.003870543478	0.007055027558	0.008663951948	0.003199617775	0.005936371292	0.005242222292	0.004599449734	0.002525038609	0.0006273353757	0.003273410149	0.004120157968	0.002172905024	0.003491403899	0.002352337038	0.003180451622	0.002414418296	0.003996365735	0.004035087201	0.006081035885	0.004069045807	0.007523238416	0.005193305694	0.00885046436	0.004745727601	0.001303129941	0.008667993118	0.00028662394	0.0002637694755	0.0003130186031	0.0002735217204	0.005024730966	0.004340997817	0.008716734014	0.006296854402	0.008008338547	0.003342748959	0.009405163226	0.004882068807	0.007513269809	0.004467569353	0.001674182824	0.007382121282	0.005618200669	0.003201599879	0.003814861586	0.002903661244	0.004678918333	0.003831621624	0.007974696496	0.005495513477	0.00235230364	0.001061047449	0.001738851709	0.002168081177	0.001915109452	0.001120949118	0.0001901194061	0.0022142722	0.002282282347	0.001247612136	0.001720783337	0.001718943538	0.00263290721	0.00207338014	0.002224966852	0.005099176781	0.01163772161	0.003930472737	0.005772711893	0.007597489651	0.007204826746	0.003314312656	0.0006172767395	0.004932499937	0.004722180489	0.002608878003	0.003312143232	0.003268677784	0.007938325966	0.004323106601	0.006376110996	0.009322736717	0.005125362343	0.004114030143	0.005171718905	0.005182362734	0.005357508175	0.003967460406	0.0004644499414	0.00544614673	0.0002613023724	0.0001573544186	0.0001870598498	0.0002078784824	0.004814847145	0.005716587113	0.006280958359	0.007062276397	0.009320623924	0.004213955804	0.009456880908	0.006522367081	0.007158783836	0.00472614615	0.0007470196426	0.00625510823	0.005373261913	0.003913995858	0.006038194836	0.003863762212	0.007542292757	0.005611682231	0.009392336903	0.009087219129	0.003285140142	0.001412812204	0.001769657825	0.002644245138	0.001979959848	0.001265490283	0.0001702359203	0.001808373483	0.002713788694	0.001343180071	0.001607817897	0.002102282565	0.004065206478	0.002723554007	0.002719990575	0.005867585728
Pancreas	V8_S1	510749239	0.009853420457	0.003613023494	0.006515267662	0.005898526654	0.004676980047	0.002061494995	0.0005203669036	0.002580655827	0.004492502044	0.002226949965	0.003084642873	0.00230644886	0.003952011762	0.001983611375	0.003873360641	0.003359670204	0.006601603571	0.003860328806	0.006606754827	0.00552065825	0.005892126253	0.003345079874	0.0008471534893	0.004854671942	0.0003415335485	0.0002460013455	0.0002957478709	0.0003650969708	0.003575410124	0.003236200612	0.0054790018	0.004838883372	0.006981754896	0.002929836964	0.006204858976	0.003825989058	0.004565085607	0.002980815014	0.0006800871611	0.003463221998	0.004139839746	0.002889921095	0.003078144577	0.002264116932	0.003595231984	0.00256520206	0.004964377441	0.003635071495	0.004561821775	0.001919251024	0.002753047665	0.003708657508	0.002364391188	0.001432630622	0.0002823773175	0.002175261195	0.00286420789	0.001651930019	0.002193344433	0.002329718596	0.002965660806	0.002150650292	0.002124553337	0.004966074947	0.008114847137	0.002770149991	0.005739507328	0.004231616682	0.005421220021	0.002988570287	0.0009668776031	0.00368406031	0.00513308058	0.003360888023	0.005050709434	0.003362618813	0.004078337941	0.003164272948	0.00518486333	0.005452990993	0.008901965295	0.00626782138	0.01074083049	0.007676547904	0.01289749939	0.005002865995	0.002076128399	0.007837464443	0.0005169268593	0.0003989100413	0.00047113335	0.0004072898873	0.00570402612	0.006864180565	0.01122915623	0.008168679817	0.0009041756007	0.0004460094751	0.001459264044	0.0007324944835	0.0006323396597	0.0008848588808	0.0002137017379	0.0006577004415	0.0005648407829	0.0007536594685	0.0009054404093	0.0005055063822	0.0007183348931	0.0006958698572	0.001716544897	0.0008849509025	0.004053235604	0.001896090931	0.00266842101	0.002861177048	0.003681021637	0.002264608367	0.000544543151	0.002997024534	0.004747964	0.002834524047	0.003894047897	0.003436334048	0.003603110606	0.002999462129	0.003486732557	0.005957109219	0.008103109479	0.003116302245	0.006338613458	0.004859026329	0.004915660775	0.002453309578	0.0007653148946	0.003109733464	0.004695102443	0.00242378041	0.004152076671	0.002552103656	0.003354342736	0.002456996319	0.004606139022	0.003849419343	0.006482464872	0.004156967525	0.008181049879	0.005177311679	0.009244469966	0.004535482039	0.00145689106	0.008158792381	0.0003696177803	0.0003260778231	0.0004055865074	0.000340779754	0.005209239284	0.004344210095	0.009461390504	0.006202689614	0.007706286568	0.003269418479	0.009708229834	0.004549232427	0.007895071969	0.00446785394	0.001968414093	0.007218011734	0.005991159196	0.003409608604	0.004184830513	0.002940431204	0.004809976819	0.003805832396	0.009127244143	0.005279156177	0.003034097521	0.001329415588	0.002375874318	0.002586883933	0.002463304698	0.001302474775	0.0002734982049	0.002607322534	0.00324939887	0.001774636026	0.002548683191	0.002362865978	0.003232819305	0.002450147557	0.002927988699	0.005655689288	0.01039339385	0.003805738416	0.006094664	0.006963610963	0.006981604137	0.003108899395	0.0006961557117	0.004489537771	0.005114637087	0.002791594957	0.003659598208	0.003400809766	0.007748027208	0.004241862414	0.006648346665	0.00872675407	0.005416430978	0.004277760657	0.005786673331	0.005255553597	0.005465298403	0.003913493839	0.0005193762021	0.005324152818	0.0003437694794	0.0001914031241	0.0002527091382	0.0002620698961	0.004899045968	0.005764772172	0.006612561982	0.006907487531	0.009720108462	0.004274034758	0.01022882973	0.006447424193	0.007110473639	0.004595830636	0.0008447472205	0.00602987291	0.00583528427	0.00418920448	0.006506656782	0.004113862223	0.007451838807	0.005571307371	0.009918188052	0.008798092404	0.004388869975	0.001863842229	0.002666185079	0.00336234079	0.002501425166	0.001539123194	0.0002489225442	0.002183441335	0.003510348843	0.001783959584	0.002322963814	0.002706610004	0.004245964231	0.002980329453	0.003302832136	0.005809925446
Pancreas	V8_S2	546554413	0.01031965503	0.003477779988	0.006850840302	0.005706504102	0.004585226906	0.001991285724	0.000525003537	0.002282224734	0.004814887479	0.002257639808	0.003396203481	0.002308441703	0.003759698854	0.001764797753	0.003872540317	0.002861945605	0.006424482021	0.003716076481	0.006655097669	0.004982784761	0.005714550877	0.003249411143	0.0007674606407	0.004254934083	0.0003814386913	0.0002486083668	0.0003402954867	0.0003816710561	0.003334195016	0.002812276259	0.00506532732	0.003779936546	0.007345576039	0.002969499397	0.006801116067	0.003695966864	0.004641629341	0.00301820452	0.0007319966512	0.003250772398	0.004647992843	0.003095433794	0.003399666997	0.0023368762	0.003511520453	0.002369807963	0.005212172717	0.003100812947	0.004765276683	0.001973439376	0.003095666158	0.003602051238	0.002407571815	0.001409791929	0.0003024877232	0.001879390186	0.003089264234	0.001740739764	0.002600773073	0.002447776412	0.002795858864	0.00185917262	0.002131959732	0.004210837833	0.008178702602	0.002760951086	0.005987336159	0.004112721344	0.005427232732	0.003089297168	0.00103846202	0.003551523789	0.005317794406	0.003534573967	0.005636340915	0.003445942353	0.003856346138	0.003035597116	0.005249270579	0.004962750159	0.008640351057	0.006287527679	0.01108455783	0.007410184428	0.01261797149	0.004902503641	0.002246188066	0.007410702217	0.0005790585392	0.0004332359128	0.0005665218186	0.0004424170663	0.005345509853	0.006411292118	0.01118625677	0.007359642342	0.0009573319464	0.0004599011444	0.001618828755	0.0007338244655	0.0006465230023	0.000934874896	0.0002498452062	0.000665298809	0.0005852482249	0.0008029831789	0.0009921336048	0.0005213424194	0.0006875857025	0.0007048465639	0.001794319059	0.0008320104809	0.004207506051	0.002036369982	0.002899877784	0.002814491958	0.00382581121	0.002334054889	0.0006317705827	0.002916168934	0.005009989737	0.002991744209	0.00438183819	0.00354684539	0.003419520464	0.002834967504	0.00360183351	0.005406199145	0.008381500343	0.003059547156	0.006790795046	0.004755786319	0.004882555033	0.002380485765	0.0008159498659	0.002801358773	0.005038517546	0.002426133553	0.004638652511	0.002519882682	0.003211405778	0.002225359399	0.004731424609	0.003253895601	0.006361990531	0.00412605213	0.008491017344	0.004825869003	0.009470209876	0.00445697984	0.001667791858	0.007599038451	0.0003775671646	0.0003342174094	0.0004381356994	0.0003484959511	0.004925024729	0.003885095335	0.009246590787	0.005263437512	0.007869624502	0.003172103196	0.01058063911	0.004342910685	0.008027762462	0.004402719917	0.002275961863	0.006650422929	0.00625971892	0.003365196504	0.004250767983	0.002796508387	0.0046646609	0.003525085434	0.009609923322	0.004640264427	0.003094004842	0.001294983598	0.002587131247	0.002427357585	0.002455576184	0.001241510422	0.000287707859	0.002262982368	0.003445267214	0.001817350618	0.002840529622	0.002417878199	0.003068538027	0.002157578407	0.002912617595	0.004801534738	0.01000313943	0.003725171642	0.006417207357	0.006924093759	0.006885308966	0.003121711141	0.0007538005187	0.004566540752	0.005234596834	0.002907006077	0.003970547028	0.003488249211	0.007433894784	0.004114382661	0.006790372398	0.00851518877	0.005305469924	0.004299368817	0.006102256099	0.005109341236	0.005379089309	0.003909819314	0.0005679818745	0.005162375297	0.0003969998134	0.0002091136715	0.0003118518412	0.0002881945443	0.004720239996	0.005627040834	0.006706261834	0.006466410143	0.01028685867	0.004368518382	0.0113081202	0.006616627574	0.007275700105	0.004665798938	0.000966862562	0.006037942283	0.006360839685	0.004397792686	0.007179201021	0.004394210243	0.007586216306	0.005556989254	0.01055003283	0.008816845835	0.00458561479	0.001965398091	0.003293467141	0.003495415927	0.00259693082	0.001581304586	0.0002889794616	0.002212478705	0.003809754254	0.001908472377	0.002891071707	0.002871333508	0.003953280677	0.002857367835	0.003508614978	0.00564237508
Pancreas	V8_S3	818379641	0.01026866087	0.003349125348	0.006642062837	0.005456474937	0.004461502727	0.001929417499	0.0005426821218	0.002322756951	0.004748770381	0.00225227988	0.003379612421	0.002295240382	0.003704763472	0.001820416742	0.003712883175	0.003098783099	0.006001519043	0.003465680056	0.006187453532	0.004783842124	0.00535559755	0.003108920203	0.0008561833224	0.004286721986	0.0003793899365	0.0002766405573	0.0003551224706	0.0003835884769	0.003186921899	0.002852657719	0.004992537443	0.00413145786	0.007517010067	0.003022922219	0.006914531736	0.003877448608	0.004618729268	0.003131142164	0.0007983531936	0.003431921885	0.00476872689	0.00329769445	0.0036401712	0.002565254431	0.003487968	0.002490066832	0.0051707408	0.003536670336	0.004883396165	0.002050094988	0.003283302596	0.003756872539	0.002504678632	0.001539020446	0.0003367556892	0.002164279158	0.003163251956	0.001887857325	0.002821490033	0.002600405598	0.002810734633	0.002042514154	0.002202158888	0.00460638292	0.008046484382	0.002636518422	0.005902721375	0.003861793282	0.005112068764	0.002910963177	0.001056705173	0.003388472612	0.005345256383	0.003608641823	0.005839399908	0.00341978082	0.003613992641	0.002917196226	0.004962040594	0.004885774034	0.007842374955	0.005694181241	0.01025926181	0.006576501577	0.01164839095	0.004645367272	0.002222480752	0.006839184065	0.0005945956811	0.0004868290706	0.0006101129292	0.0004460313792	0.004711267005	0.006127847943	0.01039473806	0.006740568464	0.0009218350044	0.0004516363574	0.00157489866	0.0007110184209	0.0006289024973	0.0009447497974	0.0002522777812	0.0006563371974	0.0005805361915	0.0008016756126	0.001004069455	0.0005042012036	0.0006438319987	0.0006843254303	0.001659836012	0.0008172148554	0.004187357344	0.002043042026	0.003047063826	0.002807925423	0.003937552743	0.00250728378	0.0006831731534	0.003053444728	0.005109771542	0.003239250914	0.004902604854	0.003704311359	0.003296041183	0.002874954217	0.003665121723	0.005380103291	0.008396870665	0.002978112942	0.006526809481	0.004645402707	0.00481273947	0.002395880716	0.0008296345192	0.002961326111	0.005008763408	0.002492073236	0.004760008442	0.0025511815	0.003189238673	0.00236330537	0.004565120896	0.003663473344	0.00601291351	0.003914956873	0.008042492347	0.004623855251	0.008853325079	0.00445608226	0.00159672105	0.007668288268	0.0003972117386	0.0003647695825	0.0004974207319	0.0003599784076	0.004637884192	0.003983035301	0.008991972223	0.005442790579	0.007443239903	0.003084803035	0.01004027909	0.00425661982	0.007788902217	0.004508006816	0.002322692189	0.006939204882	0.005997712741	0.003413782382	0.004296154039	0.002837079375	0.004414561188	0.003575587482	0.009192260686	0.004844458246	0.003036070151	0.001274913192	0.002561637527	0.002394948386	0.002495388323	0.001350820505	0.0003083581108	0.00249734585	0.003367036351	0.00187676834	0.002996641017	0.002416380981	0.00295533867	0.002285182703	0.002906058363	0.005095191511	0.01105097872	0.003697442908	0.006414318902	0.006890142078	0.006899470267	0.003100685639	0.0007680701822	0.004522002766	0.005427058272	0.002919941895	0.004101396017	0.003501934624	0.007353087367	0.004013711773	0.006574326548	0.008421204114	0.005562558954	0.004250814446	0.006337498809	0.005012220239	0.005418099104	0.004045286361	0.0006286654435	0.005107321579	0.000424707535	0.0002361544573	0.0003670716926	0.0002981538002	0.004594487462	0.005531573335	0.006694006944	0.006270554328	0.01070156998	0.004489743899	0.01164874653	0.006677133357	0.007408292797	0.004956169236	0.001032074795	0.00618520763	0.006627108897	0.004666658124	0.007785413616	0.004574282903	0.007533143166	0.005672969814	0.01043118447	0.008911406925	0.005135363576	0.002097937087	0.003595025893	0.003646884466	0.002997612449	0.00174232218	0.0003300558646	0.002417106806	0.004188630592	0.002080938863	0.003329348463	0.003037694091	0.004367872587	0.002956858747	0.003724175001	0.005722951507
Pancreas	V8_S4	764505487	0.01002998687	0.00331303443	0.006579022761	0.005476678809	0.004295065315	0.001829827285	0.0005105169376	0.002272513448	0.004698909375	0.002256143389	0.003314375165	0.002349980518	0.003501976174	0.001715659367	0.003502954584	0.002985730042	0.005805292539	0.003394013574	0.006001550124	0.004615085254	0.005178873229	0.00297886809	0.0007768799703	0.00408341739	0.0003764773503	0.0002826977748	0.0003585873544	0.0003973012688	0.003006007202	0.002737352492	0.004784636686	0.003932751368	0.007473767157	0.002997215898	0.006864923914	0.0037937661	0.004453325788	0.002953919937	0.0007439763477	0.00327419102	0.004749038511	0.003275457198	0.003599573903	0.002518710503	0.003353905294	0.002406452316	0.004899818332	0.003373707637	0.004889463926	0.002090448044	0.00327075612	0.003886575114	0.002450540947	0.001465259595	0.0003146635362	0.002114084238	0.003102264196	0.001895287901	0.002697626158	0.002667982159	0.002710051184	0.001962290691	0.002142485604	0.004544329713	0.008358403057	0.002715644342	0.006078776515	0.004020816138	0.005288698471	0.002913466336	0.0010555006	0.003473358982	0.005685960499	0.003708507065	0.006017085656	0.003620965509	0.00368804024	0.002905368291	0.005002445457	0.004896794155	0.00801602095	0.005806756231	0.01034238097	0.006784777988	0.01163692629	0.004708094397	0.002146724946	0.00698930497	0.000613911879	0.0004942907624	0.0006426821107	0.0004790573858	0.00476791215	0.006083859539	0.01029954413	0.006868125984	0.0009092753575	0.0004453244689	0.001544243985	0.0007007484042	0.0006397521121	0.0009233471989	0.0002549399623	0.0006635949756	0.0006005960818	0.0007809152585	0.001026128672	0.0005179204162	0.0006613111464	0.0006782881337	0.001696581675	0.0008312445245	0.004375238709	0.002095117729	0.003184616777	0.002989907906	0.004091659319	0.002525775201	0.000688997017	0.003170139445	0.005329769464	0.003356259757	0.005120150302	0.004073021127	0.003390691165	0.002942711384	0.003706624803	0.005584785293	0.008080244164	0.002903149863	0.00637624593	0.004490298707	0.004596054652	0.002263043274	0.0007858975641	0.002827860672	0.004975310269	0.00248399656	0.004663254955	0.002578647287	0.002980953098	0.002194098052	0.004281047103	0.003432935466	0.005912054363	0.003856677356	0.007934849525	0.004569449218	0.008626308264	0.004360303564	0.001528012578	0.007469890141	0.0004032907615	0.0003749417171	0.0005005470942	0.0003802955047	0.004500323488	0.00391132837	0.008783289478	0.005302426299	0.007441193159	0.003114313815	0.01000673917	0.004210487766	0.007534620873	0.004365932039	0.002172790161	0.006723973977	0.006158658218	0.003473552571	0.004464938523	0.002931808912	0.004300198044	0.00352180991	0.008908783672	0.004769150859	0.003090512809	0.001305265975	0.002654619273	0.002462263557	0.002484889948	0.001295586516	0.0002965930315	0.002429137569	0.003403223449	0.001933720588	0.0030500579	0.002538043262	0.002910803176	0.002208595005	0.002861509874	0.005064518262	0.01179426198	0.003708620864	0.006563542166	0.007023555869	0.00678706705	0.002945794423	0.0007511430719	0.004361654765	0.005671375907	0.002969629438	0.004192376712	0.003647527778	0.007248868836	0.003893577025	0.006391731757	0.008288139337	0.005601173664	0.004242603951	0.006322581175	0.005014382585	0.005321638718	0.003870092564	0.0006090904616	0.00503203321	0.0004462754104	0.0002489792464	0.0003975144785	0.0003291905739	0.004446962197	0.005357468415	0.006477653966	0.006237655689	0.01063406233	0.004432129079	0.01152480414	0.00661820626	0.007199861994	0.00469754771	0.0009938005847	0.00596465961	0.006790555579	0.004672781374	0.0079549501	0.004738661869	0.00746009819	0.005557567699	0.01035474844	0.009164733438	0.005849045005	0.002319431358	0.003993694031	0.004150350853	0.003325333883	0.001871685716	0.0003513068311	0.002711513567	0.004522539156	0.002248684972	0.003659145745	0.003551703743	0.00482107462	0.003149438481	0.003993416727	0.006225081547
Pancreas	V8_S6	407577599	0.01032447566	0.003721828687	0.006359402495	0.006088030859	0.004870728923	0.002089243869	0.0004934716738	0.00263388126	0.004356424407	0.002134172737	0.002815692037	0.002244409414	0.004159664329	0.002039918293	0.003939298931	0.003459618496	0.006849988829	0.003865941121	0.006517814047	0.005582662064	0.005849089856	0.003252369618	0.0007486427143	0.004697017218	0.0003020112006	0.0002132281073	0.0002516845878	0.0003247676033	0.003643779746	0.003187002925	0.005337513655	0.004779379448	0.006874205076	0.002878119413	0.005854737861	0.003743554611	0.004527542742	0.002936974463	0.0006213246278	0.003395777892	0.003810911109	0.002664788258	0.00274674075	0.002092995302	0.003660458778	0.002578731026	0.004909111798	0.003639716716	0.004455701207	0.001858720896	0.002529356379	0.00355671657	0.002253914352	0.001348781192	0.0002501560445	0.002000132004	0.002647451682	0.001505490001	0.001910436201	0.002185127451	0.002910640827	0.002064024132	0.002013518412	0.004879492899	0.008080179107	0.002686254109	0.005288183171	0.004238746203	0.005257506804	0.002805070747	0.000853378598	0.003585582239	0.004805224833	0.003073748418	0.004460605795	0.003239731534	0.004187786581	0.003088965152	0.005011134088	0.00557531377	0.008596412091	0.005895964366	0.009871496888	0.007409649125	0.01221085755	0.00462268536	0.001806424106	0.007353200979	0.0004375706625	0.0003295249796	0.000380528764	0.0003519943205	0.005616363622	0.006440390754	0.01037228005	0.007995579266	0.0009202198573	0.0004329016129	0.0013880228	0.0007331781745	0.0006214571179	0.0008561020057	0.0001958694496	0.0006514072428	0.0005406945832	0.0006930606606	0.0008414593953	0.0004884542244	0.0007483262101	0.0006871354085	0.00165879823	0.0009246263802	0.00382411105	0.00175291037	0.002356626081	0.002714994648	0.003420531461	0.002001476534	0.0004632639293	0.002769943694	0.004348533885	0.002477030147	0.003260723855	0.003209055167	0.003553414132	0.002860576741	0.003252504562	0.005999080926	0.008634355786	0.003213066673	0.006283495477	0.005158217736	0.005173319155	0.00252452049	0.0007284330658	0.003249673199	0.004645377971	0.002396036981	0.003877843149	0.002559851186	0.003570318888	0.002493795053	0.004635328351	0.004001979019	0.00682317185	0.004243942759	0.008207300912	0.005372613719	0.009536694385	0.00447128597	0.001418689352	0.008411855824	0.0003441872182	0.0002948052108	0.0003600909382	0.0003162661548	0.005493388266	0.004352385912	0.009553554978	0.006460038546	0.007884218877	0.003216401007	0.009481335602	0.004605451832	0.00807496783	0.004438951023	0.001958444237	0.007264403165	0.005863869864	0.003313727259	0.003957930966	0.002928060823	0.00509540025	0.003852728913	0.009234234191	0.005491138388	0.003135218921	0.001345856596	0.002278145321	0.002643678167	0.00248524208	0.00128172157	0.0002522758862	0.002592743082	0.003170429393	0.001665952696	0.00231082376	0.002317036074	0.003381270225	0.002481348343	0.002890887534	0.005909171667	0.01185065865	0.004035663403	0.006124490173	0.007626118333	0.007591570311	0.003280953132	0.0007063415671	0.004885354359	0.005187306675	0.00280275217	0.003531491926	0.003548023747	0.008754524313	0.004632124054	0.007058945357	0.009775728621	0.005730786004	0.004274889013	0.005603428661	0.005459276971	0.005605779134	0.003876932893	0.0004824332851	0.005358923075	0.0003226109588	0.000176832584	0.0002173205795	0.000244652798	0.005284497983	0.006036649232	0.006739254087	0.007403660082	0.01007788949	0.004317644062	0.009980025914	0.006663246475	0.007434876223	0.004638130272	0.0008329039693	0.006224161991	0.005692923276	0.004036578566	0.00615869961	0.004061827745	0.008255495415	0.005934239286	0.01036396507	0.00966102163	0.004560412556	0.001846313443	0.002477334384	0.003401185451	0.002547662096	0.001494481055	0.0002348779723	0.002154114952	0.00359154184	0.001768281676	0.00215823932	0.002754439897	0.004805595314	0.003204258534	0.003346785994	0.006488592618
Pancreas	V8_S7	588747396	0.01051720151	0.003573605615	0.006598018142	0.006036887847	0.004669678403	0.00202548157	0.0005148455892	0.002540654974	0.004560414226	0.002185844063	0.003081209382	0.002319636587	0.004015898866	0.001933596663	0.003826309917	0.003383057001	0.006556428149	0.003703061814	0.006481632065	0.005372465376	0.005748314172	0.003267611905	0.0008463188175	0.004676599877	0.0003356498922	0.0002316851012	0.0002962594844	0.0003595820575	0.00352255316	0.003115911871	0.005314944951	0.004697175765	0.007113718088	0.002877340964	0.006214807955	0.003799904705	0.004522442083	0.002939802387	0.0006802340065	0.003387505429	0.004184601098	0.00285195996	0.003088315995	0.002262832938	0.003602562006	0.002518523241	0.004965543831	0.00361374507	0.004630665067	0.001904811822	0.002821653244	0.003734795287	0.002320947845	0.001404578612	0.0002783536728	0.002106484051	0.002803322802	0.001609579943	0.002200957505	0.002344594659	0.002898232776	0.002041751706	0.002080007501	0.004847522077	0.008634715048	0.002827193821	0.006002975171	0.004429147403	0.005553393564	0.00302636243	0.00100437302	0.003728779125	0.005438527664	0.003480937689	0.005411096544	0.003564073513	0.004238731274	0.003201320316	0.00536007806	0.005624004492	0.009003905641	0.006171346191	0.01087271561	0.007654384598	0.01280160397	0.00497475661	0.002175710685	0.007739582427	0.0005561655172	0.0004203177826	0.000535266911	0.0004358354733	0.005689655738	0.006754555565	0.01127593777	0.008117576455	0.0009260559006	0.0004595502279	0.001533864958	0.0007479047941	0.000646520057	0.0009085475429	0.0002306184298	0.0006714594454	0.0005911533577	0.0007596619587	0.0009834081712	0.0005269305684	0.0007377289529	0.0007190672993	0.001807749821	0.0009104091222	0.004132169444	0.001914089145	0.002757692027	0.002905719858	0.003728926896	0.002275422378	0.0005631294546	0.003046982479	0.004879754916	0.002854679293	0.004144840413	0.003610305565	0.003609661825	0.002950265278	0.00352849119	0.005975460824	0.00831564782	0.003063921832	0.006281999759	0.004882421595	0.004834462147	0.002404543968	0.0007568627955	0.003036258015	0.004638182722	0.002378712856	0.004134550771	0.002519820911	0.003350362164	0.002377471237	0.004520893032	0.003809044448	0.006231798263	0.004043654403	0.007923588336	0.005022860432	0.009021417396	0.004479112804	0.001481720354	0.007918936086	0.0003505527182	0.0003126672003	0.000396443367	0.0003376983089	0.005014372921	0.004140645065	0.008971426517	0.005949906571	0.007625254957	0.003265626333	0.009741165802	0.004584195222	0.007913845618	0.004518491323	0.002080996041	0.007142244753	0.006128303963	0.003518269489	0.004347012008	0.00307503186	0.004937020562	0.003892774755	0.009370551849	0.005448654248	0.002992777568	0.001288095718	0.002339838799	0.00255500578	0.002391541788	0.001254792811	0.000259568027	0.002493137142	0.003110537749	0.001695132763	0.002481994842	0.002333499918	0.00316540848	0.002337630721	0.002831465602	0.005497682065	0.01083739825	0.003784859203	0.006171653624	0.007167950175	0.007001807614	0.003092747437	0.0006977746361	0.00453033681	0.0052164477	0.002767961287	0.003710246559	0.003484025601	0.007879540583	0.0042200934	0.006643061229	0.008961660019	0.005397853174	0.004129783022	0.005660176202	0.005158776108	0.005331230374	0.003811364628	0.0005088039489	0.005179180444	0.000332084696	0.0001855736446	0.0002464282662	0.0002602525311	0.004781081019	0.005607533931	0.006391649501	0.006757285089	0.00990879287	0.004253843018	0.01026091332	0.006532932504	0.007095202507	0.004558795535	0.0008491621422	0.006004102989	0.005924999454	0.004123656455	0.006600389278	0.004222416977	0.007619670219	0.005566490862	0.009937283867	0.00898308177	0.004326359687	0.001793426191	0.002639936942	0.003307668133	0.00244892633	0.001479507181	0.000234744138	0.002116518915	0.003438602045	0.001702500948	0.002294996138	0.002682012712	0.004102903922	0.002882450116	0.003200542394	0.005777163556
Pancreas	V8_S8	1095071238	0.01216794537	0.003287161488	0.006488692017	0.005689110246	0.004192193933	0.001541148139	0.0005255731134	0.001998943013	0.005535860855	0.002597793551	0.003530810477	0.002392621511	0.003564673114	0.001590880063	0.003266374712	0.003080619674	0.006032052318	0.00292278428	0.005026588964	0.003727064376	0.004634960561	0.002454628436	0.0006967272754	0.003169162772	0.0005531156138	0.0004461517964	0.000536807999	0.0004928464754	0.002803897037	0.002384293286	0.004149579354	0.003432552029	0.009968384358	0.004050128289	0.008067338173	0.00449330585	0.005311484585	0.003370088513	0.0009602708605	0.003792799825	0.006664352735	0.005303545375	0.004600025848	0.003410431094	0.003412216366	0.002603911874	0.004898358037	0.003695911151	0.004928649217	0.002361602524	0.003090530445	0.003863017175	0.002531496494	0.001484021261	0.0003548006618	0.001981287541	0.003529937474	0.002433320233	0.003087690447	0.002861394667	0.002507539149	0.001785148703	0.001997204313	0.004353518597	0.007901909666	0.00227695415	0.005051504238	0.003307508109	0.004224175414	0.002107520424	0.001017850676	0.002492722761	0.00545390089	0.003742611309	0.005506889224	0.003189553226	0.002807593601	0.002101127233	0.003919695679	0.003905483818	0.005835601172	0.003808405203	0.007304327538	0.004359888046	0.007874506882	0.002945417511	0.001632226231	0.004245683604	0.0006950917653	0.0005691702771	0.0007888646601	0.0005022257739	0.003182737231	0.003869387537	0.007085630351	0.004472200374	0.0008126119737	0.0003735528665	0.001310273661	0.000535967871	0.0005163755383	0.0007064764128	0.0002722325175	0.0005084071069	0.0006150366996	0.0007201887627	0.001100568582	0.0004824928111	0.0004691037278	0.0004815659308	0.001268206078	0.0005894502363	0.003680399832	0.001869363315	0.002643796038	0.002356804663	0.003431005098	0.001955517528	0.0006671876446	0.002464211374	0.004618287673	0.003127414803	0.004562521438	0.003491962776	0.002414486755	0.002066203477	0.002973417516	0.004168971699	0.00968759258	0.002953351241	0.006853436324	0.004725154694	0.00442911094	0.001860720042	0.0008514368451	0.002466855038	0.006385276827	0.003143084103	0.006051260201	0.002912815066	0.002839413448	0.001857856301	0.003910875248	0.003343409883	0.00556573745	0.003324799222	0.006801191321	0.003858854888	0.007961889325	0.003853278996	0.001604255448	0.00623249042	0.0005683876796	0.0005521869071	0.0007569014428	0.0005621625139	0.004297049212	0.003633505166	0.007833377138	0.004808023275	0.008080998471	0.003108986778	0.01017963911	0.004019040814	0.007237422302	0.004065317256	0.002401094019	0.006108090294	0.006611912311	0.003938186714	0.00477903612	0.003088519616	0.003759959952	0.003062631803	0.007863648228	0.004348057765	0.003694226329	0.001538730944	0.003098527185	0.002709147037	0.002725260144	0.001391109498	0.0003491818493	0.002439028537	0.003951904543	0.002624877634	0.004061601516	0.002942934567	0.002657566831	0.002049104133	0.002796976027	0.004954112401	0.01348223886	0.003846967991	0.007466290517	0.007667593403	0.006687371329	0.0025702337	0.0008767493535	0.004037273418	0.007146085778	0.003897197599	0.005329805767	0.004263364645	0.006505561239	0.003351312565	0.005793806631	0.0079972578	0.005845577692	0.004017932211	0.006471004583	0.004599246903	0.00520139403	0.003654387825	0.0007777329643	0.004399440724	0.0007433278966	0.0004790044536	0.0007548002096	0.000538483689	0.003879580481	0.004626481661	0.006150499407	0.005485844018	0.01321771634	0.005197004361	0.01353979585	0.007082407729	0.007288428116	0.00470708281	0.001194676615	0.005876071599	0.009224430931	0.006629754073	0.01045299119	0.00634259102	0.007096984863	0.005107032133	0.009559411878	0.008536559701	0.008239424694	0.003682622518	0.006217367203	0.005979959817	0.004894920818	0.002634019505	0.0006054592405	0.003846897676	0.006461623458	0.003956275035	0.006332170693	0.00512651671	0.005261383735	0.003613362184	0.005053575336	0.007275310248
Prostate	V14_S10	440963462	0.01024036998	0.00384241586	0.006294621299	0.006297653296	0.004892273818	0.002182056072	0.0004944582007	0.002776660893	0.004090874087	0.001993829593	0.002613914982	0.002193533214	0.004216328926	0.002084760029	0.003912521442	0.003599996682	0.006965928619	0.00403203928	0.006593734517	0.005987809031	0.006087921634	0.003480354116	0.0008404347116	0.005124850911	0.0002664211667	0.0001808562543	0.0002119926208	0.0003025692863	0.003921275001	0.003463890167	0.005643116073	0.005391464838	0.006325111354	0.002669295988	0.005386190024	0.003608487181	0.004231500251	0.002747241222	0.0005715938433	0.003289673919	0.003385548075	0.002347076548	0.002462253891	0.001929579372	0.003569316135	0.002591117175	0.004646507424	0.003830487434	0.003822015077	0.001603824491	0.002087358884	0.00315847484	0.001953105131	0.001201834269	0.0002180860962	0.001912870504	0.00226491101	0.001224214808	0.001507263203	0.001899263935	0.002782815598	0.001999582904	0.001838970958	0.004957163548	0.008607905931	0.002900834446	0.005627482125	0.004632934871	0.005872559119	0.003121342512	0.0009209810676	0.004094772369	0.004930204399	0.003143321657	0.004530005708	0.003413158072	0.004673455235	0.003453660294	0.005437427829	0.006220506315	0.009931169762	0.006874295177	0.01136628413	0.008704018203	0.01417090199	0.005447195078	0.002118123338	0.008758886694	0.0004591831692	0.0003448358268	0.0003865830498	0.0003917240653	0.006689869466	0.00751378807	0.01197981342	0.009439199296	0.0009416630533	0.0004551919088	0.001432166278	0.0007726173013	0.0006772397846	0.0009122207046	0.0001984404776	0.0007178372525	0.0005648994111	0.0007195584835	0.0008525286841	0.0005150381371	0.0008322911797	0.0007746741611	0.001789411296	0.001082545474	0.003826536993	0.00175958116	0.002291248793	0.002773290999	0.003363775296	0.001987736118	0.0004539423722	0.002878909727	0.004308826385	0.002364980525	0.002957551163	0.003206803107	0.003840594847	0.003039709898	0.003351513509	0.006600317829	0.00843114979	0.003172038322	0.006045144847	0.005170371689	0.004940082768	0.002507121554	0.0006863244375	0.003267520156	0.004211246872	0.002188135941	0.003429168469	0.002445667483	0.003540413514	0.002494862035	0.00446717057	0.004092037449	0.006619840988	0.004215002285	0.007939260963	0.005403443154	0.009237234717	0.004463988901	0.001358525256	0.008440136929	0.0003048325124	0.0002617790587	0.0003017211435	0.0002866609388	0.00546038438	0.004337924034	0.009238268816	0.006603898624	0.007849042604	0.003204866439	0.009335619285	0.004663839926	0.007849872605	0.004385803285	0.00184592845	0.007335403676	0.005696852952	0.003229208591	0.003831553282	0.002948194379	0.005186041922	0.004016033419	0.009028201525	0.005991412504	0.002846072539	0.001241733266	0.001991534618	0.002557524823	0.002231996718	0.00117288856	0.0002263226063	0.002530248186	0.002775622258	0.001419634627	0.001871712899	0.002081118004	0.003590497029	0.002602784809	0.002894747774	0.006812750395	0.01164193509	0.003975996088	0.005856897958	0.007558385869	0.007470877485	0.003266023433	0.0006697334937	0.004915727009	0.004821347307	0.002589010425	0.003249060576	0.003433658637	0.008796354651	0.004651582675	0.006975983874	0.009787271218	0.005419349234	0.004144620037	0.005231859777	0.005366814269	0.005418759616	0.003766670355	0.0004524842015	0.00536912285	0.0002640309459	0.0001479351593	0.0001655171149	0.0002160655206	0.005290345348	0.006027814613	0.006538573484	0.007472598716	0.00943483839	0.004116418153	0.009369873824	0.006443334301	0.007123050481	0.004398314525	0.0007608793674	0.006017657309	0.005213395662	0.003758232014	0.005624168925	0.00385494751	0.00815104495	0.006085721905	0.01004791186	0.01053878019	0.003735193824	0.001519894635	0.001869905493	0.002884683448	0.002043114856	0.001229841125	0.0001796724827	0.001823956108	0.003046392991	0.001404104996	0.001561571557	0.002376044934	0.004643375645	0.003010192713	0.002946588804	0.006384340751
Prostate	V14_S11	480150169	0.01017110545	0.003679088573	0.006218231697	0.005966968638	0.004692871409	0.00212046994	0.0004658938275	0.002562385852	0.004182643535	0.002069196398	0.002758147524	0.002163885524	0.004002187491	0.001937952041	0.003747069388	0.003235768933	0.006639387437	0.003896489309	0.006521784646	0.005492065129	0.005922134748	0.003474775409	0.0007493634767	0.004810747031	0.0002774277895	0.0001957096052	0.0002382817031	0.0003007538252	0.003585848993	0.003155331598	0.005249867985	0.004517805345	0.006357952568	0.002724197729	0.005578658872	0.003515316892	0.004312275896	0.002864918288	0.0006183565459	0.003232349169	0.00363219491	0.002538755745	0.002727511276	0.002001763328	0.003443518521	0.00240706986	0.00467692848	0.00328008007	0.003826030102	0.001590625286	0.002155159087	0.003038226568	0.001947834366	0.001219458073	0.0002087659371	0.001745226919	0.002329660744	0.001285191675	0.001662800623	0.001890789712	0.002628029899	0.001857862514	0.001775315422	0.004391419885	0.008608604697	0.002890833097	0.005828524451	0.004475878879	0.005914670416	0.003250851714	0.0009706067603	0.00401509387	0.005161830944	0.003363029119	0.004988506002	0.0033831749	0.004486421414	0.003340929783	0.005425190218	0.005755178647	0.009999396668	0.007059518498	0.01187790272	0.008586976047	0.01477570864	0.005862378443	0.002347034475	0.008959980185	0.0005117378184	0.0004024782505	0.0004732686036	0.0004041360652	0.006560714134	0.007680272211	0.01245808371	0.009055660668	0.0009707150598	0.0004795874601	0.00155901226	0.000795480299	0.0007138766622	0.001003144497	0.000231698346	0.0007570110842	0.0006084367326	0.000781220177	0.0009710607849	0.0005334518585	0.0008073599158	0.0007616492165	0.001879893122	0.000973966126	0.003816993346	0.001789398516	0.002369517025	0.002685522329	0.003495637632	0.002138343515	0.0004916024511	0.002853042836	0.0045080938	0.00258151945	0.003398253516	0.003225045205	0.0036855553	0.002972509628	0.003381383794	0.006094639113	0.008331949582	0.00313608137	0.006157963052	0.004965348664	0.004912348578	0.002570452079	0.0007192062448	0.003149529247	0.004432109239	0.002311774673	0.00379054537	0.002481134189	0.003399490629	0.002409946043	0.004501277183	0.003757972227	0.006605962478	0.004353931613	0.008375508871	0.005311823602	0.009620300686	0.004876328597	0.001500897108	0.008720769606	0.0003347327782	0.0003097614238	0.0003703570497	0.0003130999627	0.005391434112	0.004436509945	0.009625382429	0.006223738307	0.00799402197	0.003384364111	0.009997078643	0.0047295516	0.008278197649	0.004807752135	0.002034925869	0.007621392715	0.00620211174	0.003588069132	0.004366425621	0.003145176442	0.005126102538	0.004031813639	0.009564832622	0.005532019296	0.002795088051	0.001215107351	0.002084229195	0.002419447238	0.002249904446	0.001228234494	0.0002349140067	0.002395515141	0.002878928488	0.00154079296	0.002109871172	0.00213224334	0.003136718671	0.002328434045	0.00269495896	0.005500691597	0.01143375209	0.003865496921	0.005801574549	0.007317065008	0.00730133243	0.003274338116	0.0006661291001	0.004781295828	0.004879479695	0.002621009178	0.003354917074	0.003309797856	0.008423298087	0.00442249558	0.006682975884	0.009301460852	0.005406419007	0.004247800234	0.005364350918	0.005295566188	0.005593306372	0.004081718859	0.0004994458307	0.005572935662	0.0002845401477	0.0001660501342	0.0001947557369	0.0002194979963	0.005167847811	0.006086252153	0.00660581669	0.007308913391	0.009474981566	0.004192686226	0.009708952117	0.006419277132	0.007273278706	0.004695020736	0.0008310025191	0.006163792478	0.005485725446	0.003994258721	0.006160162364	0.003912809203	0.007804127213	0.005663015814	0.0100091457	0.009071922247	0.003706911118	0.001517795988	0.001941525923	0.002824416375	0.002096169209	0.001317346199	0.0001980484568	0.00185068351	0.003078936748	0.001473901387	0.001730904316	0.002330179332	0.004393385937	0.002881056989	0.002899003457	0.005966281353
Prostate	V14_S12	453884779	0.009794543033	0.003630013775	0.006075209233	0.005874398357	0.004604979274	0.002137983129	0.0004914485136	0.002667912774	0.004064518321	0.00205231381	0.00271171464	0.002133830093	0.003885710827	0.001992880224	0.003687354319	0.003409907253	0.006387453676	0.00386637993	0.006411655853	0.005571548369	0.00589301762	0.003540495461	0.0008764360878	0.00508927399	0.0002758563534	0.0002046488543	0.0002401556629	0.0003067364372	0.003606186142	0.003407040887	0.005497800577	0.005116919772	0.00633469359	0.002740499478	0.005564471683	0.003612522552	0.004302195382	0.002955305095	0.0006407022519	0.003432353478	0.003607712961	0.00259062003	0.002716105622	0.002014451778	0.003409063427	0.002488378223	0.004683809853	0.00356954909	0.003655158923	0.001580425326	0.002109436236	0.003045462337	0.001952074714	0.001284986911	0.0002268879785	0.001951248513	0.002248299673	0.00129581565	0.001637541143	0.001867114826	0.002573386582	0.001934543833	0.00178228052	0.004624036974	0.008484175232	0.002907504418	0.005855739436	0.004422377865	0.005923743479	0.003313215313	0.001023449169	0.004140643368	0.005215920669	0.003467324909	0.005085328054	0.003434691076	0.004407063406	0.003425809968	0.005451927702	0.005853137455	0.009760756925	0.006996112553	0.01188312596	0.008406126789	0.01451658726	0.005767789803	0.002373124303	0.008916282694	0.0005255386632	0.0004161011973	0.0004864824956	0.0004198003741	0.006401688566	0.007743273541	0.01249931979	0.009090333474	0.0009619269475	0.0004803906412	0.001566939525	0.0007813260466	0.0007199492363	0.001013614074	0.0002374104728	0.0007733548606	0.0006199723212	0.000800222913	0.0009914013882	0.0005472622381	0.000790356973	0.0007714160426	0.001867478354	0.0009709292322	0.00384445366	0.001838499634	0.002429004124	0.002724394069	0.003636010892	0.002273854616	0.0005327255092	0.003060979491	0.00459713367	0.002708414243	0.003530466484	0.003329272251	0.003685329576	0.003084353265	0.003495166777	0.006218117748	0.008201995688	0.003148717618	0.006113130751	0.00493779722	0.004881866726	0.002602081089	0.0007406439157	0.00326863792	0.004396950707	0.002344758074	0.003766997879	0.002489858775	0.00333389457	0.002511690307	0.004449439799	0.003955746223	0.006408666108	0.004289989641	0.008262259881	0.00527156034	0.009413212775	0.004882439559	0.001518931746	0.008811560081	0.0003336727888	0.000310512726	0.0003667208237	0.0003121673309	0.005256869387	0.004537182332	0.009607898748	0.006504058159	0.007876855901	0.003345208014	0.009906212343	0.004718217264	0.008130603119	0.004762896004	0.002049101541	0.007718253976	0.006049788684	0.00355514896	0.004236288787	0.003086750349	0.004926803241	0.004019299797	0.009260429506	0.005574392703	0.002711300438	0.001210593581	0.002047689288	0.002397663571	0.002247411782	0.001268004627	0.0002464259768	0.002533607764	0.002805282439	0.001544154007	0.00209677223	0.002094524963	0.003030974079	0.002357148883	0.002654825753	0.005587131619	0.01100456378	0.003814996845	0.00577870667	0.007114957693	0.007088625019	0.003228262034	0.0006638557051	0.004703433776	0.004830684133	0.002647552982	0.003393198167	0.003283806968	0.007983678166	0.004318800918	0.006517345672	0.009017552889	0.005309215271	0.004261810683	0.005440087692	0.005207398682	0.005527433649	0.004106035466	0.0005130178644	0.005537321621	0.0002862576716	0.0001753991402	0.0002091037294	0.0002277251954	0.005022157837	0.006089519032	0.006658123691	0.007223716572	0.009466618399	0.004226557243	0.009842500138	0.006368376147	0.007271268288	0.004763984386	0.0008466289635	0.006202697535	0.005562656244	0.004104590165	0.006314534288	0.003983231172	0.007611440524	0.005695978626	0.00995749408	0.008994483157	0.003741883576	0.001578158231	0.002034943763	0.00287018878	0.002152777633	0.001367728174	0.0002017472368	0.001929529344	0.003122521542	0.001543572361	0.001840008827	0.002369546303	0.004322116737	0.002915621015	0.002992695642	0.005903824327
Prostate	V14_S1	489172540	0.01015274079	0.003550839137	0.006114204612	0.005827158654	0.00453009893	0.002080372296	0.0004929221906	0.002581614659	0.004154294924	0.00205864581	0.002783398267	0.002158185331	0.003754023069	0.00188393445	0.003580235718	0.003281688706	0.006059068647	0.00364348334	0.006118967757	0.005157517632	0.005590700165	0.003363314302	0.0008393459698	0.004703436542	0.0002877634955	0.0002172893842	0.0002591396484	0.0003134906142	0.003325842861	0.003087258332	0.005096234552	0.004570262673	0.006554944805	0.002749136327	0.005719131331	0.003580352241	0.00429158595	0.00294369549	0.0006698229627	0.003321104247	0.003788618225	0.002681812434	0.002850579062	0.002089767754	0.003309529599	0.002389590389	0.004641863176	0.00341111952	0.003801889615	0.00163646553	0.00228676164	0.003069651048	0.001982057292	0.00129053442	0.0002420434311	0.001877946787	0.002353410925	0.001388741077	0.001810974508	0.001970864922	0.002446414919	0.001817281076	0.00176344731	0.004319122247	0.008993816374	0.003038175446	0.006151657654	0.00460008855	0.006157602387	0.003502179415	0.001082411535	0.004261668081	0.005530662044	0.003682322397	0.005508148515	0.00362619905	0.004392251863	0.003437500805	0.005497575559	0.005870961195	0.009678920244	0.007015226161	0.01193144039	0.008351149474	0.0142723731	0.005787242268	0.0024480626	0.008730868254	0.0005666160247	0.0004567917897	0.0005542706874	0.0004436410106	0.006153145882	0.007530674146	0.01229194509	0.008717065353	0.001010097582	0.0004999238101	0.001622597213	0.0008064823099	0.0007560195427	0.001090979064	0.0002590292579	0.0008091112392	0.0006331038124	0.0008229448039	0.001031302779	0.0005586679089	0.0007882780992	0.0007785105844	0.001881685754	0.0009759112807	0.003942670208	0.001909847597	0.002594908537	0.002782545807	0.003746277336	0.002381991843	0.0005741879951	0.003060363936	0.004781282285	0.002882602527	0.003918230978	0.003479095535	0.003577796906	0.003006540392	0.003479956173	0.005990597919	0.00822864873	0.003041846952	0.00601197279	0.004805584549	0.004759151035	0.002518401789	0.0007554001294	0.003139532321	0.004437219636	0.002306940614	0.003872343284	0.002461436204	0.003172900915	0.002359690918	0.004309035826	0.003746772049	0.006118830791	0.004104639643	0.007944832717	0.004958377263	0.009010969831	0.004721377042	0.001508018009	0.008312459649	0.0003331319456	0.0003184111684	0.00038308569	0.0003140364339	0.004864984858	0.004207135176	0.009001269777	0.005898638546	0.007635140354	0.003232033425	0.009675171055	0.004513814287	0.007890248704	0.0046826218	0.002120615765	0.007418176008	0.006006553434	0.003513343165	0.004265625785	0.00304364182	0.004683827919	0.003837827855	0.009110709689	0.005292418908	0.00272237072	0.001197068421	0.002156596934	0.002340587229	0.002222044189	0.00125308751	0.0002546892759	0.002415544421	0.002862421509	0.001603135777	0.002279778419	0.002152534973	0.002841150895	0.002207123074	0.002581909034	0.005184152406	0.01193243799	0.003876260102	0.006008403497	0.007387716408	0.007236209539	0.00330239919	0.0007100643875	0.004839049224	0.005111216995	0.002756884105	0.003606827562	0.003442400916	0.007979515776	0.004288999951	0.006543494858	0.009185840644	0.00539148007	0.004243167452	0.005556818459	0.005137647342	0.00553227906	0.00409707585	0.0005521221612	0.005452252083	0.000320334825	0.0001907322925	0.000244402517	0.0002435418799	0.0048261642	0.005823673177	0.006499087214	0.006916334674	0.01007177345	0.004372076977	0.01028902195	0.006644982566	0.007525972329	0.004988879793	0.0009248495429	0.006424786232	0.005928249775	0.004277028715	0.006776359523	0.004254030694	0.007703159298	0.005738390385	0.01013680367	0.009207796088	0.004067513683	0.001685895942	0.002318870965	0.003050042425	0.00240129587	0.001479788706	0.0002287291106	0.00206271186	0.003359350466	0.001664153102	0.002136401606	0.002552134263	0.004323635992	0.002851781091	0.003061056943	0.005770673472
Prostate	V14_S2	453488594	0.01008472112	0.003657994979	0.006181555693	0.005953807958	0.004661041155	0.002138871876	0.0004920344259	0.002585189607	0.004115642653	0.002068934065	0.002774945206	0.002149141153	0.003930206897	0.001937620949	0.003777045383	0.00327388168	0.006538964903	0.003920303671	0.006592787646	0.00548584029	0.005919507206	0.00351404428	0.0008243581094	0.004851855216	0.0002851648348	0.0002065123605	0.0002479290582	0.0003084223106	0.003559990309	0.003194217052	0.005397165513	0.004609097181	0.006313856705	0.002749650193	0.005626774375	0.003528337914	0.00435142146	0.002945302302	0.0006543736798	0.003318178274	0.0035902645	0.002597057601	0.002743220042	0.001996292767	0.003410041665	0.002435084398	0.004825554664	0.003343488723	0.003720539	0.001582280149	0.002146947052	0.002963726139	0.001954734941	0.00126453015	0.0002241313262	0.001795343942	0.002302102002	0.001308193873	0.001675583488	0.00188767482	0.002566232129	0.001848247147	0.001804614296	0.004395971644	0.008438075512	0.002892950379	0.00574906852	0.004426854449	0.005873131177	0.003320842067	0.001018003553	0.004065317241	0.005018545185	0.003405512334	0.004971256234	0.003387917624	0.004336781621	0.003345228568	0.005418361195	0.005727934582	0.009645065075	0.007030558303	0.01175875881	0.008357694218	0.01453644719	0.005762440411	0.002442956702	0.008722790501	0.0005171486187	0.0004174548214	0.0004817805848	0.0004118780549	0.006281628772	0.007539565593	0.01242637869	0.008732365163	0.0009646946049	0.0004879747869	0.001581861175	0.0007876956658	0.0007330614362	0.001040015132	0.0002496336214	0.0007775719272	0.00060303391	0.0008063047337	0.0009667541936	0.0005391006593	0.0007914311512	0.000774134134	0.001893207484	0.0009674818856	0.003711714081	0.001799502812	0.002334089576	0.002625272203	0.003508879873	0.00219435067	0.0005209480528	0.00284820835	0.004421989939	0.00261048462	0.00336148697	0.003203670432	0.003567919946	0.002945399328	0.003404420796	0.005969239438	0.008329539155	0.003144092308	0.006164049189	0.004992105711	0.004956276805	0.002610839646	0.0007621889604	0.003189762696	0.004420201581	0.002329639629	0.003823648539	0.00247735448	0.003342624313	0.002454163158	0.004547794646	0.003801398807	0.006641501109	0.004434947266	0.008553789558	0.005333313852	0.009795375361	0.004958731112	0.001623714488	0.008803848769	0.0003423305504	0.000322323432	0.0003748848422	0.0003176243061	0.005343153129	0.004483684985	0.009931828627	0.006216813471	0.007842014214	0.003336478624	0.009951983489	0.004661621104	0.008252540526	0.004818178514	0.002170722733	0.007654653383	0.006060066419	0.003578175993	0.004264530631	0.003060643682	0.004954292191	0.004007231988	0.009580461466	0.005451468973	0.002785236535	0.001232379397	0.002108460968	0.002402228004	0.002278877603	0.001260278665	0.0002527693122	0.002425930915	0.002870230954	0.001575393537	0.002133306136	0.002129281779	0.00307414347	0.002339842752	0.002737859378	0.005502369923	0.01139834622	0.003844570785	0.005758777695	0.007251218759	0.007205940884	0.003252469896	0.0006908707389	0.004772133255	0.004780043046	0.002636308864	0.003344126005	0.0032812446	0.008129547355	0.004372806783	0.006693012879	0.009191810015	0.005408027969	0.004338728749	0.005507490228	0.005286309362	0.005626322324	0.004145414074	0.0005354114816	0.005548675387	0.0002954230862	0.00017658217	0.0002067438988	0.0002274191708	0.005114174933	0.006084386766	0.006779901503	0.007196139094	0.009467100291	0.004249460792	0.009864719993	0.006404976968	0.007404146531	0.00477448833	0.0008894115648	0.006247378738	0.005439234928	0.004097569431	0.006237643102	0.003914444649	0.007743978672	0.005758636567	0.01026369144	0.009112604054	0.00373824176	0.001574211589	0.002034223158	0.00286095178	0.002169681913	0.001367397126	0.000208168411	0.001902100762	0.003148229126	0.001544554834	0.001832293052	0.002382139296	0.004396350926	0.002889042894	0.003011828783	0.005852751392
Prostate	V14_S3	539787707	0.009973704347	0.003506209896	0.006242411519	0.005670499643	0.004445742222	0.002061995828	0.0004911319701	0.002410766276	0.004165871084	0.002087531793	0.002882333147	0.00212472975	0.003659057023	0.001803875834	0.003632857834	0.002980103065	0.006188062375	0.003752454852	0.006507039628	0.005079667366	0.005690668684	0.003451519877	0.0008166858828	0.004617748733	0.0003017556678	0.000217376199	0.0002704859672	0.0003163058324	0.003307985671	0.002989317799	0.005176661054	0.004161891742	0.006409555007	0.002761024345	0.005887779508	0.003447023665	0.004317104613	0.002981105311	0.0006906826428	0.003243651119	0.003812498827	0.002737678129	0.002935515165	0.002051608411	0.003273070092	0.002330770011	0.004822284699	0.003101537842	0.003795844132	0.001589471173	0.002298579578	0.002920742691	0.001944043902	0.001257144228	0.0002319912039	0.001704647935	0.002360442788	0.001353550647	0.00184151841	0.001911231002	0.002418804621	0.001727579172	0.001775488748	0.004036512821	0.008787975233	0.002988578619	0.006259571969	0.004450531142	0.006017597211	0.003472733772	0.001102994737	0.00409518774	0.005461543421	0.003718082079	0.005654161739	0.003584803757	0.004290066206	0.0033564362	0.005620013129	0.005565228628	0.009894906703	0.007314371833	0.01264281107	0.008450711161	0.01504522221	0.006034272285	0.002700387543	0.0089399183	0.0005955230099	0.0004726246943	0.0005773399356	0.0004561997185	0.006233411685	0.007707683865	0.01311786635	0.008615733444	0.0009937869889	0.0005054357416	0.00171407942	0.0008046774581	0.00075636402	0.0010995934	0.0002753323169	0.000801796696	0.0006346031885	0.0008697771252	0.001052849097	0.0005675082927	0.0007768813453	0.0007809607268	0.00194638371	0.0009438432802	0.003966146269	0.001918504232	0.002628296239	0.002717042239	0.003753212557	0.002363934902	0.0005919827292	0.002957814673	0.00484468054	0.002895514254	0.003993219875	0.003460688296	0.003572747165	0.00296941553	0.003621182874	0.005865843106	0.008105868183	0.003052638989	0.00623648882	0.004713034341	0.004787343184	0.002558605878	0.0007796194588	0.003008399374	0.00448169154	0.002344825537	0.004049625384	0.002443736645	0.003130082397	0.002328672891	0.004475003726	0.003464526842	0.006353242127	0.004345443532	0.008620646487	0.00504427197	0.009691941725	0.004996899642	0.001702106195	0.008624855549	0.0003516363888	0.0003343055013	0.0004050666534	0.0003236531654	0.00502920123	0.004318017935	0.009791503088	0.005766700426	0.007703960179	0.003307296511	0.01029589953	0.004485646799	0.00817441365	0.004885050115	0.002273617913	0.00748242679	0.006206975366	0.0036320075	0.004402536347	0.003017942015	0.004693680436	0.003860319479	0.009673204729	0.005084524832	0.002715630573	0.001178718951	0.00218624838	0.002249565865	0.002202551086	0.001230122493	0.0002540146769	0.002263447248	0.002881336458	0.001597904118	0.002298286871	0.002103508445	0.002856917599	0.002168469168	0.002657403978	0.004962228604	0.01119409338	0.003722065127	0.005888240801	0.006946923673	0.006963287513	0.003169862851	0.0007018240599	0.004594235785	0.004869740392	0.002682021064	0.003530891822	0.003256435775	0.007641478208	0.004123472934	0.006521265591	0.008622378649	0.005308431376	0.00429432714	0.005683764117	0.005085777176	0.005571101307	0.004185589947	0.0005681233493	0.005470372818	0.0003247591557	0.0001884759484	0.00023975722	0.0002398794903	0.004868641812	0.005864031283	0.006721005227	0.006767321583	0.009613238562	0.004272509303	0.01042531893	0.006347150844	0.007369530555	0.004875701995	0.0009386894022	0.006194526027	0.005738704235	0.004281210872	0.006782021807	0.004067284178	0.007547224487	0.005636176891	0.01030726696	0.008792688197	0.003916476742	0.001610522042	0.002286346992	0.002911046287	0.002239335917	0.001398434959	0.0002276357879	0.00191332627	0.003285213755	0.001590525291	0.002087202034	0.002440290846	0.004233894122	0.002746937325	0.003050812345	0.005594149257
Prostate	V14_S4	467546488	0.009734080176	0.003543553513	0.00616174022	0.005754920781	0.004491523418	0.002065108016	0.0004886658458	0.002508912012	0.004085407653	0.002064470646	0.002794338175	0.002127910327	0.003715390971	0.001868815235	0.003620724449	0.003116804505	0.006283462876	0.00377079081	0.006353710436	0.005305660643	0.005754561459	0.003420729363	0.0008361521475	0.00478370399	0.000293027546	0.0002168533025	0.0002638133387	0.0003147580054	0.003429723121	0.003136092426	0.00524428065	0.004552079963	0.006435768586	0.002758899988	0.005813041205	0.003540289666	0.004296526766	0.002909278617	0.0006700424622	0.003281789168	0.003789345114	0.002708881432	0.002901518961	0.002074262185	0.003325558078	0.002401647812	0.004741455784	0.003316493739	0.003849332732	0.001660213519	0.002314276821	0.003134099042	0.001975294487	0.001276893347	0.0002408466385	0.001842676658	0.002382963039	0.001398720805	0.001815637636	0.001976400259	0.002507419113	0.001844567379	0.001797622315	0.004290741245	0.008784420599	0.003007149099	0.006144165497	0.004559525212	0.006014678908	0.003392205996	0.001057988912	0.004136527703	0.005465830812	0.003653380025	0.005509486364	0.0035964274	0.004422798701	0.003429626874	0.005561267311	0.005808692974	0.009842415927	0.007145986732	0.01211879705	0.008543740788	0.01469929553	0.005872074907	0.002489020942	0.008940052182	0.0005706619702	0.0004548766924	0.0005592213966	0.0004417443084	0.006368868287	0.007702023419	0.01263106269	0.008915393671	0.0009746153841	0.0004967698528	0.001630190836	0.000798446806	0.0007399563656	0.001049829295	0.0002596019928	0.0007830472678	0.0006251720578	0.0008297741721	0.001024843545	0.0005523236868	0.0007917116469	0.0007792273268	0.001904225618	0.0009735117506	0.003979460969	0.001920525601	0.00260778988	0.002833112929	0.003721850222	0.00233828299	0.0005672505447	0.003044063075	0.004823133224	0.00289314974	0.003952203786	0.003518356019	0.003677950844	0.003060664633	0.003559688807	0.006135267986	0.007926133754	0.003038206973	0.006062999237	0.004741986213	0.004773429076	0.002527549731	0.0007546415363	0.003088454383	0.004356090896	0.002324675787	0.003913187345	0.002446047675	0.003182132768	0.002365612893	0.004400803028	0.00362978451	0.006316516273	0.004228118595	0.008275602746	0.005096404446	0.009343445223	0.004784065451	0.001568721012	0.00849243466	0.0003484872717	0.0003298003599	0.0004063895353	0.0003214204445	0.005055987074	0.004318802626	0.009426662617	0.006000599025	0.007627179524	0.003299828016	0.009928319684	0.004538986078	0.008049024207	0.00475272953	0.002168006874	0.00748763832	0.006122719502	0.003613535859	0.004370157947	0.003076410661	0.00479262075	0.003916106841	0.009395202643	0.005303126135	0.002772415221	0.001227069425	0.002179284897	0.002371676461	0.002248807396	0.001248665138	0.0002596939622	0.002401297045	0.002929233852	0.001633275021	0.002306677577	0.002166088348	0.002977892115	0.002278684639	0.002677956165	0.005320611028	0.01108894438	0.003773284679	0.005866516101	0.0070359057	0.006996470049	0.003163567769	0.0006864900245	0.004595643546	0.004899245441	0.002684460331	0.003513885875	0.003300262198	0.007819979604	0.004217967733	0.006514062405	0.008725303483	0.005308939461	0.004216158287	0.005548964791	0.005145062709	0.00545573342	0.004036077799	0.0005380769751	0.005404371683	0.0003165161194	0.0001867921207	0.0002439821556	0.0002378843663	0.004883120842	0.005835475338	0.006573004137	0.006910959836	0.00951546662	0.004241458445	0.01008943307	0.006383354547	0.007240193407	0.004725726867	0.0008904547691	0.006113231675	0.005740207806	0.004199787722	0.006640422032	0.004072059247	0.007536841984	0.005623791575	0.01005374678	0.008875838246	0.004079883068	0.001686886802	0.002363923221	0.003069748221	0.002295322556	0.001439031235	0.0002348151528	0.002007468827	0.003353315746	0.001653362863	0.002167711716	0.002528283348	0.004334031058	0.002885929067	0.003113859343	0.005775511247
Prostate	V14_S5	486787521	0.01048166763	0.003698640418	0.006279982268	0.006125193994	0.004761933903	0.002137682161	0.0005016500824	0.002686313727	0.004249042777	0.002080792864	0.002792643487	0.00221596683	0.004089620038	0.002002473272	0.003814189805	0.003525488896	0.006725303872	0.003909463406	0.006538440002	0.005664633708	0.005988801837	0.003510182423	0.0008762693816	0.005042645701	0.0002853359916	0.0002026572082	0.0002459779572	0.0003154004435	0.003711892606	0.003328382364	0.005539671589	0.005111073913	0.006578459516	0.002754289998	0.005660512813	0.003644764756	0.004378210016	0.002920935601	0.0006471796963	0.003401048565	0.003701082962	0.002576015091	0.002753595649	0.002048357768	0.003507263285	0.002493934104	0.004758523791	0.003701319205	0.003885155059	0.001635214474	0.002204579932	0.00319453752	0.002015072198	0.001284484448	0.0002310022241	0.001941567849	0.002361334156	0.001330136809	0.001711370904	0.001997358104	0.002686767724	0.00194001481	0.001848436867	0.004823361115	0.00854417137	0.002829552814	0.005679393741	0.004423821292	0.005739652065	0.003141082986	0.0009828477094	0.003961781921	0.005090654327	0.003297734496	0.00488100228	0.003383038654	0.004377875167	0.00330001886	0.005289474132	0.005838257715	0.00952740323	0.006664930509	0.01126792238	0.008191376788	0.01378245479	0.005472630018	0.002252114018	0.008476357388	0.0005066892419	0.0003924977362	0.0004686459495	0.0004056882962	0.006197856087	0.007279418323	0.01182837635	0.008801875182	0.0009415257792	0.0004621564652	0.001481120548	0.0007602536713	0.0006855763256	0.000943518435	0.0002250365822	0.0007283239292	0.000590138382	0.000748967433	0.0009319117283	0.0005204529473	0.0007787853707	0.0007410235153	0.001808528284	0.0009892755653	0.003761873345	0.001754870376	0.002347443085	0.002662827094	0.00342691406	0.002125255795	0.0004952468779	0.002877150583	0.004429891702	0.00254614785	0.003367555513	0.003279141168	0.003582191253	0.002915456824	0.003322948782	0.006110961912	0.008532416754	0.003128007466	0.006174628293	0.005044722582	0.004948273931	0.002549247765	0.0007523138622	0.003257437653	0.004458341487	0.002330669853	0.003785709207	0.002517443334	0.00342998727	0.002463890195	0.004516709869	0.004017849504	0.006574704285	0.004282309858	0.008289869452	0.005339939682	0.009508066251	0.004808995504	0.001536524598	0.008699037706	0.0003355262675	0.0003050489045	0.0003716652383	0.0003178861276	0.005360696171	0.004486893985	0.009650233002	0.006556675885	0.00787735066	0.003278878219	0.00964256025	0.004651035416	0.008083541238	0.004661912851	0.002049633479	0.007579908771	0.006022214772	0.003483850606	0.004209588191	0.003073998275	0.00501585167	0.003956687296	0.009245011028	0.005728834203	0.002825696922	0.001238143901	0.002110808013	0.002491068377	0.002306447786	0.001264488043	0.000249299735	0.002547035301	0.002883192234	0.001563676075	0.002152405217	0.002201346489	0.003237858269	0.002457203499	0.002815614495	0.006350023094	0.01149278845	0.003829900972	0.005840821462	0.007333361777	0.007173801401	0.003184103809	0.0006781336533	0.004739030687	0.004900596045	0.002620991593	0.003385998878	0.003362738216	0.008233160932	0.004330437633	0.006627776721	0.009415231086	0.005373841537	0.004155821406	0.005361647305	0.005218192518	0.005472763547	0.003939182738	0.0005021985763	0.005413197517	0.0002839678382	0.0001673687112	0.0002031132593	0.0002299278333	0.005068891238	0.005881438773	0.006551942814	0.007237026111	0.009559415144	0.004154449144	0.00966457807	0.006390194625	0.007156535141	0.004597494602	0.0008305800427	0.006110047755	0.005497990159	0.003948038758	0.006109562944	0.003935515841	0.007827152167	0.005686994593	0.009998249318	0.009936427684	0.003792383577	0.00156264277	0.002028441481	0.002922550268	0.002156008432	0.001340420557	0.0001975214973	0.001919303515	0.003106340929	0.001509481998	0.001800763089	0.002442427032	0.004369368376	0.002889155821	0.002956573326	0.006132741435
Prostate	V14_S6	423982611	0.0101968097	0.003637920424	0.006196808388	0.005951420965	0.004665394166	0.002099201658	0.0004946853823	0.002638193103	0.004240973458	0.002103734863	0.002796338739	0.002194276312	0.003975502665	0.001971866247	0.003701602281	0.003423501253	0.006542874467	0.003837867303	0.00635063781	0.005513122329	0.005841034363	0.003426154664	0.0008232578199	0.004905279004	0.000292040279	0.0002185844362	0.0002589705265	0.0003229283382	0.003586390009	0.003258926107	0.0053101541	0.004909430118	0.006654423853	0.002803169208	0.005753393976	0.003657253764	0.004379137143	0.002941983864	0.0006528097918	0.00339879741	0.003817897145	0.002698950311	0.002852576895	0.002105312758	0.003457759733	0.002475915221	0.004690826813	0.003555369869	0.004033818736	0.00172324756	0.002319807404	0.003318907341	0.002067686215	0.001320386699	0.0002365851745	0.001986406938	0.002442109589	0.001427751951	0.001813114453	0.002046966025	0.002663937083	0.001942336734	0.001843865715	0.004714915065	0.0083715839	0.002789555442	0.005604321824	0.004296190345	0.005654875785	0.003110356335	0.0009810048554	0.003875557528	0.005116964573	0.003341387036	0.004931553667	0.003342071027	0.004242025388	0.003223445879	0.005155183121	0.005616980362	0.009237376483	0.006514661046	0.01094029066	0.007902625988	0.01340627387	0.005342039841	0.002183738144	0.008269596226	0.000511997413	0.0004085544914	0.0004807060354	0.0004016226033	0.005981719378	0.007169411955	0.01141485494	0.008537505799	0.0009332293111	0.0004613349579	0.001500155864	0.0007475471677	0.000689561299	0.0009662353818	0.0002323562275	0.0007310818698	0.0005995953452	0.0007657248	0.0009628555262	0.0005284980897	0.0007639086878	0.0007301973995	0.001802717801	0.0009338661297	0.00379663448	0.001795998185	0.002397558234	0.002689164533	0.003516936689	0.002190559178	0.0005157452082	0.002938344563	0.004510059966	0.002665847539	0.003543609952	0.003286941407	0.003516870648	0.002920544305	0.003288592418	0.005966077227	0.00844347364	0.003135928138	0.006219962639	0.004996457272	0.004939334646	0.002562848032	0.0007580829771	0.003259638401	0.004552281037	0.00238704601	0.003931663603	0.002548437063	0.003406498197	0.002464207194	0.004494231486	0.003983922822	0.006514595005	0.004247273245	0.008208504098	0.005265180557	0.009403199321	0.004783200885	0.001525237081	0.008657892812	0.0003526583311	0.000328581872	0.0003988111673	0.0003310041411	0.005281101021	0.004468963941	0.009491941168	0.006454592545	0.007980376818	0.003343559295	0.009896401152	0.004706318015	0.008183656381	0.004762617493	0.002098152087	0.007641577546	0.006210089593	0.003608905083	0.004377655951	0.003156558701	0.005025441951	0.003993215656	0.009356841288	0.005620801274	0.002884028657	0.001270361062	0.002199245855	0.002512732769	0.002325510468	0.001288085846	0.00025482413	0.002579726082	0.002981881726	0.001654405114	0.00229310112	0.002243981181	0.00309198294	0.002378614061	0.002718731783	0.005715109387	0.01168031394	0.003874073977	0.005906612524	0.007329616638	0.007227345935	0.003219372598	0.0006850964933	0.004747225353	0.005046355545	0.002720934704	0.003506209834	0.003394160427	0.008223518865	0.004364348801	0.006587574414	0.009246188165	0.005477778899	0.004233579287	0.005462207505	0.005238205394	0.005527927182	0.004007187927	0.0005152711322	0.005451391024	0.0003071635407	0.0001847717288	0.0002308467316	0.0002400758837	0.005021658777	0.005966051282	0.006515269561	0.007190993029	0.009766499598	0.004235812869	0.009906736482	0.006425006426	0.007285128965	0.004706990212	0.0008587144627	0.006169543118	0.005729350537	0.004128728289	0.006419527427	0.004077763935	0.00768142352	0.005615447281	0.009912137647	0.009023487994	0.004189813341	0.001722886696	0.002294813454	0.003163882115	0.00237450776	0.00146523462	0.0002184877342	0.002095333575	0.00336655788	0.001681472262	0.002070122635	0.002567206701	0.004495950896	0.003001002793	0.003093011284	0.00604916554
Prostate	V14_S7	426905042	0.01037203726	0.003745671385	0.006239755304	0.006213522304	0.00473587754	0.002142057156	0.0004830324773	0.002688574477	0.004140492208	0.002041425878	0.002688546368	0.00217469439	0.004106590055	0.002018891592	0.003817127557	0.003492793135	0.006755970804	0.003949943978	0.00650636963	0.00574082702	0.00597633841	0.003466187687	0.000818985408	0.005016649581	0.00027463016	0.0001925393048	0.0002304938811	0.0003051076637	0.003757125923	0.003355298858	0.005494411565	0.005059003262	0.006419383072	0.002733968647	0.005526725543	0.003609938624	0.004309586018	0.002850366897	0.0006136704284	0.003341766575	0.003543279772	0.002501467294	0.002614665769	0.001978517274	0.003512635955	0.002492868192	0.004723263493	0.003536442186	0.0038426344	0.001620603956	0.002138892517	0.003187418433	0.00199066049	0.001245323779	0.0002153265737	0.001896189832	0.002344254346	0.001322439289	0.001638931217	0.001972801717	0.002726620408	0.001936025389	0.001827802259	0.004744680434	0.008617455026	0.002896114776	0.005730958315	0.00456260013	0.005847813341	0.003196153397	0.0009522937422	0.004074180037	0.005082900848	0.003306576079	0.004812027964	0.003402260121	0.004534600929	0.003389777252	0.005455775338	0.005981175551	0.009838419758	0.006870940166	0.01146563408	0.00857719783	0.0142988098	0.005573473644	0.002228200434	0.008811570794	0.0004934750806	0.0003771588156	0.0004411098054	0.0003987069331	0.00653109644	0.007624871294	0.01218703104	0.009262094871	0.0009384709961	0.0004638619377	0.001491928971	0.0007707990481	0.0006892867759	0.0009521719352	0.0002177182063	0.0007358053176	0.0005836122217	0.0007506353134	0.0009055807778	0.0005190920186	0.0007998781143	0.0007555099338	0.001815441196	0.0009750037105	0.003806771624	0.00178236124	0.002327548055	0.002745727702	0.003472762919	0.002109009994	0.0004817699014	0.00291969379	0.004451446605	0.002540689131	0.003252432891	0.003274672029	0.00373191657	0.003030905875	0.003407703955	0.006356237882	0.008421952533	0.003153045449	0.00610302232	0.005065386414	0.004950128933	0.002549838706	0.0007219450924	0.003256246386	0.004385602923	0.002289750422	0.003671802499	0.002501544594	0.003477972509	0.002499705778	0.004556130307	0.00400475242	0.006593131313	0.004270991955	0.008198155692	0.005387406504	0.009450652026	0.004683861288	0.001466110583	0.008704301038	0.000332790635	0.0002978203289	0.0003536313352	0.0003108068234	0.005471673488	0.004482950098	0.009605763804	0.006555926318	0.007821805019	0.003278670576	0.009636770699	0.004711361549	0.008084181868	0.004616420061	0.001990676887	0.007593374828	0.00593683548	0.00345297866	0.004088742995	0.003065484994	0.005104526266	0.004013981639	0.009292516156	0.005652392834	0.002819983091	0.001236410789	0.002063105172	0.002502444092	0.002312012984	0.001239029639	0.0002397090452	0.002551019297	0.002899911873	0.001544565969	0.002080905383	0.002191192204	0.003232257444	0.00240805542	0.002745282638	0.005847642343	0.01100358285	0.003856133889	0.005776724933	0.007325034123	0.007235616112	0.003227160292	0.0006614374913	0.004809985355	0.00481307035	0.002606225953	0.003294416467	0.003319539149	0.008361601876	0.004437689448	0.00679645756	0.009439033517	0.005328098233	0.004187783755	0.005323190819	0.005302155696	0.005437028781	0.003937346329	0.0004795305275	0.005475611131	0.0002674669745	0.000159869276	0.0001840549824	0.0002186013067	0.005159203531	0.006079846206	0.006629640603	0.007438241969	0.009390053069	0.00413621491	0.009536069148	0.006402636959	0.007145326712	0.004544425128	0.0007988029338	0.006099447755	0.005345017687	0.003895791421	0.005892483697	0.003852385983	0.007803224774	0.00573950354	0.009999291599	0.009166738771	0.003726292368	0.001538468595	0.001959901893	0.002892732291	0.002096775423	0.001296241425	0.0001856267605	0.001887002778	0.003087592955	0.001501167559	0.001712305848	0.002399446948	0.004365535228	0.002971906806	0.002993480691	0.006198657171
Prostate	V14_S9	478612112	0.009681113127	0.003543194912	0.006145732476	0.00576053746	0.004472839166	0.002064972815	0.000502007772	0.002581654265	0.004086014438	0.002070946337	0.002775502263	0.002128671579	0.003699168817	0.001919234756	0.0035822892	0.00330682605	0.006226025053	0.003787645474	0.006327581196	0.005421805957	0.005743876787	0.00346659426	0.000917901969	0.004954931019	0.0002957572457	0.0002247247767	0.0002680437807	0.0003248747704	0.003463130076	0.003299199833	0.005377335708	0.004991622527	0.006521320547	0.002801947478	0.005846045116	0.003651913431	0.004275178059	0.002948686347	0.000672377468	0.003406401466	0.00380022142	0.002731800904	0.002874588765	0.002089550128	0.003349952832	0.002468552238	0.004706930609	0.003557070449	0.003917416532	0.001708786676	0.002373519122	0.003258260627	0.002035165796	0.001344456155	0.0002539843789	0.002039371707	0.002371369156	0.001416483167	0.001827367043	0.00200585396	0.002546983182	0.001959365374	0.001831612653	0.004657071863	0.008675609948	0.002960520565	0.006063546925	0.004463485036	0.005953000203	0.003332299706	0.001070873443	0.004108554612	0.00547658936	0.003635823157	0.00544802343	0.00357133252	0.004309870035	0.003401627245	0.005430073613	0.005795599256	0.00961769016	0.007000084026	0.01195202933	0.008313820107	0.01418325577	0.005685357582	0.002445696569	0.008670764688	0.0005734936353	0.0004606402439	0.0005576185669	0.0004532501259	0.006110096102	0.00754338202	0.01220745329	0.008766326415	0.0009496521058	0.0004788700375	0.001576142728	0.0007673667063	0.0007170023311	0.001019194851	0.0002467885727	0.0007595754284	0.0006195079326	0.0008152969601	0.0009960592055	0.0005501991976	0.000768279763	0.000756249144	0.00184545267	0.000941633086	0.004076589269	0.001957188246	0.002693517292	0.002891030054	0.003828049801	0.002422654945	0.0005918237188	0.00319670974	0.004885766451	0.002950318148	0.004026985427	0.003565388249	0.003671681004	0.003134646956	0.003586407358	0.006252635328	0.007925499386	0.003046901579	0.006020184044	0.004766611506	0.00471558062	0.002507159702	0.0007475301837	0.003139293725	0.004321418009	0.002311195167	0.00381465482	0.002407799492	0.003154184698	0.002430375184	0.004276295874	0.003816119472	0.006190248691	0.004173939501	0.008053571783	0.005080237084	0.009142643678	0.004763801297	0.001527936677	0.008500073228	0.000336846887	0.0003163480326	0.0003784003694	0.0003162644576	0.004949768175	0.004331666391	0.009177592647	0.006161960648	0.007669444437	0.003283471021	0.009829533942	0.004562218434	0.007886484494	0.00468561481	0.002111237837	0.007527494415	0.006023587635	0.003542183655	0.004263993637	0.003002105388	0.004723183855	0.003908143888	0.009114781867	0.005379473138	0.002748557688	0.001224292042	0.00217430561	0.002409126245	0.002207415929	0.001259972293	0.000254999815	0.002513538563	0.002828616255	0.00159598134	0.002226120011	0.00211797607	0.002916004349	0.002302405168	0.002617179901	0.005474627437	0.01128872393	0.003754253089	0.005884470805	0.007003253608	0.006922330039	0.003113195347	0.0006757455398	0.004520842548	0.004952977454	0.002700456105	0.003539243904	0.003306832319	0.007711591302	0.004181312904	0.006415314036	0.008676115576	0.005386746251	0.00426067362	0.005629274589	0.005175174088	0.005488197925	0.004047991999	0.0005392237128	0.005400394046	0.0003266319345	0.0001941049916	0.0002498662215	0.0002494295422	0.004871324694	0.005930802687	0.006575621304	0.006974271892	0.009600663846	0.004243588804	0.0101550209	0.0063712345	0.007180823288	0.004676007865	0.0008661021934	0.006041334783	0.005776652806	0.004207037285	0.006658696928	0.00409262522	0.007471994357	0.005602793855	0.009905077371	0.008757473735	0.004283107236	0.001777984674	0.002494216026	0.003220183864	0.002429930148	0.001510375483	0.0002415818512	0.002137752001	0.003453819823	0.001717679054	0.002251737833	0.002622121272	0.004479278619	0.003021302562	0.00322407219	0.005957356549
Prostate	V15_S11	466551362	0.01053309539	0.00374981651	0.006410648952	0.006238292795	0.004512448514	0.002076538788	0.0004642254158	0.002608019393	0.00425771343	0.002059629611	0.002696131878	0.002200070739	0.004130936392	0.001986177891	0.003851665961	0.003398508994	0.006819097015	0.003873059104	0.006577674507	0.005663828713	0.005740257597	0.003349232533	0.0007433179458	0.004806626199	0.0002781430097	0.000189462527	0.0002232058643	0.0003009036334	0.003641348281	0.00318585931	0.005309771232	0.004765685369	0.006437259099	0.00269699352	0.005529241173	0.003601089048	0.004066876993	0.002845180848	0.0005850331222	0.003289940026	0.003471977861	0.002483960169	0.002582723143	0.001990271759	0.003428872211	0.002424116811	0.004658173091	0.003464188794	0.004110737115	0.001677215123	0.002271698437	0.003218672417	0.001995585215	0.001213549131	0.0002053493094	0.001820903483	0.00238058034	0.00129684114	0.001620443239	0.001918395428	0.002705266993	0.001892368283	0.001819323807	0.004582322921	0.008826142919	0.002837916911	0.005697835687	0.004554608931	0.005723432011	0.003034662666	0.0009207003451	0.003872201749	0.005099468555	0.003234254839	0.004671453515	0.003395889776	0.004572124687	0.003275995152	0.005342612203	0.005901553879	0.009742382876	0.00655091218	0.01112327478	0.008300136524	0.0137934974	0.005279015775	0.002075694294	0.008289528903	0.0004691873561	0.0003548291003	0.0003909816043	0.0003738838083	0.006291905327	0.007185620433	0.01156655931	0.008759787952	0.0009883992151	0.0004712664412	0.001519067476	0.0007936661002	0.0007015454817	0.0009786382319	0.0002163127326	0.0007407651722	0.0005845744375	0.0007621304511	0.0008987606385	0.0005298773514	0.0008407177257	0.0007528645903	0.001821576506	0.0009981730586	0.0040771974	0.001827897354	0.002422106315	0.00283148032	0.003549671344	0.002066582757	0.0004730433088	0.002877050866	0.004536981718	0.002516576085	0.003224330958	0.003233939761	0.003819069335	0.003001137954	0.003407410479	0.00633966427	0.008484542802	0.003082541639	0.00604518651	0.005047650038	0.004707781777	0.002486731568	0.000677460245	0.003129726154	0.004332464043	0.002245799895	0.003560606903	0.00240199063	0.003421091717	0.002405098541	0.004359123487	0.003836250723	0.006611623609	0.004114488042	0.008040210158	0.005310142037	0.009305211288	0.004548858224	0.001400593918	0.008653169466	0.0003195939657	0.0002738969606	0.0003194932266	0.0002927609072	0.005370139719	0.004302683828	0.009299608475	0.006361957636	0.00761789867	0.002964511762	0.009274665883	0.004469407165	0.007895255057	0.004524985183	0.001906572507	0.007387242393	0.005803971911	0.003339156472	0.003891526524	0.002966027136	0.004963522108	0.003833162103	0.008950990909	0.005483019038	0.002791030326	0.001190803511	0.002028608374	0.002430075427	0.002091621801	0.001137705392	0.0002104655736	0.002331198853	0.00278731798	0.001416255645	0.001927153307	0.001987697552	0.003026329178	0.00227368107	0.002578140582	0.005522525942	0.01253690049	0.004022652494	0.006134222795	0.007856689099	0.007437164014	0.003307796581	0.0006924725257	0.004973613173	0.005131816548	0.002693847028	0.00339993649	0.003502263916	0.009041413965	0.00465049548	0.007040549589	0.009824834677	0.005767605068	0.004293940953	0.005579876541	0.005606733177	0.005696365323	0.004055619926	0.0004879184127	0.005671712089	0.0002897151547	0.0001637933274	0.000185516552	0.0002246890879	0.005550169201	0.006390134598	0.006844772645	0.007786540338	0.01004288355	0.004268280327	0.009957458875	0.006735054821	0.007475125536	0.004705411191	0.0008273665698	0.006328497226	0.005468519027	0.004008754775	0.006059467896	0.004011464015	0.008235005431	0.005804621357	0.01023253255	0.009481504847	0.004183946633	0.001651344445	0.002152817636	0.003160018639	0.002287651665	0.001348522481	0.0001986469391	0.001985819945	0.003365256492	0.001541585897	0.001805113153	0.002473108202	0.004907832634	0.003104937887	0.003106905516	0.006254698277
Prostate	V25_S11	645702272	0.01013962206	0.003590786498	0.006104164676	0.005758469749	0.004451872209	0.002155095406	0.0004661699564	0.002528739747	0.003991520724	0.002028609867	0.002748196928	0.002081392707	0.003426182772	0.001824119337	0.003482947323	0.003015428448	0.006069181061	0.003694100367	0.006235031491	0.005137435849	0.005655299909	0.003540921411	0.0007712052777	0.004798078208	0.0002651252867	0.0001922387537	0.0002295423238	0.0002841123656	0.003248362428	0.00304677881	0.005048284854	0.004329552677	0.006063957291	0.002693114266	0.0054612786	0.003408787758	0.00412844451	0.002953794779	0.0006113157985	0.003257087812	0.003539993739	0.002575558539	0.002698881629	0.001984488913	0.003086213393	0.00230925469	0.004514181112	0.003142202046	0.003322692351	0.001429023933	0.001985619465	0.002565168301	0.001704700522	0.00116501526	0.0001909161627	0.001593277652	0.002016164503	0.001155371496	0.001550443669	0.001655118847	0.002101628039	0.001597123078	0.001539248107	0.00382921527	0.009522340662	0.003210804871	0.006611101099	0.004824472725	0.006454414334	0.003645028215	0.00113110954	0.004336243067	0.005728043961	0.003902894738	0.005880392814	0.003801651483	0.004573231547	0.003614286493	0.006020779496	0.006076989613	0.01064246371	0.007727429833	0.01329663588	0.009068901031	0.01613776573	0.006444459282	0.002691830392	0.009463229827	0.0005746317089	0.0004566129202	0.0005292841838	0.0004581414885	0.006731554446	0.008117577136	0.01401511098	0.009264596486	0.001063720897	0.0005271160018	0.001771726769	0.000856952227	0.0008081944615	0.001181236358	0.0002669279751	0.0008577374186	0.0006539918137	0.0008819002576	0.001073624842	0.0005892653882	0.0008674833964	0.0008645129872	0.002079413467	0.001055827166	0.004301820081	0.002067869447	0.00273811643	0.002953226406	0.003929944357	0.002460129179	0.0005746239654	0.003140439624	0.005013916073	0.002918262924	0.003986693421	0.003620628425	0.003886730942	0.003222960628	0.003904197196	0.006530681682	0.008149551625	0.003079174546	0.005988752352	0.004795476389	0.00464152618	0.002586012273	0.0006988391083	0.003058017736	0.004229687765	0.002191872418	0.003748162435	0.002282480741	0.002900096656	0.002290470491	0.004083076852	0.003439261555	0.006180100602	0.00416694058	0.007930463035	0.005040603295	0.009438983359	0.004910589814	0.001542799279	0.008755659141	0.0002908708985	0.0002670301894	0.0003052583343	0.0002758004853	0.004984174812	0.004252698371	0.009298519241	0.005853923958	0.007928579815	0.003346035927	0.01028264308	0.004704463855	0.00801324577	0.00481874253	0.002067643336	0.007575884757	0.006086018542	0.003468595508	0.004143909842	0.002975306241	0.004621820504	0.00389950618	0.009093709678	0.005204530239	0.00248521969	0.001086152288	0.00191876977	0.002096557591	0.001894133029	0.001111139036	0.0002059865758	0.002076596379	0.002468055432	0.001345841633	0.001886267174	0.001814329995	0.002530130481	0.002002102294	0.002313185294	0.004723762223	0.01127911782	0.003771371274	0.005733885663	0.007104189034	0.007163335488	0.003331185429	0.0006772718929	0.004926431481	0.004671574084	0.002614985378	0.003388900883	0.003154500283	0.007511977595	0.004263785524	0.006494329015	0.008876131072	0.005117654286	0.004244375649	0.005228708565	0.005160023659	0.005562260125	0.004262236822	0.0005237444789	0.005629639476	0.000279147229	0.0001643590314	0.0001859370877	0.0002104886507	0.004883815865	0.006074070311	0.006674331479	0.007113241194	0.009618264128	0.004348432895	0.01018404501	0.006580238578	0.007559716315	0.0050070863	0.0008816338809	0.00646577251	0.005610241991	0.004205540414	0.006545659173	0.004079937634	0.00777383667	0.005904873136	0.01041962107	0.00931869882	0.003608864489	0.001526903409	0.00203504627	0.002814557233	0.002113819417	0.001365531822	0.0001998506209	0.001865745332	0.002975208673	0.001427817494	0.001782793789	0.002288525322	0.004168758756	0.002784594507	0.002962360647	0.005681545751
Prostate	V25_S5	310936075	0.009653903942	0.00359714131	0.005951943659	0.005676671644	0.004553228505	0.002163936751	0.0004786932491	0.002579613832	0.003956224764	0.002038283914	0.002684989189	0.0020678141	0.003599112776	0.001906218183	0.003574808745	0.003120348773	0.006257771794	0.003798716505	0.006313316974	0.005343664289	0.005848986805	0.00359012379	0.0008170328901	0.004976157881	0.0002645399058	0.0001975004026	0.0002306808562	0.0002872005122	0.003411981064	0.00321032225	0.005253610409	0.004637197533	0.006026081084	0.002707479343	0.005429469707	0.003444563324	0.004198969193	0.002960338391	0.0006355582896	0.003355635077	0.003518945172	0.002590384535	0.002703851588	0.001996046937	0.003224643522	0.002416866554	0.004596189104	0.003299996631	0.003398788642	0.00147389781	0.001965040563	0.002698422819	0.001785598535	0.001197513026	0.0002018775081	0.001718189181	0.002093404569	0.001201812945	0.001536003823	0.001725737356	0.00229770058	0.001739045558	0.001606857615	0.00413482096	0.008655679467	0.003000700385	0.005986021403	0.004502915913	0.006153686091	0.003487948447	0.001072101396	0.00420311474	0.005242788248	0.003612890527	0.00529787031	0.003514609876	0.004386586536	0.003484478281	0.005591351856	0.005837521426	0.009989947291	0.007330673998	0.01229190276	0.008619823223	0.01533010604	0.006146044649	0.002569795094	0.009155898041	0.0005272948789	0.0004307509188	0.000484536894	0.0004309374523	0.006429057806	0.007851044624	0.013068921	0.008946771455	0.001008052861	0.0005052678432	0.001636921673	0.0008244363411	0.0007825081088	0.001133377656	0.0002594938526	0.0008465662918	0.0006224687824	0.0008522909412	0.001008271555	0.0005707604047	0.0008367893626	0.0008343772912	0.001992808329	0.00103066201	0.00381376783	0.001858005701	0.002386120684	0.002684336322	0.003628662258	0.002266954711	0.0005306749949	0.002958325116	0.004518436788	0.002685748188	0.003456060864	0.00329287298	0.003629926183	0.003051077299	0.003494059028	0.006135151735	0.00807880205	0.003129016149	0.0059768491	0.004874712592	0.004888094764	0.002661524559	0.0007365340287	0.003233783664	0.004273016568	0.002243914605	0.003721639569	0.002363151333	0.003102049191	0.002399798737	0.004282751688	0.003637963205	0.00634970709	0.004265793218	0.007991266372	0.005214714954	0.009711166515	0.005020607532	0.001540287662	0.009007719674	0.0003034257122	0.0002816688286	0.0003124275625	0.0002874835286	0.005289775398	0.004479846862	0.009694770862	0.006207427041	0.007932077357	0.003412466694	0.01014627524	0.004772148102	0.008335314582	0.004946749907	0.002101300082	0.008015875932	0.006170991899	0.003568144996	0.004254202411	0.003080581756	0.004893494587	0.004079301509	0.009428468536	0.005486282028	0.002609343416	0.001153706594	0.001985006082	0.002264590881	0.002055454646	0.001181802401	0.0002228721772	0.002315733226	0.002625928818	0.001437266486	0.001941534124	0.001956829873	0.002805039589	0.002195998004	0.002477653968	0.005166020057	0.01132739262	0.003840538606	0.005708469177	0.007211922901	0.007375512796	0.003393533542	0.0006878809414	0.005004617107	0.004711042294	0.002632711563	0.003368525186	0.003192765587	0.008035497329	0.004486729306	0.006727804099	0.009236049564	0.005201602934	0.004286611002	0.00520280897	0.005286623625	0.005687046767	0.004286916531	0.0005331256593	0.005735413622	0.0002781150434	0.0001657285987	0.000182336514	0.0002139314327	0.005112414184	0.006327364877	0.006823238507	0.007449762785	0.009590945663	0.004367019813	0.01003431654	0.006618099878	0.007651421598	0.005081375649	0.00090153579	0.006603887953	0.00556214328	0.004221349999	0.006430357108	0.004084099923	0.007999477063	0.006083285769	0.01060575876	0.009563020309	0.003568733541	0.001525001562	0.001929624924	0.00280722975	0.002140697248	0.001345247572	0.0001998224233	0.001894189987	0.002998252937	0.001441260877	0.001709743715	0.002329343741	0.004279657804	0.002859041042	0.002884814829	0.005704590566
Prostate	V25_S6	401988811	0.01073255494	0.003709334586	0.0059480362	0.00611042878	0.004778697684	0.002242763916	0.00048577969	0.002820630746	0.004098352877	0.002001359187	0.002664469683	0.002122270513	0.003914278102	0.002015648142	0.003639748072	0.003605058052	0.006206657827	0.003646474628	0.005942334549	0.005402025978	0.005800723643	0.003526399146	0.0008137738938	0.005052538639	0.0002539548296	0.0001857439758	0.0002137223665	0.0002804008393	0.003529757449	0.003278631056	0.005188390679	0.00509282583	0.006116717512	0.002588062084	0.005071835196	0.003497346099	0.004170215573	0.002906123176	0.0006021386501	0.003371044076	0.003353919221	0.002401529529	0.002493726125	0.001924961538	0.003216624355	0.002375590996	0.004360902473	0.00355324069	0.003202947358	0.001380195132	0.001755996636	0.002605234204	0.001744279892	0.001190956034	0.0001977418222	0.001765924773	0.001977333643	0.001118272419	0.001408546667	0.001641468573	0.002273722489	0.001763991884	0.001547008233	0.004323334263	0.009401525357	0.003118775861	0.006073293418	0.004870777361	0.006413240691	0.00358423409	0.00106681825	0.004402274271	0.005338203306	0.003584955503	0.005211057976	0.003569542138	0.004728260956	0.003664903001	0.005777078706	0.006505225838	0.009896932181	0.007007854256	0.01171767191	0.008521281952	0.01485157009	0.005959034019	0.002382563827	0.008960045408	0.000502653294	0.0004065187775	0.0004554430248	0.0004167255292	0.006555070509	0.007691619556	0.0127575516	0.009188382609	0.001075505059	0.0005148003983	0.001657262545	0.0008791264591	0.0008095349699	0.001153793308	0.0002530294307	0.0008594940718	0.0006385575742	0.0008225726462	0.00103292676	0.0005673516122	0.0008780020497	0.0008463195758	0.001997791924	0.001101946094	0.003738096581	0.001812876329	0.002269854222	0.002693465515	0.003612274671	0.00227836441	0.0005044120494	0.002998277482	0.004353767946	0.002557357249	0.003236035343	0.003221731463	0.003699088033	0.00308927504	0.003453834938	0.006399906986	0.008874505714	0.003186964326	0.005959384775	0.005219779612	0.004953473693	0.002630702574	0.0007167537805	0.003392029735	0.004410776995	0.002217350273	0.003684236873	0.002388121196	0.003274135906	0.002441744579	0.004250640698	0.004088347623	0.006227894736	0.004053540684	0.007585693722	0.005142638162	0.00925734224	0.004835179355	0.001474652985	0.008685642248	0.000289244369	0.0002685323498	0.0003081055905	0.0002838362583	0.00515131502	0.004398455757	0.009170038815	0.006363781603	0.00789114501	0.003221117018	0.009430075903	0.004740768767	0.007968744185	0.004645278547	0.001946872596	0.007601273758	0.005771148192	0.003293061806	0.003909285425	0.002962898388	0.004772316909	0.003869739549	0.00872080243	0.005558910942	0.002523789151	0.001106963646	0.001813239523	0.002242107181	0.002020762712	0.00119036149	0.0002159512843	0.002318325721	0.002488163781	0.001362679719	0.001850170899	0.001904324148	0.002717316926	0.002150256366	0.002356826792	0.005249939656	0.0123917852	0.004004631363	0.005795773256	0.007851017027	0.007698681942	0.003570039665	0.0007043081605	0.005391834152	0.00486492894	0.0026368719	0.003350342007	0.003311124498	0.008419448272	0.004632467245	0.006795094603	0.01013293129	0.005233031225	0.004158926702	0.005021948235	0.005248111247	0.005678329689	0.004253008923	0.0005198254137	0.005695544098	0.000279249066	0.0001654026137	0.0001820473555	0.0002201180669	0.005103776383	0.006166134311	0.006649981111	0.007530249393	0.01001234584	0.004358894954	0.009755978009	0.006876318257	0.007858820727	0.005205587675	0.0008975747337	0.006832635449	0.005517178437	0.004079073733	0.006211852001	0.004101285794	0.00815547575	0.006081975252	0.01043394713	0.0100863877	0.003328107558	0.00142856215	0.001718694603	0.002648327443	0.002164953293	0.001357246732	0.0001949880142	0.001880893148	0.002815364431	0.001382839484	0.00158726806	0.002212066544	0.004143065564	0.002783639667	0.002723274803	0.00571653722
Prostate	V2_S1	31343701	0.01417940402	0.005920870672	0.008152579046	0.008678234903	0.006001397219	0.003587897932	0.0009028608332	0.004219954753	0.007266595607	0.004592693122	0.006373210362	0.005122751777	0.00600302434	0.004045118986	0.006307296002	0.005954274513	0.005116721857	0.004263280842	0.006384536402	0.004386942053	0.004389526304	0.003371937475	0.0008342665086	0.00389551955	0.0007605993944	0.0008972137655	0.0011409629	0.0008883762642	0.002654089892	0.003488388305	0.004590810766	0.003791160463	0.007982114173	0.004816661568	0.007389491113	0.00509761116	0.00530211796	0.005367043286	0.001215395719	0.00497822513	0.007059695982	0.006500412954	0.006169469266	0.00495850825	0.003564288723	0.003390505799	0.005802665103	0.004215711476	0.005421918745	0.002946748375	0.003539594766	0.004509231376	0.004236513104	0.003487239749	0.0007033311095	0.004307883105	0.005206213523	0.003602924875	0.005604028701	0.004792924741	0.004631935457	0.004034973407	0.003991041135	0.007466731513	0.005933153842	0.002745495817	0.004385953018	0.003100144428	0.004809929753	0.003886809666	0.001388317225	0.003745473453	0.005642888183	0.005314528747	0.006976936131	0.004040078101	0.002752195728	0.003043769464	0.004571508642	0.003998283419	0.003862147613	0.004061485911	0.00622893895	0.003471989476	0.00519935409	0.003459387263	0.001789801402	0.003550665571	0.0009542587201	0.001466227616	0.001682570925	0.0008461030176	0.002168346361	0.00468036624	0.006048998489	0.00334740304	0.0007027249271	0.0005248582482	0.0012961775	0.0006063738293	0.0007785934405	0.001547487963	0.0007486990767	0.0008152834281	0.0009303304674	0.001413011182	0.001855460528	0.0006924836349	0.0004016436987	0.000707542482	0.001359284279	0.0005740866402	0.003208555365	0.002372055553	0.002643178609	0.00242632483	0.005302054151	0.005270883614	0.001381043036	0.004763923699	0.005130983096	0.005181264331	0.007139488729	0.004887393483	0.0025783809	0.003814993003	0.004136142059	0.004876418391	0.006850148296	0.00316114552	0.00547344425	0.004209426321	0.003839144586	0.002767222671	0.000973560844	0.00290102946	0.006389960139	0.004118467057	0.007086718955	0.003745983922	0.00244655218	0.002672434886	0.004169418283	0.00356971246	0.003523546884	0.003223741829	0.005601253024	0.003047693698	0.004590970288	0.003717652871	0.001497430058	0.004723596617	0.0008160491322	0.001207993912	0.001586570775	0.0008840372743	0.002344139258	0.003425536761	0.005893592464	0.003109524303	0.005392917703	0.003047725602	0.007167405023	0.003559439263	0.004865411395	0.004417984972	0.002095508759	0.005016382718	0.006038789102	0.004633722099	0.005218305267	0.00383078565	0.002270727378	0.002858851927	0.005536965785	0.003312276365	0.003072642889	0.001648050433	0.002923394401	0.002514667939	0.003140790553	0.002604925309	0.0005854764886	0.003654514188	0.004745451088	0.003469915694	0.005709632057	0.003896636201	0.002257359461	0.002748367208	0.003259315165	0.004540401914	0.006456065925	0.002538723809	0.003537776219	0.004431225272	0.004109278608	0.002180980478	0.0005078851409	0.002954341608	0.003756001884	0.002754078084	0.003166888301	0.002707242517	0.00370948536	0.00246001581	0.003526258753	0.005024837367	0.004378519308	0.004170853978	0.005358716254	0.0041055458	0.004862220961	0.004775536877	0.000996372445	0.005082584217	0.0007230160854	0.0007404039491	0.000955758224	0.0006093090283	0.003138206302	0.005240861633	0.005771685992	0.004953052609	0.005836164657	0.003321688144	0.006670622592	0.004159208895	0.004961634875	0.004410264123	0.001003869964	0.004568764869	0.005626999824	0.005141192484	0.007253419116	0.004594671191	0.003834709883	0.003563491114	0.006170362587	0.004953052609	0.005135417799	0.003105376739	0.003766881263	0.004616398044	0.005555374587	0.004694308435	0.0007964598692	0.006103682523	0.004720023331	0.003726139424	0.005014085605	0.004773814043	0.00596138918	0.005994761116	0.006867472351	0.01013584835
Prostate	V32_S1	457965921	0.008980454247	0.003495046087	0.005605410539	0.005404338809	0.004197716275	0.002209684069	0.0004611019954	0.002590635996	0.003471657883	0.00192111893	0.002489691804	0.001957425125	0.002919885386	0.001795744972	0.003223864336	0.00292747547	0.005562870256	0.003659881496	0.00594813473	0.005079006741	0.005612537707	0.003677323842	0.0008218690141	0.005141011355	0.0002472498385	0.0001943114016	0.0002211823967	0.0002868750577	0.00313166752	0.003207756151	0.005122158424	0.004743252501	0.00536511755	0.002596090551	0.004965738488	0.003274846296	0.003834756953	0.002907491451	0.0005805977864	0.003315890835	0.003231150905	0.002522803438	0.00245061466	0.001956097515	0.002912603185	0.002414288813	0.004419606148	0.003361800364	0.002485551758	0.001170598019	0.001570787185	0.001951599364	0.001388743072	0.001035417655	0.0001719713114	0.001458232959	0.001599468359	0.0009730178154	0.001274203982	0.001372200356	0.00161915323	0.001409676944	0.001292666054	0.00331569213	0.01000406535	0.003655431383	0.007489609691	0.00529238288	0.007515930427	0.004436865074	0.001378039219	0.005312873488	0.006225945795	0.004662822935	0.006827252546	0.004362263453	0.004959032749	0.004241007706	0.00704398483	0.006896659457	0.01190241621	0.009063440771	0.01581378585	0.01041347354	0.01924548661	0.007460175186	0.003210791311	0.01099303413	0.0006431068044	0.0005158833642	0.0005890722161	0.0005290000607	0.007712536759	0.009282374092	0.01697830481	0.01055615009	0.001154948383	0.000601625552	0.002107645909	0.00097169894	0.0009761490528	0.001485090852	0.0003064354651	0.001058749085	0.0007723478621	0.001082484476	0.0012900021	0.0007341223104	0.001083951834	0.001135553927	0.002656656193	0.001349788208	0.004197364721	0.002226401471	0.002816192081	0.002985012503	0.004199161797	0.002684055611	0.0006380889638	0.003398049786	0.005121964086	0.003184935676	0.004172810492	0.003995375892	0.003912496362	0.003384745303	0.00420020991	0.006842928385	0.00733961163	0.002968552763	0.005584664454	0.004534114668	0.004202878231	0.002607045514	0.0006777251009	0.003005896153	0.003686686984	0.002060908807	0.003429054277	0.002159935826	0.00240763548	0.002259441047	0.003608923556	0.003291260181	0.005905227608	0.004215440301	0.007831643875	0.004992373657	0.008940791907	0.004912859007	0.001519892569	0.008994830862	0.0002817458551	0.0002779617307	0.0003069857244	0.0002776494804	0.00473127126	0.004299188891	0.009132572552	0.005876860868	0.007801589237	0.003372076238	0.01019445724	0.004762284484	0.007371323597	0.004788006922	0.002008022776	0.007828106494	0.005664371258	0.003356236631	0.003818369271	0.002936303638	0.00430796902	0.004117500699	0.008844817516	0.005460277469	0.002126907168	0.0009647355398	0.001672017425	0.001809390092	0.00163163014	0.001025543558	0.0001913177291	0.001967098334	0.002068627722	0.001180216639	0.001609438533	0.001533015816	0.00208036877	0.001833671375	0.001997546014	0.004326738976	0.009797943022	0.003639072087	0.005411752024	0.006411201937	0.006863336017	0.00330640978	0.0006568742044	0.004835377259	0.004333499304	0.002618153328	0.003321478587	0.003101008033	0.006435485404	0.00400964988	0.006109535386	0.007854573528	0.004650068711	0.004264286731	0.005156523426	0.00486307146	0.00531580602	0.004156010115	0.0005247988747	0.005462242681	0.0002752279028	0.0001736286399	0.0002038557799	0.0002178109668	0.004349655528	0.005613605472	0.006409749864	0.006437271563	0.008790929227	0.004279947285	0.009852639232	0.006236075369	0.007445154418	0.005086710371	0.000860352227	0.006423084918	0.005506053801	0.004374875745	0.006596783432	0.004198308022	0.008092960262	0.006558614653	0.01118691974	0.009935852847	0.002898254956	0.001387542109	0.001783558476	0.00234479456	0.001826537656	0.00122137254	0.0001850661722	0.001645932515	0.00261053049	0.001354705605	0.001665549695	0.002162093192	0.003453318091	0.002416168866	0.002692014719	0.004729670704
Prostate	V32_S2	520559926	0.00864360043	0.003420080784	0.005550275493	0.005164731025	0.004066507801	0.002215012994	0.0004579818539	0.002499039851	0.003375405813	0.00192596462	0.002484480528	0.001884409366	0.002745862539	0.001740821671	0.00313508958	0.002692400875	0.005367485779	0.003637152815	0.006027916947	0.004877067698	0.005518922715	0.003734943669	0.0008118488936	0.005086113755	0.0002466171397	0.0001902701208	0.0002231212858	0.0002697729752	0.002984338445	0.003177213453	0.005073909589	0.004436578547	0.005285921683	0.002641284762	0.005099017169	0.003220293988	0.003875071628	0.003029491748	0.0006185954468	0.003338032594	0.003271406259	0.002616549857	0.00254530926	0.001941200138	0.002739815204	0.002297858403	0.004290297598	0.003034175166	0.002418290262	0.001126921168	0.00157516351	0.001825509327	0.001355824689	0.001025384347	0.0001677424551	0.001373150264	0.001568067305	0.0009425984896	0.001271907358	0.001258823369	0.001526561997	0.001364974453	0.001234336275	0.003055108395	0.009931336897	0.003686818566	0.007739892755	0.005196606317	0.007612107275	0.004611659254	0.001429914142	0.00537164092	0.00640377377	0.004886728449	0.00722896983	0.004408259041	0.00480904479	0.004198790362	0.007058472649	0.006597194345	0.01217589116	0.009483325076	0.01680080345	0.0105633429	0.02016920911	0.00788683261	0.003522729869	0.01139193915	0.0006942543633	0.0005510835269	0.0006410347461	0.00053009651	0.007771867941	0.009785699485	0.01798623661	0.01058705583	0.001214182976	0.0006397764856	0.00230594969	0.001017195089	0.001033164431	0.0016192641	0.0003387775186	0.001118801066	0.0008192755122	0.001189221392	0.00139388755	0.0007777817304	0.001008003063	0.001092533197	0.002563020958	0.0012499656	0.004260587282	0.002245898967	0.002921761596	0.002944959693	0.004354808902	0.002777622571	0.0006737994657	0.003408787176	0.005394787151	0.003331180357	0.004504853107	0.003923229388	0.003876304916	0.003394170223	0.004317038035	0.006684112292	0.007035067083	0.002945096085	0.005565530221	0.004344335565	0.004147457175	0.002715403029	0.0007012410709	0.002956712423	0.003640551078	0.002083093503	0.003444245149	0.002131985089	0.002280874767	0.002270735685	0.003599587495	0.003089252399	0.00589703096	0.004335122408	0.008156801528	0.004952595986	0.009205831568	0.005218119691	0.001623630552	0.009365968751	0.0002885431484	0.0002885066493	0.0003160404629	0.0002730060324	0.004712708139	0.00444875774	0.009580322554	0.00579147731	0.007917760846	0.003534088792	0.01085439489	0.004851118716	0.007630158992	0.005190735716	0.002163422391	0.008206985952	0.006000048878	0.00360047308	0.004082934344	0.003011634053	0.004084401994	0.004048834524	0.008771921871	0.00516043565	0.002033216441	0.0009179538726	0.001665095519	0.001686589682	0.001562882503	0.001018019201	0.0001930210048	0.001861432184	0.002021552078	0.001148515224	0.001594777006	0.001411931582	0.001950128985	0.001772345419	0.001932530627	0.003995392069	0.009433672772	0.003540357042	0.005328012898	0.006112554657	0.006757398763	0.003297274558	0.0006525780857	0.004722209446	0.004262225902	0.002619039484	0.003326070474	0.002979238167	0.006105907968	0.00385238644	0.005851704766	0.007388957175	0.004561205889	0.004297253569	0.005189477455	0.004737590961	0.005347376663	0.004285293371	0.000538541263	0.005507890363	0.0002725622794	0.0001692331576	0.0001968495746	0.0001998309797	0.004245236503	0.005688860882	0.006402552009	0.006247645732	0.008743884753	0.004352797607	0.01020612947	0.006210681688	0.007630829423	0.00529100275	0.0009112130541	0.006560775867	0.005602868862	0.004538228707	0.006948819568	0.00416527837	0.007210099765	0.005897173114	0.01009044058	0.008713382981	0.002768747512	0.001307964686	0.001740055188	0.002184461276	0.001741422946	0.001174179896	0.000184167077	0.001553225593	0.002565441428	0.00129945846	0.001624416244	0.001961242018	0.00331228916	0.002332336662	0.002594925065	0.004477768809
Prostate	V32_S3	419828371	0.009176857178	0.003593320757	0.005638070611	0.00561218146	0.004401167543	0.002289154489	0.0004843574519	0.002714171025	0.003515317453	0.001918059987	0.002479327439	0.001932654046	0.003159069495	0.001898156616	0.003378218572	0.003082738303	0.005719572963	0.003790575173	0.006004127339	0.005361538561	0.005875941624	0.00378355802	0.0008796928114	0.005397798616	0.0002455265226	0.0001887604685	0.0002088496301	0.0002781088846	0.003396549873	0.003379781115	0.005338572033	0.005068923748	0.005265942353	0.002580430659	0.004818538097	0.003288681984	0.003953096348	0.00294025627	0.0005960650049	0.003368626557	0.003128618957	0.002448412425	0.002347811792	0.001859193075	0.002904875145	0.00232438317	0.004229313983	0.003269252616	0.002501853311	0.001195405158	0.00151149623	0.002066439669	0.001491216514	0.001090088311	0.0001884817832	0.00155144827	0.001635053863	0.0009764109058	0.001240185361	0.001344192148	0.001802007802	0.001546331894	0.00132450315	0.003533200952	0.009938530333	0.003653928858	0.007360460163	0.005353258987	0.007537294329	0.004438771004	0.00138704061	0.005351539236	0.006032548477	0.004529620034	0.006561802847	0.004204692017	0.005067549377	0.004264399749	0.006983360827	0.007030935029	0.0119389192	0.009086737018	0.01573059006	0.01057276808	0.01906390219	0.007322861465	0.003268366539	0.01088851854	0.0006238811336	0.000496926874	0.0005418928679	0.0005047419723	0.007853044786	0.009321547257	0.01696752886	0.01065064276	0.001184981851	0.0006076221085	0.002163386428	0.0009990177629	0.0009778710263	0.0014987434	0.0003122704635	0.001046349009	0.0007594293812	0.001083911978	0.001247445471	0.0007097042996	0.0010115062	0.001046191802	0.00242124418	0.001237584298	0.004100818618	0.002191471715	0.002651919396	0.00295690593	0.004114200276	0.002632349494	0.000628837921	0.003361063943	0.004963473514	0.003036805247	0.003817031222	0.003701145771	0.003987798624	0.00336264316	0.004092519988	0.006837660812	0.007572401533	0.00312999571	0.005677627251	0.004802410078	0.0045045193	0.002693760303	0.0007140370225	0.003182619595	0.003832237436	0.002079266339	0.003429834903	0.002208211889	0.002708935552	0.00244453465	0.003883503623	0.003515122135	0.005951317664	0.004274325234	0.00770057772	0.005100898719	0.009223647727	0.004882371325	0.001554127937	0.009073148132	0.0002719563705	0.0002657681274	0.0002762795657	0.0002631456272	0.004947717076	0.004350658808	0.009263135292	0.005989535662	0.007875837434	0.003450619587	0.01024068952	0.004911302195	0.007877404741	0.004899461642	0.002108523533	0.008104890558	0.0057962805	0.003372992627	0.003786380602	0.002920648257	0.004458090804	0.00398681727	0.008697863823	0.005288172866	0.002145283793	0.001001726012	0.00164112301	0.001899650083	0.001707059478	0.001044941291	0.0001983739208	0.002022607472	0.002100722726	0.001190160157	0.001574069419	0.001550733693	0.00226158608	0.001902413117	0.002049801918	0.004426039611	0.009939530742	0.003678217354	0.005336318731	0.006547592278	0.007033447961	0.003374297922	0.0006601983552	0.004996594192	0.004255936767	0.002562802027	0.003198376034	0.002979679522	0.006720634418	0.004072721422	0.006124062063	0.008030171929	0.004621062163	0.004243762745	0.004956868434	0.004903968246	0.005354864405	0.004153959381	0.0005124522659	0.005483505068	0.000267192519	0.0001594222893	0.0001689476103	0.0001948296153	0.004474852415	0.005697321013	0.006284839668	0.006511732386	0.008667882524	0.004237167192	0.009611777761	0.006215244562	0.007449325048	0.005013370095	0.0008492518006	0.006371853797	0.005287093854	0.004203012759	0.006249401377	0.003912953753	0.007322351733	0.005786307377	0.009844272768	0.008812610713	0.00272478965	0.001295765216	0.001556659924	0.002213299682	0.001740413584	0.001194609594	0.0001804975681	0.001556602758	0.002458509408	0.001237484258	0.001421014017	0.001897139534	0.003453720854	0.002382116286	0.002498168472	0.00481025376
Prostate	V32_S4	425478283	0.008886002297	0.003455419604	0.005629539969	0.005395777157	0.004188538102	0.002173304812	0.000450756261	0.002544035837	0.003569279704	0.001919143779	0.002550092551	0.002005174022	0.003007424941	0.00177887105	0.003259433102	0.002831615733	0.005322088319	0.003534803209	0.005673121512	0.004944007918	0.005480984796	0.003555662088	0.0007589553049	0.004954118892	0.0002535147017	0.0002009691291	0.0002247893813	0.0002934086297	0.003058097327	0.003061439448	0.004826114709	0.004332564255	0.005314287686	0.002562330543	0.004923518035	0.0032078394	0.003822853163	0.002850065558	0.0005701560096	0.003175722602	0.003309202975	0.002527567312	0.002490576	0.00197619722	0.002811092946	0.00227904699	0.004199969943	0.003017766244	0.002706601126	0.00128059415	0.001715109864	0.002209992936	0.00158297621	0.001106188068	0.0001891071841	0.001533582385	0.001790157172	0.001088520892	0.00144420062	0.001530952404	0.001800075422	0.001492851751	0.001362175282	0.003317041213	0.009987658994	0.003659610989	0.007536753644	0.005287945566	0.007443343471	0.004427492719	0.001371089955	0.005203217387	0.006378602877	0.004668003232	0.006976349014	0.004414281704	0.005006185004	0.004195871026	0.007010733847	0.006738264007	0.01154609106	0.008826295372	0.01529702516	0.01022679928	0.01834777546	0.0072591014	0.003157780441	0.0106025858	0.0006715900938	0.0005263088833	0.0006039250657	0.0005401568286	0.007469864214	0.009038501267	0.01639375094	0.0101134962	0.001156808748	0.0005973160327	0.002138358258	0.0009894488551	0.0009609726661	0.001501757024	0.000310509385	0.001035162117	0.0007684787052	0.00108033481	0.001282147695	0.0007350598432	0.001002713927	0.001070247339	0.002471066191	0.00123783286	0.004441258404	0.002352888596	0.003004682145	0.003188896012	0.004508154885	0.002838455095	0.0006991285146	0.003572203472	0.005471014839	0.003367142478	0.004571521221	0.004199166142	0.004102239926	0.003484443412	0.00434077619	0.006855438025	0.007467173125	0.003070751322	0.005740758336	0.004692535623	0.00438362209	0.00263720158	0.000670060051	0.003040597021	0.00397675291	0.00212361955	0.003687647672	0.002323251361	0.002669076297	0.002371991804	0.003891338445	0.003295679371	0.005664984786	0.004044887997	0.007349117746	0.004846299053	0.008741177044	0.004708914838	0.001434453941	0.008627996179	0.0002875986975	0.0002797275554	0.0003060837773	0.0002846819799	0.004647741328	0.004109504691	0.008697304064	0.005466673842	0.007846423974	0.003466306176	0.01035565192	0.004860628809	0.007737633462	0.00484516621	0.002045502755	0.00773999786	0.0059217711	0.003399130009	0.003972223889	0.003011096103	0.004450069664	0.004023373386	0.008894127271	0.005112914306	0.002258366733	0.001048953655	0.00178617342	0.00194620274	0.001830739737	0.001090878239	0.0002070516958	0.002046118532	0.002320682487	0.001321399993	0.001856813923	0.001738716239	0.002308949808	0.001896801863	0.002145952065	0.004280472289	0.009974889835	0.003642618347	0.005465085042	0.006534103175	0.006906782596	0.003357473359	0.0006526702093	0.004907627683	0.004414989143	0.002612951223	0.003375934936	0.003086951914	0.006693502615	0.004062738497	0.006128070701	0.007941375941	0.004689454385	0.004238162257	0.005093848703	0.004932952124	0.0053382043	0.004147652349	0.0005254087199	0.005477097406	0.000297147951	0.0001762980697	0.0002100882785	0.0002187679224	0.004361616266	0.005650619776	0.006248483427	0.006458896047	0.008881351061	0.004279818907	0.009880323316	0.006319452972	0.007364932889	0.00508128872	0.0008582835237	0.006380095315	0.005660860016	0.00434514304	0.006658751135	0.004243335259	0.007412281957	0.006054734408	0.01023506058	0.008998703701	0.003174267769	0.001464490727	0.001941154303	0.002541415257	0.002007841608	0.001333482865	0.0002141213868	0.001798157581	0.002761410034	0.00139865658	0.001812003176	0.002211544132	0.003642890982	0.002519261365	0.002778137092	0.005049348194
Prostate	V32_S5	424035548	0.009754948658	0.003616130787	0.005689751747	0.005769945495	0.004425157298	0.002259192666	0.0004591761255	0.002659465711	0.003643600182	0.001912714639	0.002523238924	0.001979296321	0.003281456016	0.001876583234	0.00334918147	0.003084493756	0.005687141117	0.003692265914	0.005918973095	0.005230799659	0.005724263004	0.003704955887	0.0008028690085	0.005137472578	0.000245253023	0.0001867225528	0.0002115459433	0.0002759414878	0.003339852064	0.003218234901	0.0050594744	0.004695311536	0.005402167367	0.002565560848	0.004870631742	0.003271140843	0.003921397647	0.002907230316	0.0005837859613	0.003267131745	0.003201200952	0.002442106575	0.002394707248	0.00187371555	0.002889814323	0.002275526202	0.004161610998	0.003168168344	0.002582443866	0.001200517274	0.001533036565	0.002105191426	0.001509599851	0.001079874086	0.0001810107675	0.00148390625	0.001672319699	0.000987204969	0.00128336646	0.001381893577	0.001854613378	0.001466683638	0.001309038836	0.003450040939	0.01018793123	0.003632438382	0.007322492217	0.005383152452	0.007479766767	0.004412677213	0.001338625978	0.005228971982	0.006140112574	0.004508353153	0.006645018356	0.004225777788	0.005093931417	0.004164547072	0.006889132323	0.006898303724	0.01173240787	0.008925077197	0.01539353253	0.01031592049	0.0186317233	0.007274883001	0.003182176604	0.01066654676	0.0006304094109	0.0005001679718	0.0005652309131	0.000505533088	0.007691843326	0.009104823919	0.0166136708	0.01030589303	0.001186678811	0.0005993271111	0.002129837945	0.0009787622806	0.0009702629931	0.001492313564	0.0003157659791	0.001038778475	0.0007691100464	0.001069747577	0.001290882339	0.0007253189065	0.0009825473406	0.001038934123	0.002385976847	0.001227727256	0.004142921527	0.002198355785	0.002652687977	0.002962360127	0.004118614603	0.002622324957	0.0006155002835	0.003317710052	0.004985152801	0.003031545365	0.003935688901	0.003748820134	0.003980633246	0.003304053178	0.004061730221	0.006721580333	0.007874502541	0.003140114093	0.005736033244	0.004883189652	0.004503115385	0.002661510351	0.0006859613572	0.003122740549	0.004008482327	0.002096604882	0.003546445592	0.002258817697	0.002779236329	0.002379998575	0.003861874335	0.003428691313	0.005810432667	0.004174008543	0.007581171001	0.00496425361	0.009067463844	0.004863950699	0.0015251976	0.008884394287	0.0002722814173	0.0002668714935	0.0002864123081	0.0002676143558	0.004881357258	0.004250263942	0.009042774876	0.005714237902	0.007984597084	0.003423618625	0.01030032746	0.0048842839	0.007935405453	0.004875532275	0.002074809539	0.007917947011	0.00591410322	0.003403365607	0.003904274082	0.002972491353	0.004470570944	0.003958609149	0.008742882566	0.005213513373	0.00216330212	0.0009903367819	0.00164517339	0.001904833224	0.00172634583	0.001045032668	0.0001985045839	0.001965512099	0.002141414804	0.001207891655	0.001649515007	0.00160187985	0.0022955599	0.001847842719	0.002050167737	0.004313845876	0.01051516794	0.003712875035	0.005410485066	0.006906751129	0.007141429567	0.003400941281	0.0006487545709	0.005157395436	0.004402510612	0.002561667306	0.003236061237	0.003050300868	0.007048258133	0.004118100495	0.006134247499	0.0084355805	0.004693321136	0.004221660209	0.004949106295	0.004948363433	0.00535950585	0.00419390546	0.0005156855387	0.00552200166	0.0002693500593	0.0001623189384	0.0001784638112	0.0002008793848	0.004577477075	0.005768900771	0.006301070777	0.006613589387	0.008929602761	0.004223374687	0.009650221589	0.006319474895	0.007425811385	0.005070971078	0.0008557537256	0.00641149784	0.005421580834	0.00419593595	0.006383283224	0.004025155457	0.007396625153	0.005777435433	0.009771900067	0.009042531972	0.002797513099	0.001293398637	0.001572500238	0.002278073158	0.001781018133	0.001204759842	0.0001753296401	0.001588623886	0.002483529989	0.001235794976	0.00146462249	0.001946409927	0.003546405501	0.00238826675	0.0025091269	0.005049079046
Prostate	V32_S6	464905151	0.009278890524	0.00358603039	0.005758120757	0.005596892171	0.004365335586	0.002205267027	0.000443810957	0.002491589946	0.003591771346	0.001908034355	0.0025106562	0.001936083087	0.003169323886	0.001760307448	0.003372455643	0.002693046092	0.005674249886	0.003722641051	0.006010387267	0.005092322584	0.005720446406	0.00363680849	0.0007256576944	0.004893148624	0.0002434969795	0.0001777889529	0.000203372666	0.0002710359301	0.003220542936	0.002979786301	0.00490761394	0.004035255355	0.005239251479	0.002545910703	0.004837253352	0.003141212776	0.003951780263	0.002824778338	0.0005706260716	0.003058202296	0.003164458378	0.002394342153	0.002355228798	0.001832302779	0.002876954573	0.002171382696	0.00423322907	0.002774494964	0.002642807887	0.001224851991	0.001587960466	0.002109991679	0.00151925828	0.001021219057	0.0001721555458	0.001323061271	0.001711738401	0.0009884854986	0.001301508488	0.001385312679	0.001849112659	0.001396011635	0.001305055448	0.003115872123	0.01020737884	0.003685799128	0.007553762294	0.005450171921	0.007534306713	0.004380209588	0.001346025095	0.00518395848	0.006126735731	0.00449712806	0.006668887177	0.004243637645	0.00520197936	0.004141027467	0.007093135004	0.00672707539	0.01219229339	0.009196163972	0.01599919894	0.01066616919	0.01943813266	0.007405856856	0.003294289161	0.01088365011	0.0006197070507	0.0004840127056	0.000527608695	0.0004956602427	0.007943613858	0.009122370425	0.01716194364	0.01027825781	0.001216527713	0.0006247381845	0.00226618698	0.001028005388	0.001001524717	0.001526825415	0.0003207320884	0.001069659045	0.0007693612326	0.001105287818	0.001270248348	0.0007335109092	0.001058392231	0.001063885825	0.002554792085	0.001252266185	0.00434467976	0.002262070011	0.002764288581	0.003073893668	0.004172083264	0.002539773968	0.0006075776949	0.003234898552	0.005158542543	0.003066449139	0.003922778649	0.003801992721	0.004156536007	0.003279301158	0.004157284547	0.006675176632	0.007613346491	0.003135134117	0.00579397108	0.004761878838	0.004498874653	0.002613522344	0.0006738277675	0.00292999765	0.00393857757	0.002026574664	0.003456963203	0.002207929935	0.002759227333	0.002277653835	0.003945071368	0.003053113085	0.005877585985	0.004241299533	0.007692579857	0.004972057193	0.009282480503	0.004759667634	0.001503786307	0.008732826451	0.0002627482181	0.0002560629835	0.0002581365247	0.0002553424064	0.004848875077	0.004075941073	0.009018592268	0.005283746577	0.007977640153	0.003470290653	0.01049002359	0.00484491513	0.008110475851	0.004835360493	0.00206899622	0.007673532961	0.005926636851	0.003379442014	0.003834670354	0.002937876677	0.004626451213	0.00390757985	0.009013520265	0.004918056931	0.002184129382	0.001010085603	0.001669940628	0.00187546212	0.001723250427	0.0009773735546	0.000186709052	0.001786749401	0.002183305558	0.001221158765	0.001617521334	0.001619921824	0.002345725784	0.001788859509	0.002063788706	0.004001300042	0.0103514792	0.003774268786	0.005500425182	0.006830597581	0.007286253965	0.003457599892	0.0006675555204	0.005189127276	0.004367591961	0.002568919698	0.003239884516	0.003005337749	0.007180103281	0.004218167933	0.006358494832	0.008361174299	0.004720304766	0.004303994042	0.004952653235	0.00505195306	0.005444392248	0.004199888936	0.0005042361856	0.005575513617	0.0002607843766	0.0001519772363	0.0001541088539	0.0001885847034	0.004638513889	0.005762330218	0.006311431469	0.006526692581	0.008937795142	0.004308369128	0.009826270993	0.00640719939	0.007596859257	0.005098640002	0.0008593817452	0.006480319681	0.00537572878	0.004207942192	0.006330383722	0.003961038066	0.007611728957	0.005898347209	0.01013843144	0.009002158808	0.002815544197	0.001291880717	0.001566386172	0.002289316429	0.001743342697	0.001171288377	0.0001738591191	0.001531379032	0.002475866308	0.001204351035	0.001387130254	0.001894668188	0.003586643418	0.002352045353	0.002484696067	0.004971123669
Prostate	V36_S10	550394381	0.01004027329	0.003817241005	0.005949065094	0.006248770189	0.004642523776	0.002239844814	0.0004543015129	0.002737228162	0.00371843004	0.001914923256	0.002467378024	0.002055827674	0.003581366504	0.001897553892	0.003532125449	0.003194671059	0.006083739434	0.00383570958	0.006014347374	0.005531629873	0.005858766207	0.003550494096	0.0007392426486	0.005036541243	0.0002474734567	0.0001758466353	0.0001983577663	0.0002834185911	0.003498389639	0.003127586435	0.005063641811	0.004662783794	0.005478171842	0.002546728398	0.004707849661	0.003334565292	0.003945941447	0.002719213807	0.0005161226383	0.003137230429	0.003064627944	0.002262352311	0.002206919333	0.001806907981	0.003042967112	0.00223504462	0.004117298574	0.003137057825	0.00294852029	0.001349861164	0.001675015283	0.002445199381	0.001627380349	0.001062470876	0.0001791824252	0.00151538611	0.001805121989	0.00104096993	0.001295605523	0.001508047736	0.002109807149	0.001565172229	0.001422718013	0.003725721175	0.01049851561	0.003697986517	0.007120510556	0.005724773197	0.007466077311	0.004097093062	0.001227428955	0.005140108798	0.005932542396	0.004131041447	0.005950147954	0.004145952573	0.005516451666	0.004142909301	0.006824593654	0.007233642162	0.01199736994	0.008736290133	0.01444546906	0.01054994964	0.01799192786	0.006708943855	0.002770631483	0.01021097452	0.000563070792	0.0004269792863	0.0004609712758	0.0004690981756	0.007915427828	0.008502770307	0.01525531926	0.01028218346	0.001131868387	0.0005690119863	0.001897628384	0.000965891038	0.0009001145671	0.001323024044	0.0002663290271	0.0009636217562	0.0006808245377	0.0009444936539	0.001066507981	0.0006202316226	0.001019131044	0.0009575279439	0.002194401036	0.001206411299	0.004466844294	0.00225703249	0.002723517993	0.003252048098	0.004085839314	0.002416483609	0.0005507450847	0.003237162408	0.004983822682	0.002874211755	0.003583555843	0.003691645609	0.004367704473	0.003314685002	0.004024276185	0.007056974297	0.008103429384	0.003216753406	0.005686489739	0.005118822243	0.004640583349	0.002515726991	0.0006288127422	0.003107315516	0.003863300705	0.001993059955	0.003226828001	0.00221553679	0.003034262445	0.002323406714	0.003890646551	0.003494030947	0.006105954414	0.004173289335	0.00728849919	0.005189874931	0.008984461271	0.004405226659	0.001334573944	0.00841050374	0.0002521010475	0.0002336633593	0.0002417393865	0.0002499662147	0.005016482899	0.003954582523	0.008479265343	0.005696184605	0.00787548011	0.003310315408	0.00948827092	0.004856781051	0.007775264697	0.004384081821	0.001834537261	0.00736859085	0.00548106068	0.003093118423	0.003488718392	0.002790876966	0.004770922616	0.003743266776	0.008233125476	0.005160661333	0.002347022507	0.001088733862	0.001671108993	0.002109514632	0.001806671787	0.0009942307169	0.0001791351863	0.001962391037	0.002191830152	0.001191198571	0.001548676784	0.001674023267	0.002578498344	0.001908171733	0.002131044648	0.0045899651	0.01122263819	0.00400626183	0.005651547522	0.007510207485	0.007565587774	0.003472093949	0.0006662331823	0.005303547966	0.00449904484	0.002597586475	0.00319664964	0.003197561713	0.007927560947	0.004437627062	0.006601533601	0.009216783774	0.004969356691	0.004225935221	0.004907769943	0.005273060736	0.005356217472	0.003888666153	0.000458055185	0.00539350528	0.00025973739	0.0001458681316	0.0001538769343	0.0002005561899	0.004861786552	0.005562936516	0.006178655011	0.006779331564	0.009187951721	0.004284665835	0.009308525263	0.006593493911	0.00741299719	0.00475854967	0.0007740358817	0.006361347646	0.005208935809	0.003941929778	0.005780177105	0.00384666536	0.007864384429	0.005797728157	0.009722464808	0.00932721368	0.00315606238	0.001417034815	0.001658554359	0.002595346263	0.001863567354	0.001210926243	0.000174814648	0.001658401742	0.002595825919	0.001270398144	0.001421973092	0.002036899428	0.003993558212	0.002541408576	0.0026228956	0.005555430988
Prostate	V36_S12	475357883	0.009080958062	0.00350129252	0.005518313872	0.005497634716	0.004348738233	0.002252364036	0.0004739166175	0.002621382846	0.003448435502	0.001861454352	0.002443293867	0.001881439294	0.003166227076	0.001830162139	0.00331565344	0.002968096355	0.005688352075	0.003808339074	0.006080214725	0.005411373393	0.005921037813	0.003867911032	0.0009006961183	0.005431421445	0.000241708414	0.0001853172171	0.0002097998236	0.0002756891275	0.003468155381	0.003392589158	0.005354125999	0.004980243485	0.005131847156	0.002563632673	0.004828580912	0.003217552616	0.003967156257	0.002968664348	0.0006119789119	0.003368815491	0.003125554562	0.002460119085	0.002363080618	0.001832903232	0.002902038757	0.002286319506	0.004336499033	0.003139161153	0.002525760154	0.001208451612	0.0015105419	0.002131343639	0.001533718123	0.001109768069	0.0001952823406	0.001560588404	0.001644350558	0.000978025224	0.001262417268	0.001363692542	0.001889397509	0.001521710328	0.001330814156	0.003544449477	0.009607224711	0.003515679575	0.007145332225	0.005156026833	0.007320396115	0.004350416968	0.00136512094	0.005213591882	0.005783072288	0.004414286741	0.006480416356	0.004067352345	0.004941495837	0.004108388795	0.006807550933	0.006678000121	0.01164144363	0.008957160809	0.01573600285	0.01031780933	0.01920446326	0.007317227976	0.003354504168	0.01081507046	0.0006058677268	0.0004936764665	0.0005481280722	0.0004933230486	0.007725589774	0.009227037474	0.01703250601	0.01039383415	0.001165174745	0.0006045487206	0.002238391406	0.0009863831374	0.0009687858695	0.00150378699	0.0003242230865	0.001063440869	0.0007616219546	0.001111535159	0.001306485118	0.0007295429663	0.0009950271509	0.001042130609	0.002495534507	0.001203667848	0.004056192332	0.002196027535	0.002561581586	0.002892212476	0.004063102915	0.002573208616	0.0006364131338	0.003327242603	0.004848658416	0.002952156786	0.003732591934	0.003666635313	0.003932859992	0.003259819718	0.004070019809	0.006662096314	0.007484011788	0.003155224839	0.005715729342	0.004786189693	0.004643989463	0.002739586418	0.0007373875821	0.00315890838	0.0039420152	0.002088268724	0.003527020504	0.002260217067	0.002827459159	0.002484422878	0.004021544753	0.003430726739	0.005824927069	0.004317614314	0.007924888036	0.005086071119	0.009459693761	0.004965601885	0.001656154296	0.009249058777	0.00026584181	0.0002760088866	0.0002818970817	0.0002684714077	0.005035416653	0.004367288467	0.009556673324	0.005909414991	0.007908885357	0.003495147676	0.01083355969	0.00493950155	0.008490909995	0.005075180377	0.002345887256	0.008371993276	0.006111197697	0.003565496778	0.003969352497	0.003034665147	0.004732602699	0.004079250748	0.00961647248	0.00527494776	0.002151412728	0.001013177686	0.001660929645	0.001932474527	0.001766037821	0.001054270935	0.0002115542912	0.002040313277	0.002175361001	0.001249931938	0.001648534774	0.001657382844	0.002377795847	0.001904956313	0.002120999853	0.004425827519	0.009780096568	0.003600066521	0.005212396993	0.006502002198	0.007008612078	0.003335139811	0.0006449077862	0.005087568938	0.004143116314	0.002489358107	0.003114165249	0.002904502164	0.006846790842	0.004026702971	0.00606551843	0.008118369628	0.004544388717	0.004246438467	0.004890016729	0.004879134402	0.005311692706	0.004217533929	0.0005108803465	0.005550666339	0.0002482403347	0.0001583333372	0.0001613079382	0.0001891753628	0.004530798956	0.00580939982	0.006272392037	0.00655903712	0.008543064384	0.004159653328	0.009654896162	0.006112272677	0.007406285087	0.005043172914	0.0008559719204	0.006352500101	0.005168297588	0.004187245171	0.00628788773	0.003915386841	0.007399603805	0.005763726863	0.01003405891	0.00885122168	0.00264054525	0.001242808884	0.00147692302	0.002170484675	0.00167378943	0.00115609527	0.0001667648793	0.001515933628	0.002380494866	0.001182586889	0.001337741568	0.001857026109	0.003448496509	0.002331506513	0.002426216207	0.005025203295
Prostate	V36_S1	589022336	0.008794459367	0.003380910839	0.005465689165	0.005103463513	0.004153059826	0.00223604933	0.0004725966793	0.00248594308	0.003463783757	0.001947425301	0.00257844891	0.001908678044	0.002838264184	0.001751122049	0.003141636381	0.002701861887	0.005329575481	0.00370742647	0.006003453153	0.004946737707	0.005777658659	0.003869152086	0.0008734184912	0.005218688345	0.0002574401525	0.0002083112855	0.0002366141171	0.0002870824919	0.003135210479	0.003214952786	0.00514990148	0.004398352731	0.005197461646	0.002636604599	0.005050097116	0.003166392658	0.00402397304	0.003090853926	0.0006553265919	0.0033778753	0.003350022367	0.002687527965	0.002605728011	0.001965949217	0.002783919895	0.00225839653	0.004341213981	0.002933311514	0.002450963082	0.001181148757	0.001566049271	0.001964531613	0.001516876263	0.001133291489	0.000192451106	0.001474893135	0.001669181184	0.00104051572	0.001384169921	0.001368645891	0.001698944062	0.001419744123	0.001286122705	0.003175614719	0.009575798158	0.003554174217	0.007528670356	0.004937697303	0.007422665887	0.004586595168	0.001469161604	0.005246403763	0.006198413501	0.004806877137	0.007242788158	0.004232892112	0.004607894869	0.004048257348	0.006900325763	0.006230113488	0.0115555584	0.009198328601	0.01625108322	0.01005171899	0.01962057004	0.007625243943	0.003620346581	0.01086657943	0.0006967223056	0.0005672891834	0.0006555642739	0.0005401374117	0.007377095459	0.009409339275	0.01760630178	0.009858700842	0.001188238471	0.0006309828631	0.002352866632	0.0009920014307	0.001023793094	0.001633656215	0.0003572818672	0.001108591237	0.0008172915874	0.001190825809	0.001419287434	0.0007732915582	0.0009574051195	0.001063030995	0.002539859541	0.001180552854	0.004060683023	0.002219448941	0.002757128042	0.002794415253	0.00428889678	0.002780346177	0.0006966255351	0.003349195573	0.005184630214	0.003315094998	0.004458022794	0.003849553508	0.003690895688	0.003219158059	0.004154404427	0.006228375014	0.007259901261	0.003124445182	0.005790369552	0.00448977541	0.00457502345	0.002808068385	0.000764763868	0.003118207728	0.004104902059	0.002220559256	0.003870657971	0.002350303062	0.00258872526	0.002475126852	0.003988205296	0.003231981002	0.005816219166	0.004394785803	0.00814550435	0.004922112156	0.009659207558	0.005271813665	0.001731039619	0.009471632329	0.0002974691948	0.0003055113346	0.0003272779116	0.0002872573579	0.004911421559	0.00449527605	0.009815094686	0.005654614089	0.007929921693	0.003630208685	0.01113480016	0.004949272416	0.008549051016	0.005352785128	0.002364002033	0.008620343728	0.00641984653	0.003766337649	0.004282547275	0.003162611816	0.004501150191	0.00418218266	0.009565304498	0.005162153987	0.00210720532	0.000987772389	0.00176329646	0.001810029832	0.001776640606	0.00109219118	0.0002178762878	0.001989664786	0.002237039106	0.001328498008	0.001838409062	0.001672104672	0.002167629175	0.001853995907	0.002092012348	0.004052126471	0.009262226008	0.00340857872	0.005146971201	0.006039431415	0.006637717725	0.003246196083	0.0006533096904	0.004745336177	0.004174734725	0.002545541838	0.003260081804	0.002871651713	0.006034784732	0.003718490567	0.005667061834	0.007301942112	0.004390680696	0.004287817024	0.005053000231	0.004586805686	0.005281120613	0.004366868356	0.0005671329924	0.005458397421	0.0002792525681	0.0001801086199	0.0002048869671	0.0002075948441	0.004142737636	0.005625199245	0.006274279894	0.00597794648	0.008526691932	0.004221906111	0.0100695774	0.005971456064	0.007489510551	0.005278577415	0.0009293450631	0.006401646881	0.005522490067	0.004472163174	0.006970409693	0.004096223271	0.007043091147	0.00566381408	0.009926114245	0.008409810116	0.002703501892	0.001283482737	0.001675203027	0.002139176943	0.001760517279	0.001208398997	0.0001873647114	0.001557229572	0.002474517367	0.001279603427	0.001615156068	0.001943539201	0.003233205065	0.002227311122	0.002511519359	0.004732991993
Prostate	V36_S2	548360941	0.0103775079	0.003918433716	0.006257790706	0.006544499675	0.004674880737	0.002200492248	0.000454452499	0.002811082783	0.003845100631	0.001920691138	0.00253425052	0.002144434281	0.003745952431	0.001984543243	0.003619205621	0.003402187976	0.006145889957	0.003754485132	0.005925146664	0.005620845267	0.005643842894	0.003367402493	0.0007352875996	0.004960225641	0.0002379217596	0.0001674973419	0.0001910165225	0.0002781598553	0.003501824905	0.003177790156	0.005011511205	0.004901758676	0.005829809822	0.00255808701	0.004893566991	0.003488078484	0.003900514862	0.002620099085	0.0004932882337	0.003106758474	0.003173477303	0.002213930478	0.002250266034	0.001879479232	0.003174451114	0.002290270707	0.004145236887	0.003384706789	0.0032741774	0.001443124302	0.001871643152	0.002724612364	0.001705863657	0.001084555729	0.0001880622639	0.001648299382	0.001902349205	0.001076154328	0.001363902758	0.001624141935	0.002245728877	0.001694444171	0.001515983247	0.004052950956	0.01074770933	0.003664828856	0.007142800858	0.005807111269	0.007293726998	0.003800877933	0.001132463955	0.004932369901	0.006128622133	0.003984444983	0.005860486697	0.004202086304	0.005607091552	0.004101127254	0.006686234788	0.007349265235	0.01171648547	0.00811905201	0.01362424717	0.01023409871	0.01639996274	0.00609724499	0.00242773491	0.009578003478	0.0005345439073	0.0003900624279	0.0004312287443	0.0004476978239	0.007665334428	0.008099271243	0.01413234864	0.01009732748	0.001106088991	0.0005339785862	0.001727889295	0.000935132249	0.0008232169111	0.001139306164	0.0002245254736	0.0008602600308	0.0006487460601	0.0008323933487	0.0009736652633	0.0005993078198	0.001006534125	0.0009007771398	0.002056391905	0.001200772978	0.004741714454	0.002277011192	0.002929657968	0.003481695827	0.004157148749	0.002399932055	0.0005443987303	0.003363135231	0.005197507311	0.002888121457	0.003788670645	0.003871964324	0.004509141361	0.003437653668	0.004051337055	0.007294768283	0.008250908593	0.003190849073	0.005785351878	0.005195917118	0.004520145063	0.002386227578	0.0005814090249	0.003091901471	0.003867793713	0.001971130544	0.003215648432	0.002231196478	0.00310935895	0.00230416484	0.00386560355	0.003647276548	0.005916810913	0.003895426972	0.006948346819	0.005076200349	0.008284277125	0.004049143245	0.0011524052	0.0078306179	0.0002379947043	0.0002037690719	0.0002226672085	0.0002317287584	0.004825150375	0.003786801438	0.007945817571	0.005653079511	0.007935968218	0.003219640328	0.00914629877	0.004792401872	0.007283159141	0.004034151295	0.001586734092	0.006858059571	0.005343639163	0.002903879326	0.003384595549	0.002761128459	0.004835260504	0.003643529016	0.007763291806	0.005329157826	0.002424180682	0.001104646511	0.001746915085	0.002206807432	0.001799032218	0.0009762000901	0.0001747298045	0.00200750622	0.002234185385	0.001173854576	0.001566524776	0.001735176467	0.002679986648	0.001975209974	0.002191016738	0.004840182445	0.01194530921	0.004091735629	0.005944449643	0.007838486804	0.007649465318	0.003428127096	0.0006593522131	0.005249230543	0.004725890935	0.002613100046	0.003316673133	0.003335966994	0.008337740087	0.004564212753	0.006817380161	0.0095428168	0.005167678418	0.004120603477	0.004992696954	0.005370256668	0.005290664931	0.003692766659	0.0004387055715	0.005256340823	0.0002575420484	0.0001386203763	0.0001541393518	0.000197041751	0.004993174742	0.005591184147	0.006237944289	0.006952663319	0.009550344688	0.004264627228	0.009434278799	0.006773058988	0.007304557456	0.004549304689	0.0007376272994	0.006281267943	0.005327144553	0.003790038357	0.005753292702	0.003958421977	0.00818085984	0.005875236107	0.009923214061	0.009803586649	0.0035791663	0.001517314487	0.001881200725	0.002864418091	0.002015267532	0.001236107369	0.0001862678254	0.001781645859	0.002792115349	0.001308430171	0.001555400716	0.00220396259	0.00429899875	0.002721659929	0.002827256437	0.005866931358
Prostate	V36_S3	600203531	0.009378218736	0.003575916983	0.005898480794	0.005655844767	0.004327755279	0.002182101458	0.0004560652943	0.002575191448	0.003714489977	0.001962435972	0.002613080262	0.002031577518	0.003134859931	0.00180312668	0.00328694834	0.0028884052	0.005577872883	0.003638190859	0.005914283767	0.005114588371	0.005564709015	0.003535499027	0.0007800537248	0.004958994485	0.0002601217619	0.0001968332306	0.0002308150366	0.000295054912	0.003180586087	0.003089581957	0.0049337947	0.004463664177	0.005641674574	0.00262496623	0.005206467204	0.003340603473	0.003961134644	0.002867220719	0.0005800965539	0.003233873011	0.003454848052	0.002555649743	0.002575483016	0.001973303952	0.002904708003	0.002246631235	0.004245238271	0.003058389205	0.002928041755	0.001348912424	0.001838852894	0.002387908311	0.001628667526	0.001123907083	0.0001915466905	0.001558233085	0.001846340354	0.001120264986	0.001474923012	0.001573839458	0.00190949893	0.001490902592	0.001403708836	0.003463275194	0.01027377995	0.003635451788	0.007547051568	0.005352367712	0.007400414644	0.004172711207	0.001320755309	0.00502723467	0.006518893672	0.004579155	0.006950565574	0.004369071264	0.005040393539	0.004034884626	0.006816369429	0.006608729864	0.01159336565	0.008596523901	0.01506907663	0.01002425792	0.01775932405	0.006891933796	0.002962155183	0.01021682427	0.0006573853362	0.0004996155213	0.0006002297244	0.0005187423664	0.007418358557	0.008746049846	0.0157179915	0.009919685061	0.001125738129	0.0005766893764	0.002024558233	0.0009245663701	0.000921017574	0.001372551072	0.0002919126445	0.0009725384305	0.0007498672979	0.001000790514	0.00122516107	0.0006740946681	0.0009625384893	0.0009714488001	0.002276052921	0.001150954575	0.004567722212	0.002334713023	0.003062827699	0.003228921357	0.00441430592	0.002724075943	0.0006636298846	0.003493494942	0.005521387044	0.003314244081	0.004582652147	0.004093606374	0.004107351711	0.003386467915	0.004261272831	0.006758175836	0.007634753485	0.003110609824	0.005812604925	0.004710112244	0.004472281254	0.002542690806	0.0006581234191	0.00303551863	0.004038510063	0.002134870813	0.003619182307	0.002283050547	0.002742281435	0.002305549582	0.003801715388	0.003265893816	0.005758216707	0.004055842517	0.00753452915	0.004897660291	0.008795636359	0.00458302702	0.001445276402	0.008566957264	0.0002764495566	0.0002568095522	0.0002917427022	0.0002698551269	0.004707574771	0.004052648601	0.008635627304	0.00556757471	0.007958741915	0.003423307085	0.01039746799	0.0048177424	0.007896258111	0.004656417125	0.002007399053	0.007595321861	0.006002393878	0.003402162591	0.0039604782	0.002953911312	0.004533760399	0.003839166018	0.008520907885	0.005049208882	0.002274175225	0.001042174809	0.001798629872	0.001962637571	0.001778764944	0.001036081875	0.0001959002137	0.001968902112	0.002272120922	0.001268479708	0.001766799003	0.001699451848	0.002317385567	0.001848113086	0.002091208957	0.004224726895	0.01048860207	0.003718613578	0.00562683794	0.006785150019	0.007007354644	0.003304034211	0.0006534616672	0.004900489331	0.004566059442	0.002645334321	0.003427833883	0.003119921665	0.00689681714	0.004054711234	0.006137231472	0.008105740384	0.004771031579	0.004168832522	0.005153900036	0.004944389439	0.005238009838	0.004041797282	0.0005050086918	0.005378014012	0.0002803332392	0.0001713035574	0.0002094439528	0.0002155168927	0.004464357275	0.005590975105	0.006236482804	0.006447529546	0.009166002391	0.004283551941	0.01006573552	0.00635560073	0.007371339506	0.004920817435	0.0008386055296	0.00630565434	0.005685368086	0.004237279304	0.006704832265	0.004074956034	0.007407463919	0.005708285312	0.009775838856	0.008798257137	0.003329170684	0.001478016963	0.002000393097	0.002619141539	0.001983247246	0.001287611552	0.0001908635889	0.001771327467	0.002799445377	0.001384510349	0.001811842057	0.002166598383	0.003720366317	0.002505015253	0.002763052722	0.005258384593
Prostate	V37_S10	486690507	0.009898111697	0.003556798366	0.005605011729	0.005428252579	0.004453090761	0.002283350474	0.0004791155707	0.002620856544	0.003811845461	0.001967244042	0.002669760312	0.002031971008	0.003099982388	0.001790552697	0.003213210403	0.002892528167	0.005197882358	0.003441916322	0.005572038002	0.004720470128	0.005427728632	0.003532957753	0.0007789529373	0.004775297579	0.0002604201195	0.0002051139247	0.0002343933123	0.0002877126182	0.002983212081	0.00293995872	0.004689411376	0.004169621085	0.005595463566	0.002617114946	0.004995723083	0.003273786887	0.004075417481	0.003069833865	0.000623899574	0.003281617326	0.003443387483	0.002628625341	0.002567243417	0.002024093312	0.002796824636	0.002219373471	0.004201384598	0.003042502327	0.002618078598	0.001244236309	0.001639076556	0.002114651889	0.001593604126	0.001144881587	0.0002002237533	0.001480665823	0.001781479169	0.001103311021	0.001462839299	0.001498564261	0.001750391651	0.001410208315	0.001304087487	0.003155685139	0.0100269636	0.003592648665	0.007317270316	0.005051479256	0.007449740539	0.004552813273	0.001409318633	0.005159286988	0.006225831317	0.004620872952	0.007003876079	0.004210908104	0.004662971575	0.003953078953	0.006618064157	0.006328436564	0.01056170179	0.008134245363	0.01429009381	0.009122877755	0.01709090455	0.00669385565	0.002993475276	0.009506671968	0.0006476436164	0.0005119968366	0.0006025245937	0.0004998679787	0.006686538885	0.008104649553	0.0151224955	0.008804837856	0.001322248926	0.0006454081094	0.002355776378	0.001066712813	0.001065757381	0.001715104338	0.00035881119	0.001136541585	0.0008572182814	0.00111999308	0.001496435598	0.0007620469162	0.0009761295796	0.001071639969	0.002469289996	0.001221092237	0.003990836008	0.002168277344	0.002685805417	0.002788482579	0.004253045766	0.002700291009	0.0006651496081	0.003223646193	0.005031622694	0.003128974118	0.004204041317	0.003787199408	0.003586330481	0.003042946141	0.003895927643	0.005920639418	0.008313474255	0.003239274194	0.005963656489	0.004847390623	0.004738210355	0.002780323389	0.0007421369326	0.003200660333	0.004430939106	0.002232359137	0.003956906848	0.002444728185	0.002742028005	0.002394684062	0.003954081644	0.003366036478	0.00554083542	0.004044219009	0.007482249905	0.004658369061	0.008789082463	0.004716138834	0.00150974385	0.008343168691	0.0002843614125	0.0002827279308	0.0003310995339	0.0002806937839	0.004472347352	0.003977293521	0.008579902299	0.005206807948	0.008054662961	0.003405135247	0.01058633757	0.0048393917	0.008297116837	0.004985182503	0.002246918697	0.007822667476	0.006060972954	0.003501079178	0.004066407648	0.003096261337	0.00441678432	0.003893186682	0.008995149766	0.005044143998	0.00221988509	0.001009532738	0.001757776221	0.001851936676	0.001829881592	0.001094130648	0.0002136532324	0.001928650727	0.002324078616	0.00133916522	0.001926924784	0.001735536214	0.002147987242	0.001760776074	0.002028981428	0.003898327526	0.01131907428	0.00395632126	0.005798972775	0.007210265969	0.007536134252	0.003772161104	0.0007363406412	0.005628316067	0.004774609257	0.002791648862	0.003635347258	0.003267244742	0.006964990998	0.004157393602	0.006229548258	0.008567148814	0.004711939039	0.004283985346	0.005140585165	0.004770064274	0.005497033457	0.004387611776	0.0005724294927	0.005433007141	0.0003123812727	0.0001871600097	0.0002268094372	0.0002225069083	0.004228387385	0.005414782006	0.00612067003	0.006008968652	0.01003141202	0.004653070005	0.01076492745	0.006828633294	0.008316034403	0.006021674879	0.001017170035	0.007153346839	0.006133162569	0.004729868298	0.007363887211	0.00460293342	0.007760999949	0.006091803636	0.0103797792	0.009520859629	0.003024657311	0.001405314035	0.001824050371	0.002376619193	0.002112613633	0.001368446663	0.000216240092	0.001741846179	0.00271340201	0.001399041054	0.001802798673	0.002080276861	0.003451610368	0.002328368817	0.002593457201	0.00485489231
Prostate	V37_S12	473311371	0.01001986069	0.003681711674	0.005924115016	0.00589543622	0.00444974731	0.002199991515	0.0004455248974	0.002596024679	0.003789906835	0.0019629446	0.002587036938	0.00205557918	0.003289175151	0.001815561706	0.003333439881	0.002968994802	0.005745961679	0.003636561692	0.005882058135	0.005110029355	0.005580303288	0.003486379371	0.0007032495317	0.004794843604	0.0002496728523	0.0001872530546	0.0002133753934	0.0002833863884	0.003182913178	0.002973731641	0.004775784269	0.004242889825	0.005658556215	0.002594968292	0.005011033213	0.00331225932	0.003983743294	0.002828510114	0.000547083835	0.003156497163	0.00332880868	0.002453862449	0.002433793208	0.001930088851	0.002937434182	0.002208636986	0.004171245656	0.003008708616	0.002929906368	0.001335345058	0.001755457508	0.002353116929	0.001598383319	0.001084791179	0.0001792731069	0.00146733428	0.001810695987	0.001073268109	0.001387615089	0.001515184388	0.0019196771	0.001457157048	0.001363259029	0.003433714252	0.01046368269	0.003630417745	0.007333521256	0.005441891232	0.007380965711	0.004150893303	0.001250379848	0.00499470992	0.006266418222	0.004394722222	0.00652023845	0.004250157768	0.005128070333	0.00400370267	0.006707273889	0.006705264641	0.01162433091	0.008511137164	0.01467219346	0.01004629783	0.01775331318	0.006754872576	0.002819801259	0.01003336977	0.0006055548579	0.0004621503167	0.0005324613255	0.00048728599	0.00746627319	0.008421967534	0.01530418546	0.009731289553	0.001163751885	0.0005766922511	0.001998255394	0.0009609995193	0.0009314016671	0.001402218583	0.0002861182053	0.0009946200933	0.0007369356017	0.0009869866406	0.001188247387	0.0006646850663	0.0009874493381	0.0009705936264	0.002255819457	0.001179268097	0.004441167335	0.002253203843	0.002848234973	0.003141416182	0.004214861764	0.002550978223	0.0005982340957	0.003280100786	0.005185003257	0.003043233457	0.004037946513	0.00384980398	0.004084843759	0.003246991503	0.004044988389	0.006649614171	0.00808635337	0.003160481855	0.005817785434	0.004893905243	0.00455376763	0.002565372553	0.0006419368277	0.003045773012	0.004078499099	0.002104549058	0.003535888006	0.002284219366	0.002826638196	0.002265700902	0.003833212365	0.003313017806	0.005997641667	0.004127938012	0.007548113607	0.005028051608	0.009060430961	0.00461931222	0.001408601274	0.008634096391	0.000268753315	0.0002519187311	0.0002809038788	0.0002656454244	0.004870009768	0.004012880561	0.008665576725	0.005544037521	0.008012769674	0.003361243988	0.01005375592	0.004823691422	0.007911633291	0.004633391747	0.001902561517	0.007551447565	0.005821784915	0.00329693537	0.003790196285	0.002915275408	0.00458134567	0.003781912098	0.00846658721	0.005045638339	0.002331830731	0.001057238492	0.001772089266	0.002005865606	0.001791860606	0.001028770974	0.0001870185367	0.001924870299	0.002256797672	0.001255706151	0.001711733649	0.001701499371	0.002371383974	0.001836898611	0.002083269197	0.004287756695	0.01117796935	0.003890673482	0.005734806232	0.007240618354	0.007355333536	0.003448385355	0.0006713487557	0.005166850302	0.004663832596	0.002680288448	0.003408191941	0.0032196015	0.007369089808	0.004238013542	0.006349021351	0.008680490797	0.004915706959	0.004224806591	0.005091291162	0.005077987023	0.00539032053	0.004071884003	0.000494188423	0.005423698135	0.0002821039345	0.0001669070401	0.0001893362499	0.0002138233015	0.004614647215	0.005567782989	0.006206132326	0.006531057966	0.00942499013	0.004351927983	0.009909996437	0.006555285147	0.007619470439	0.005057364236	0.0008415665129	0.006507639978	0.00564030396	0.004245256132	0.006442693303	0.004137054632	0.007729360045	0.005789089736	0.009898534637	0.009124612812	0.003310947288	0.001473307093	0.001876671583	0.002640523927	0.002010251725	0.001294253714	0.0001910750629	0.001754464505	0.002757926557	0.001374182071	0.001689076259	0.0021519914	0.003844249497	0.002510744666	0.002704272659	0.005342641557
Prostate	V37_S13	488487907	0.009777711856	0.003534738476	0.005927925663	0.00569486974	0.004239228792	0.002127729234	0.0004488299441	0.00247363749	0.003712376446	0.001925396692	0.002584330097	0.002005017905	0.003083017979	0.001722752985	0.003194091353	0.00278728292	0.005486559568	0.003543731534	0.00579776891	0.004904839947	0.005390997325	0.003453972915	0.0007323599927	0.004700843086	0.0002591691589	0.0001925063009	0.0002296781525	0.0002877184839	0.003078585935	0.002917083472	0.004722241773	0.004090439029	0.005709457614	0.002617995209	0.005214307178	0.003311664377	0.003911196107	0.002857129071	0.0005787676541	0.003148477123	0.003440074925	0.002559682608	0.002543280974	0.001963268663	0.002846377526	0.002174403879	0.00419815101	0.00292869072	0.002892425748	0.001326569175	0.001813455333	0.002336647404	0.001557332309	0.001083101531	0.0001807823668	0.00144119842	0.001782643925	0.001073893524	0.001423283954	0.001479551468	0.001810435811	0.001397840131	0.001318266002	0.003257536117	0.0106362674	0.00367704292	0.007697426991	0.005415083899	0.007368647101	0.004147486501	0.001340536768	0.004974792549	0.006638663831	0.004635697154	0.007113594728	0.004417098088	0.004982381273	0.003954732497	0.006736670351	0.006507673894	0.01166705648	0.00861876812	0.01528109272	0.009968265192	0.01772523716	0.006782825025	0.003016608966	0.009975462914	0.0006842871547	0.0005131426928	0.000626103524	0.0005247089976	0.007252889886	0.008456596245	0.01555443214	0.009505924166	0.001159721647	0.0005886573565	0.002127164225	0.0009502527971	0.0009468279427	0.001433611743	0.0003116474284	0.001002888696	0.000763443669	0.00103381679	0.00127253099	0.0006930038495	0.0009610002485	0.0009842720631	0.002296161244	0.001149391811	0.004680965418	0.002386892251	0.003120359743	0.003269591687	0.004403836757	0.002666475426	0.0006622374789	0.003402184529	0.005580703147	0.003336911675	0.004679346136	0.004091659121	0.00404297419	0.003261137025	0.004178019498	0.006593565478	0.007795124394	0.003081345471	0.005838406559	0.004714202679	0.004438689206	0.002538474305	0.0006654555729	0.002961823577	0.00406522039	0.002101747014	0.00366162391	0.002273049105	0.002675519662	0.002238823079	0.003759933406	0.003129835924	0.005817454146	0.004082322144	0.007643622179	0.00484913949	0.008965218867	0.004647889881	0.001524664151	0.008638756333	0.0002782811981	0.0002643013228	0.0003021303043	0.000269239009	0.004662273042	0.003999996667	0.008715188112	0.005347948153	0.008110595868	0.003459794963	0.01069149702	0.004858249234	0.008031183462	0.004794380713	0.002127774271	0.007609744165	0.006150406094	0.003466245481	0.004011380777	0.002981447399	0.004516824201	0.003818178451	0.008754411192	0.004966108608	0.002267769548	0.001023186025	0.001829809883	0.001917597113	0.001732149328	0.001004917405	0.0001920600258	0.001856481987	0.002244956291	0.001259732311	0.001802656703	0.001662970543	0.00221158392	0.001737678636	0.002005752826	0.003987916532	0.01098887797	0.003752371295	0.005775492002	0.007009841904	0.007060416339	0.003283696438	0.0006671260339	0.004959117647	0.004685055591	0.00266067385	0.003500966913	0.003167652623	0.006950540538	0.004020486427	0.006113752167	0.008210584013	0.004840365475	0.00418631653	0.005214675662	0.004951262796	0.005227834637	0.003998440846	0.0005161847333	0.005296675645	0.0002971967124	0.0001737750286	0.0002165662619	0.0002187198464	0.004441391422	0.00550464804	0.006183553281	0.006308522598	0.009472056388	0.004335474778	0.01035750512	0.006516026199	0.007465230864	0.004927165986	0.0008720604828	0.006324584408	0.005812225767	0.004292204515	0.00688868435	0.004182594842	0.007432116431	0.005653431662	0.009813055618	0.008806203671	0.003485691203	0.00152177974	0.002109124884	0.002735134239	0.002027855727	0.001287841502	0.000202056179	0.001778019451	0.002866973737	0.001397911781	0.001892976237	0.002169069049	0.003767634723	0.002476777793	0.002776240682	0.005304600099
Prostate	V37_S15	462313077	0.009386773197	0.003556507661	0.005736253487	0.005664010235	0.004316075186	0.002214308984	0.0004637160631	0.002565142668	0.003556269727	0.001902533248	0.0025086593	0.001949295931	0.00317411095	0.001813470226	0.003348274312	0.002900222959	0.005588128756	0.003713955078	0.00597725251	0.005205604426	0.005645931577	0.003690535883	0.0008128236442	0.005070717478	0.0002458896485	0.0001864083114	0.0002125442798	0.0002775521749	0.003269632799	0.003144256722	0.005043763882	0.004472577357	0.005306609573	0.002590225238	0.004945066696	0.003248268489	0.003936380108	0.002913826294	0.0005992519221	0.003234885783	0.003205624227	0.002482482234	0.002425923159	0.001862302935	0.002896513351	0.002247213094	0.004289366013	0.003024361779	0.002715069208	0.001270318815	0.001651177607	0.002233945029	0.00156535265	0.00109978719	0.0001956444767	0.001499248095	0.001720790606	0.001021117558	0.001353372922	0.001423816528	0.001889877322	0.001495573096	0.001351880427	0.003432159026	0.01012318758	0.003633009931	0.007455956086	0.005357665883	0.007375763675	0.004324420181	0.001375148209	0.005147386302	0.006160106953	0.004538242815	0.006768458769	0.004254815833	0.005061918246	0.004118639716	0.006937904549	0.006749190441	0.01181929794	0.008990282142	0.01572634728	0.01040745166	0.01869876374	0.007237247152	0.003267009036	0.01056674847	0.0006353335318	0.0005036413885	0.000570522473	0.0005065614876	0.007604223577	0.008979473449	0.01664765369	0.01012130141	0.001183661089	0.0006105797436	0.002218924904	0.0009953255119	0.000965358806	0.001464501079	0.0003229564713	0.001037522025	0.0007648994104	0.001090505601	0.00127766016	0.0007014726949	0.001001968197	0.001035549336	0.002445033585	0.001210320512	0.00440357866	0.002308978597	0.002840103526	0.003108423861	0.004263320892	0.002677172811	0.0006644717947	0.003397403357	0.005219772315	0.003169066749	0.004163529209	0.003894417202	0.004087316786	0.00332930232	0.004206683948	0.00675871429	0.007523643983	0.003115339089	0.005746581986	0.004788023766	0.004491417404	0.00262937187	0.000700947077	0.003026044621	0.003936548825	0.002085645092	0.003524207039	0.002239659771	0.002757616134	0.002360355037	0.003911533309	0.00326221791	0.005698768067	0.004184300848	0.007699788687	0.004925865422	0.009012981045	0.004753815346	0.001576109429	0.008704674819	0.0002611974569	0.0002671393178	0.0002791852673	0.0002624347137	0.004748849014	0.004101969194	0.009027300346	0.005491921225	0.007836036185	0.003451596071	0.01056903913	0.004834552841	0.008109000559	0.004902818269	0.002217356703	0.007814557233	0.005957309315	0.003483864247	0.003907966462	0.002957188684	0.004541173729	0.003919354849	0.008996399208	0.005032881646	0.002184268735	0.001015993324	0.00170321161	0.001912007347	0.001733974313	0.001021232198	0.0002027176056	0.001917289482	0.002164799245	0.001240096871	0.001660924249	0.00163321359	0.00232838536	0.001835773294	0.00208221019	0.004257593172	0.01026808723	0.003689742049	0.005435303748	0.006740257101	0.00703503786	0.003336358145	0.000656340941	0.005042693179	0.004317933235	0.002547057521	0.00323107235	0.003007256487	0.006970144606	0.004089261356	0.006163576463	0.00824074029	0.004702733079	0.00427715351	0.005017426751	0.005001688499	0.005346584648	0.004198693692	0.0005213717976	0.00552915357	0.0002696592552	0.0001615333931	0.0001717018271	0.0001961008773	0.004564043513	0.00574305191	0.006295973756	0.006552583413	0.008824476752	0.004234641193	0.009813183372	0.006284918477	0.00740602888	0.004998162749	0.0008609360622	0.006315484344	0.005366733332	0.004211777899	0.006383823315	0.003932923576	0.007413417813	0.005756082041	0.009877036206	0.008870703002	0.002959565861	0.001347177986	0.001688877168	0.002382967419	0.001811960426	0.001230767695	0.0001893781603	0.001617278501	0.002546410773	0.001257563389	0.001503907275	0.001972927104	0.00365122486	0.002427067405	0.002597317834	0.005201925102
Prostate	V37_S16	537046762	0.009839491407	0.003714907418	0.005850296887	0.005962594371	0.004480723412	0.002227178497	0.0004456930326	0.002601937296	0.003666122095	0.00191724273	0.002506880397	0.002000905835	0.003395430583	0.001846280567	0.003408351245	0.002982120205	0.005825602576	0.003737445493	0.005954492656	0.005247965726	0.005706482595	0.003575444702	0.0007256165153	0.004900783668	0.000242111133	0.0001784090451	0.0002034608673	0.0002748587468	0.003330190454	0.003040720316	0.004909887158	0.004299104218	0.005405918451	0.002564527146	0.004843589393	0.003246933272	0.00392451114	0.00280922837	0.0005535123215	0.003129276851	0.003176092141	0.002407483094	0.002350191993	0.001851615298	0.002956686666	0.002223325946	0.004200511314	0.002958012435	0.002776216347	0.001274915051	0.001609675472	0.002253261886	0.001545371947	0.001053470647	0.0001731078308	0.001411201135	0.001739783323	0.001012004984	0.00129020236	0.001429108328	0.001974051563	0.001462360553	0.001346875265	0.003444396524	0.01032886406	0.003662831878	0.007290696597	0.005504993623	0.007395123257	0.004217539626	0.001277946444	0.005107996536	0.006101215447	0.004368075866	0.006438254999	0.004217770519	0.005261793199	0.004093360496	0.006837484666	0.006881605591	0.01191190498	0.008807495612	0.01508326755	0.01042818502	0.01833226024	0.006952757682	0.002991968509	0.01032277148	0.0005948364698	0.000466158662	0.0005227291548	0.0004898847151	0.007758633502	0.008702851094	0.015924995	0.01008009988	0.001163284176	0.000587557774	0.002066894503	0.0009794677805	0.0009367526919	0.001386093452	0.0002934772373	0.0009999296858	0.0007439370801	0.001033902519	0.001204941629	0.0007044731051	0.001009405583	0.001003687273	0.002346784469	0.001204593428	0.004369641838	0.00225717216	0.002741787316	0.003133611669	0.004100127132	0.002508394232	0.0005859564237	0.003230500811	0.005079877942	0.003008125389	0.003880615521	0.003785230903	0.004195182169	0.003299161498	0.004061717069	0.006868491277	0.007833224772	0.003152151954	0.005742954279	0.004872828933	0.004509316826	0.002547861931	0.0006465749811	0.002986222269	0.003937709246	0.002044620837	0.003421936654	0.002226254927	0.00285367329	0.00228819553	0.003853513598	0.003247368988	0.005822202499	0.004136544817	0.007444400158	0.004985282827	0.008914495606	0.004560433417	0.001421794253	0.008420382209	0.0002561527408	0.0002486543248	0.0002639137037	0.0002533429296	0.004860647498	0.003961824464	0.008695862875	0.005374094407	0.007874353407	0.003374026487	0.01000118682	0.004793684986	0.007901196507	0.004641582775	0.001976682619	0.007518213097	0.005749568228	0.003322984377	0.003739344769	0.002901380495	0.004606412654	0.003810686787	0.008632622572	0.004988749937	0.002247148825	0.001035181737	0.001690426354	0.001969947637	0.001742135073	0.0009929489157	0.0001877918407	0.00185861655	0.002178056145	0.001219312817	0.001610250841	0.001642275985	0.00241310644	0.00182393242	0.002074499055	0.004258256751	0.01098764096	0.003912268258	0.005602988814	0.007258887449	0.007454762384	0.003479901812	0.0006648620293	0.005275708189	0.004514530524	0.002626592505	0.00328109417	0.003155946781	0.007578399663	0.00433626858	0.006435925593	0.008902366308	0.004892823467	0.004323087232	0.005008921365	0.005195968391	0.005453843515	0.004152882315	0.0004985282827	0.005581815611	0.0002637461205	0.0001587049882	0.0001666018796	0.0001989919828	0.004824402982	0.005801200604	0.006365469903	0.006824063116	0.009129765501	0.004305429552	0.009671904511	0.006501361235	0.007527962714	0.004983184313	0.0008284697562	0.006463204409	0.005408152894	0.00419798267	0.006236600306	0.004023835824	0.007769338343	0.005869717915	0.009960309564	0.009204792487	0.003060390857	0.001386544064	0.001671420561	0.002492896512	0.001852743691	0.00122606828	0.0001812225804	0.001654597072	0.002598146193	0.00128012875	0.001485455376	0.002044842419	0.003914551113	0.002548891636	0.002653657187	0.005602955297
Prostate	V37_S1	468289016	0.009139153074	0.00366172586	0.005635438607	0.00563744805	0.004448109883	0.002282774021	0.0004646681698	0.002680064996	0.003499334693	0.001918785129	0.002440851613	0.001955600001	0.003191725513	0.001882074894	0.003333268445	0.002996499922	0.005792444211	0.003846848716	0.006121619133	0.00538970361	0.005858162174	0.003755014403	0.0008299169673	0.005271261797	0.0002391236954	0.0001810676678	0.000203295394	0.0002758915874	0.003322480235	0.003319426565	0.005225018987	0.004759221173	0.005301610576	0.002617684716	0.004843408499	0.003280100424	0.004014258152	0.002915754915	0.0005801395948	0.003326599486	0.003137690507	0.002429345898	0.002355427871	0.001861002437	0.002958147539	0.002334126923	0.004309560829	0.003172305882	0.002684404197	0.001265477045	0.001594694675	0.002213733324	0.001565680541	0.00109486873	0.0001842879014	0.001553933522	0.001693909045	0.001011832402	0.001263371507	0.001405117305	0.00190834286	0.0015551315	0.001362965985	0.003553696421	0.009815812122	0.003613981841	0.007165254544	0.005271789249	0.007433840814	0.004311299072	0.001283006817	0.005222046464	0.005936077732	0.004378539598	0.006331487391	0.004162666502	0.005022904488	0.004128196336	0.006757764739	0.006751687296	0.0117608161	0.008911928013	0.01521131557	0.0103432599	0.01872445157	0.007050665053	0.003053319534	0.0104987045	0.0005927407872	0.0004654967179	0.000503787174	0.0004841945727	0.007662306562	0.009009201275	0.01628856484	0.01019639974	0.001154483623	0.0005916730705	0.002067507387	0.0009777402082	0.0009343567435	0.001395501448	0.0002865196394	0.001013762834	0.0007391162043	0.001046321787	0.001204130314	0.0006932043864	0.0009907321849	0.0009949389887	0.002338737324	0.001192368347	0.004171203964	0.002186320766	0.002649735436	0.002993651254	0.004125992569	0.002547580574	0.0005965589421	0.003336364823	0.004976283706	0.00300203283	0.003769176598	0.003692414174	0.004009047695	0.003314502256	0.004039522464	0.006723456866	0.007591856479	0.003232493072	0.005735169753	0.004832586122	0.004621451552	0.002697385497	0.000679031515	0.003159580835	0.003923865257	0.002130092669	0.00340627037	0.002299543579	0.002814321829	0.002448270108	0.003942469152	0.003435350702	0.005878004621	0.004275278581	0.007740738894	0.005093066287	0.009021569705	0.004728302233	0.001425551267	0.008808807935	0.0002598160449	0.000253657455	0.0002667284428	0.0002560320569	0.004950761006	0.004199652208	0.009105673749	0.005740202969	0.007982429381	0.003516208888	0.01034454543	0.004970080272	0.008171564716	0.004831029391	0.002029808446	0.008068374168	0.005979147288	0.003478238746	0.003897469165	0.00302366477	0.004721033218	0.004034798886	0.008978141396	0.005297055697	0.002218913885	0.001049887961	0.001696578337	0.001982905787	0.001776859955	0.001028997016	0.0001958042936	0.00202248391	0.002199308472	0.001241662691	0.001623010521	0.00165835835	0.002407254839	0.001934106864	0.002140895827	0.004459863308	0.01017003141	0.003762815141	0.00535863519	0.006709324568	0.007235038372	0.003441707888	0.0006595157893	0.005054363692	0.004303423593	0.002589178816	0.003203222687	0.003042937057	0.007020651537	0.004171838188	0.006188483823	0.008275128964	0.00469318076	0.004307882378	0.00497531849	0.004981175984	0.005378768055	0.004179011109	0.0005036419646	0.005522275585	0.0002542148031	0.0001574818061	0.0001620003831	0.0001970471159	0.004574299048	0.005799416401	0.006384388482	0.006587241841	0.008817048572	0.004284542091	0.009659639337	0.006310205662	0.007603084587	0.005103978352	0.000844258538	0.006501344033	0.005312909154	0.004219308872	0.006309667532	0.003970236193	0.007531532621	0.00587699029	0.009973575806	0.008992339893	0.002877893681	0.001330774327	0.001585926585	0.002326868585	0.001789883963	0.001182075558	0.0001763889333	0.001595862757	0.002514665003	0.001258255009	0.001426153459	0.001973526964	0.003651556927	0.002455135527	0.002575949806	0.005205639929
Prostate	V37_S2	554469962	0.0091827391	0.003587489199	0.005759623097	0.005491677113	0.004371567742	0.002216383365	0.0004624903378	0.002546839499	0.003612172232	0.001963738479	0.002552322212	0.00197820094	0.003034360949	0.001774592074	0.003272512714	0.002761898939	0.005687649857	0.003940478565	0.006120122338	0.005154414478	0.005790062979	0.003727078366	0.0007807871114	0.005016847062	0.0002597543778	0.0001985066957	0.0002268220258	0.0002908741881	0.003160952117	0.003118002991	0.005032918267	0.004306215239	0.005467071632	0.002641136762	0.005035484681	0.003258430797	0.004002092362	0.002876696862	0.0005902519928	0.003177521094	0.003318010219	0.002544812337	0.002484177853	0.001939401724	0.002844651844	0.00223696879	0.0042493393	0.002962477884	0.00279179055	0.001316633993	0.001737735254	0.002254904838	0.00161074731	0.001099767421	0.0001896261425	0.001470691031	0.001789858907	0.00109286353	0.001422542345	0.001473252035	0.001830916135	0.001461027748	0.001352745958	0.003295947707	0.01014739731	0.003730900034	0.007575431111	0.005317173521	0.007645131911	0.004368797529	0.00136580167	0.0051942399	0.006365746103	0.004646897355	0.006867066317	0.004333931799	0.004986445055	0.004089792334	0.006913086845	0.006579362725	0.01188981451	0.009437631177	0.01554990818	0.01036658862	0.01869846107	0.007261093073	0.003089858996	0.01048764117	0.000655525141	0.0005215990402	0.0005849802915	0.0005107959302	0.007522813292	0.008915689467	0.01632796115	0.009929358446	0.001159795921	0.0006005934006	0.002147706966	0.0009671506786	0.0009382401855	0.001384278775	0.0003092250469	0.0009874457365	0.0007558696209	0.001072303354	0.001257968957	0.0006894440208	0.0009684654477	0.0009734503886	0.002328463377	0.001152778408	0.004537046499	0.002397128954	0.002987234861	0.003161561708	0.004406116052	0.002722336832	0.0006541761049	0.003386978788	0.005473176561	0.003399899236	0.00444644105	0.003978336341	0.004056412708	0.003339427069	0.004215068733	0.006667098767	0.007367978935	0.003136741608	0.005676610485	0.004628458124	0.004459237054	0.002551734263	0.0006581456616	0.002947207445	0.003937724583	0.002102718055	0.003514340061	0.002210265811	0.002668002059	0.002294732063	0.003836584749	0.003121417062	0.005699670346	0.004330701687	0.007536164781	0.004879045188	0.008807476211	0.004600517927	0.00139055504	0.008242136298	0.0002634552095	0.0002651270764	0.0002805670472	0.0002592331593	0.004614405063	0.003987478406	0.008508426648	0.005284610891	0.0078002386	0.003491612049	0.01029001459	0.004821325199	0.007992782844	0.004660043243	0.002026594905	0.007515148314	0.00596745221	0.003445304761	0.003897230054	0.002970772292	0.004542255077	0.003861311066	0.008737344369	0.004983103124	0.002188004911	0.001029720344	0.001704169864	0.001881178552	0.001720984121	0.0009796563154	0.0001845203654	0.001829008007	0.002208547052	0.001247614925	0.0016978936	0.00163001436	0.002252589113	0.001784455548	0.002016138072	0.004013670988	0.01032954063	0.003752948117	0.005551229482	0.006692907198	0.007188856517	0.003422939257	0.0006721860976	0.004998290602	0.004465287878	0.002649775643	0.003366099388	0.003067401512	0.006820358647	0.004082082268	0.006147820862	0.008065120397	0.004724398398	0.004351716351	0.005078863046	0.004957824929	0.005348222994	0.004161267802	0.0005103396386	0.005431881268	0.0002799448313	0.0001661424537	0.0001899435627	0.0002050156145	0.004400011123	0.005589505676	0.006230514251	0.006324843978	0.009141483484	0.00438763534	0.010098621	0.006425258795	0.007622221743	0.00508778508	0.0008766588514	0.006455496682	0.00563529896	0.004363836034	0.006712506096	0.004115775707	0.007408266059	0.005800732628	0.009888820632	0.008868621092	0.003176552601	0.001437715394	0.00187307171	0.002508639052	0.001929751066	0.001257638912	0.0001918625125	0.00168866136	0.002702851557	0.00135039777	0.001696044988	0.002075589444	0.003645566286	0.002446293024	0.002683957837	0.005192726743
Prostate	V37_S3	443683840	0.00922970059	0.003657336269	0.005840771663	0.005719624587	0.004332966015	0.00217512993	0.0004493762946	0.002587781876	0.003569818995	0.001917651542	0.002471144768	0.001984361206	0.003112840441	0.001810530219	0.00330348971	0.0028824151	0.005712488875	0.003697062755	0.005964179358	0.005179246555	0.005617376103	0.003527829637	0.0007550353874	0.0049347301	0.0002403220275	0.0001774371589	0.0002041002891	0.000278137243	0.00319184715	0.003117508179	0.004968339618	0.004479239091	0.005511584555	0.002599391495	0.005008237397	0.003309910949	0.003932248242	0.002786247523	0.0005516360479	0.003172479755	0.003244123113	0.002409310197	0.002401660606	0.001881686743	0.002956515162	0.002292348534	0.004244905562	0.003096696062	0.002857363478	0.001315991135	0.001749202766	0.002334364939	0.001562058244	0.001047903841	0.0001811875772	0.001489242881	0.001761035516	0.001044685333	0.00133051499	0.001468022816	0.00190294287	0.001531946712	0.001376827247	0.00350968834	0.01039925863	0.003702039272	0.007437958525	0.005502370787	0.007460666136	0.004132296096	0.001243592735	0.005085046595	0.006336110867	0.004432980926	0.006505675302	0.004331699347	0.005155738825	0.004119579834	0.006796515284	0.006896045617	0.01205029915	0.008863527687	0.01518206072	0.01052386537	0.01838005865	0.006977103336	0.002930645389	0.01052690808	0.0006126952922	0.0004665304015	0.0005252478882	0.000499831141	0.007736306105	0.008867404321	0.01583217455	0.01036165527	0.001157691477	0.000584170476	0.001979533444	0.0009775451817	0.0009263398009	0.001358636366	0.0002740262075	0.0009877213468	0.0007417894688	0.0009941155396	0.001159142961	0.0006705495517	0.001026336682	0.0009995766355	0.002307546292	0.001237387866	0.00460191879	0.002311747482	0.002968803191	0.003284575341	0.004284877718	0.002544548388	0.0006062650377	0.003438923987	0.005375593576	0.003146898476	0.004139878072	0.003974769512	0.004261604389	0.003443749495	0.004189882147	0.007085585988	0.007535624917	0.003125232147	0.005661887528	0.004757090094	0.004431204887	0.002504262945	0.0006260854576	0.003008049606	0.003824813633	0.00204706802	0.003295937035	0.002208498286	0.002729959694	0.002259818613	0.003769409316	0.003264274849	0.005895598992	0.004096842923	0.007471550012	0.005030198981	0.008865096371	0.004543048041	0.001368129612	0.008531523258	0.0002594279747	0.0002378270076	0.0002566647458	0.0002512509809	0.004833085649	0.004036252481	0.008693929443	0.005674457289	0.007949167137	0.00342849539	0.009973597416	0.004836153149	0.007802224665	0.004556167743	0.001878470489	0.007536479129	0.005794049204	0.003314833373	0.003768766967	0.002914922482	0.004639422973	0.003849556477	0.008373586471	0.005153559345	0.002252374123	0.001044523055	0.001746369667	0.001982488251	0.001735235613	0.0009801889562	0.0001854608903	0.00192267539	0.002205973966	0.00121921727	0.001611248677	0.001662282764	0.002384114328	0.001879225531	0.002094074465	0.004386296783	0.01053765898	0.003830008774	0.005610215599	0.006892063051	0.007188210867	0.003372807087	0.000658299838	0.004976379126	0.004508796173	0.002636967801	0.003334500531	0.003138103926	0.007084039842	0.004206060333	0.006277530865	0.008392654103	0.004815446963	0.004212355356	0.00505774337	0.00507641883	0.005304139542	0.003978044366	0.0004843719348	0.005408098704	0.0002658334367	0.00015577083	0.0001733531697	0.0002028246059	0.004572341422	0.005667479347	0.006273967517	0.006659352299	0.009172626166	0.004351168165	0.009866518916	0.0065271185	0.00749524932	0.004906622247	0.0008224031779	0.006427470967	0.005549760388	0.00417677146	0.006392572242	0.004020513796	0.007701055779	0.005916178962	0.01001979473	0.009150148448	0.003239342681	0.001437951853	0.001841013637	0.002590470728	0.001896526139	0.001216983697	0.0001909490325	0.00170245326	0.002707407599	0.001317082001	0.001602789951	0.002123938073	0.0038495114	0.002579426828	0.002742802172	0.0054908378
Prostate	V37_S4	468694088	0.009718648297	0.003868186193	0.005919803708	0.006198475881	0.004666297391	0.002293500233	0.0004666625964	0.00285415164	0.003648857632	0.001908758875	0.002442834312	0.002010516079	0.003527452217	0.001988062201	0.00353051605	0.003341164397	0.006206201602	0.003903469335	0.006112626708	0.005799104511	0.005961686037	0.003645422555	0.0008045354308	0.005348277403	0.0002349869623	0.0001685577054	0.0001904355149	0.0002724292951	0.003641306865	0.003416448044	0.005357091255	0.005302644227	0.005511317651	0.00256669762	0.004792428702	0.00340951815	0.003955435	0.002747109539	0.0005241051814	0.003266495224	0.003097372118	0.002273086065	0.002242533087	0.001811576083	0.003084777549	0.002344185745	0.004184029733	0.003399332402	0.002876266278	0.001330750731	0.001650012278	0.002446077365	0.001602851453	0.00107585526	0.0001856477439	0.001642913832	0.001761953097	0.001012656255	0.001255117176	0.001469079764	0.002104771588	0.001680076664	0.001438080866	0.004019205807	0.01033060822	0.003684234652	0.007080846729	0.005666213993	0.007405728147	0.004037061803	0.001178092522	0.005140598232	0.005956021361	0.004114348888	0.005935250884	0.004123975637	0.005436008401	0.004201138974	0.006734388337	0.007372800486	0.01201141458	0.008651449002	0.01446134947	0.01060672436	0.01777706656	0.0066373869	0.002690780687	0.01026815597	0.000543943281	0.0004149316259	0.0004444306112	0.000455721558	0.00797981049	0.008688556362	0.01524873299	0.01066433336	0.001116564116	0.0005593648538	0.001838098713	0.0009539441854	0.0008690316572	0.001249281813	0.000247660474	0.000925522662	0.0006844123026	0.0009222134673	0.0010599835	0.000623287145	0.001012619984	0.0009503000174	0.002164989971	0.001222123374	0.004341921633	0.002198619582	0.002681860156	0.003209946612	0.003991319814	0.002396074601	0.0005424113649	0.003332000637	0.004944173736	0.002834507697	0.003550804336	0.003665693773	0.004304558243	0.00341519136	0.004001642112	0.007270832057	0.007902602347	0.00322345009	0.005653068959	0.005115927556	0.004610036814	0.002525463901	0.0006233148817	0.003204520899	0.003797489761	0.002004085445	0.003145764023	0.00218194346	0.003008087868	0.0023868383	0.003866720418	0.003676568671	0.006074774726	0.004108048404	0.007308442943	0.005270602005	0.008852795685	0.004405184646	0.001310618196	0.008517790393	0.0002462096343	0.0002213832064	0.0002349080196	0.000240832993	0.005095760884	0.004082810193	0.008640510097	0.006078162863	0.007940721027	0.003348333252	0.009520787896	0.004898988613	0.007699911504	0.004371708653	0.001791390208	0.007472959633	0.005564021537	0.003134496546	0.003530151206	0.002822064613	0.004760853736	0.003815727669	0.008181007822	0.005353718052	0.002293476763	0.001077854432	0.001660522332	0.002118398814	0.001768833918	0.0009953571251	0.0001816792705	0.002070730194	0.002160215001	0.001166001479	0.001499389512	0.001639271797	0.002558937761	0.001988356636	0.002128147176	0.004844620528	0.01083159811	0.003939230401	0.00554563001	0.007234373308	0.00742720911	0.00343192509	0.0006448278477	0.005157389568	0.004444504536	0.002569895868	0.003174977108	0.003109699988	0.007657717671	0.004390503428	0.006475055004	0.008920059175	0.004886342838	0.004170295828	0.004887428834	0.005212329454	0.00528598304	0.003853170002	0.0004481857258	0.005391241462	0.0002460389473	0.000141083495	0.0001464110638	0.0001895394081	0.004824076211	0.005687050612	0.006232937591	0.006925052146	0.008980911234	0.004231444456	0.009277925861	0.006476531447	0.007308201848	0.00466391204	0.000754240365	0.006274674837	0.005197912801	0.003889635152	0.005814645565	0.003785876642	0.007682763859	0.005779874484	0.009657730097	0.009190100985	0.003042039651	0.001374367666	0.001605245339	0.002498983943	0.001796250522	0.001163340895	0.0001715916673	0.001626122495	0.002553413902	0.001227333595	0.001369042231	0.001985979819	0.003901139457	0.002589680628	0.002599130288	0.005541352167
Prostate	V37_S9	524917153	0.009183315829	0.003505139791	0.005661142874	0.005324095401	0.004265732196	0.002218205279	0.0004617471512	0.002436491154	0.003538861303	0.00193457957	0.002555508031	0.001930712293	0.002930702476	0.001721111598	0.003266246855	0.002586899651	0.005466942704	0.003732648074	0.006032793903	0.004902080234	0.005638253547	0.003692056906	0.0007705292115	0.004847715464	0.0002522131335	0.0001920036322	0.0002217187976	0.000275990219	0.003058696007	0.0029858026	0.004893696053	0.003912947002	0.005224613035	0.002610076642	0.004977966494	0.003118309224	0.004001557175	0.002982845943	0.0006189319555	0.003164794655	0.003264452286	0.002561710914	0.002489678595	0.001901435292	0.002801021059	0.002204336424	0.004362233139	0.002771483065	0.002578267813	0.001221931873	0.001626273775	0.002024197521	0.001524705366	0.001061952342	0.0001853911602	0.00132633692	0.001710717577	0.001021603118	0.001380023487	0.00138148086	0.00172253849	0.001377914583	0.00128991403	0.00300393308	0.01001856763	0.003666109955	0.007559076661	0.00518790629	0.007552237486	0.004464521661	0.001424300951	0.005167082052	0.006209337952	0.004697215524	0.007001958269	0.004316753581	0.004825129043	0.004056274381	0.00695856666	0.006388067109	0.01183671931	0.009206085136	0.01601766289	0.01028425909	0.01918474743	0.007388194457	0.003412597569	0.01057035566	0.0006604299326	0.0005272050997	0.0005937584593	0.000511494049	0.007427634966	0.009022132298	0.01693441136	0.009760787909	0.001241595929	0.0006488909689	0.002389735205	0.001041552932	0.001039899338	0.001628971344	0.0003602149385	0.001103764654	0.000805397571	0.001174284354	0.001355813953	0.0007432296654	0.00102150977	0.001091505577	0.002572017303	0.001236981867	0.004299655645	0.002286943746	0.00282448381	0.002957419073	0.004264150995	0.00264824838	0.0006653526142	0.003256582473	0.005270037346	0.003217479159	0.004254860005	0.003883039425	0.003882719375	0.003222601872	0.004156158715	0.006393711809	0.007471102778	0.003142166322	0.005802418501	0.004630755513	0.004537245518	0.002716904928	0.0007168540747	0.002966100443	0.004020257269	0.002139310925	0.003683051676	0.002304420789	0.002618262696	0.002345318672	0.003931843317	0.003018495378	0.005848587691	0.00436500691	0.007980076429	0.004915253741	0.009362999422	0.00490531503	0.001624048662	0.008900391182	0.0002784439395	0.0002878073219	0.0003000473486	0.0002717343093	0.004732055308	0.00412553674	0.009249535802	0.005241131832	0.007957973894	0.003551764291	0.01094457662	0.004885309968	0.008386847286	0.005104826513	0.002344396621	0.007955994534	0.006195890116	0.003604673593	0.00404877796	0.00305543835	0.004561592218	0.004024215989	0.009349721136	0.004979159064	0.002138697495	0.000997454545	0.001710003178	0.001803044527	0.001734879485	0.001006473111	0.0002004221036	0.001798906731	0.002209255296	0.001264106147	0.001727011577	0.001631226938	0.002198205933	0.001773047413	0.002046921107	0.003886379	0.009999629408	0.003657300946	0.005395653359	0.006494032402	0.007122112468	0.003426588348	0.0006880400039	0.005090452817	0.004313320658	0.00261901329	0.003308360167	0.00302161587	0.006603765909	0.004013136145	0.006089850525	0.00787924909	0.004623584857	0.004362059778	0.005077205012	0.004862043439	0.005410396638	0.004303039036	0.0005453527254	0.005507632935	0.0002814863244	0.0001680569962	0.0001827069271	0.0001991533319	0.004350006448	0.005664733917	0.006261597628	0.006188671834	0.008932649606	0.00436332093	0.01016046812	0.006315539473	0.007802090247	0.005287247681	0.0009419010165	0.006542775332	0.005549197589	0.00441528532	0.006719788027	0.004085673306	0.007467582222	0.005897854513	0.01014989503	0.008856391858	0.002850453622	0.001324757623	0.001695296096	0.002276631642	0.001804458084	0.001221928063	0.0001939868023	0.001572852012	0.002553458184	0.001277458731	0.001554365285	0.001970486188	0.003460384157	0.00234251823	0.002570352278	0.004963832836
Prostate	V3_S7	559020403	0.01047263744	0.003485749339	0.006094722092	0.005818667767	0.004235070826	0.002068911964	0.0004556971421	0.002491746263	0.003957431586	0.002017804706	0.002785705122	0.002128113739	0.003419170373	0.001797267138	0.00340205293	0.003128436799	0.005576730265	0.00348867052	0.005999555619	0.004885213465	0.00541067908	0.003420141715	0.0007623872004	0.004705901584	0.0002620136925	0.0002020373485	0.0002442290107	0.0002887533248	0.003193350351	0.003025873458	0.004954996249	0.004407213023	0.005981556276	0.002630410254	0.005454727562	0.003402773834	0.004047811114	0.002956983307	0.0006194782841	0.003304416064	0.003562367293	0.00264178372	0.002757275033	0.00204028868	0.003044516785	0.002278172663	0.004412518732	0.00316809367	0.003112814829	0.001354322661	0.001908826573	0.002482183106	0.001690804119	0.001152739679	0.0001906352602	0.001590745159	0.001950349208	0.001155489132	0.001566205804	0.001621901446	0.002080671821	0.001557159623	0.001514688901	0.00379996685	0.009536669809	0.003160841698	0.006909164637	0.00474372489	0.006423447124	0.003697321223	0.001237083649	0.004355594155	0.006074678101	0.004278813416	0.006597424674	0.004027844043	0.004532027787	0.003593099624	0.006268302518	0.00605396866	0.01010525729	0.007241342138	0.0134277997	0.008559769866	0.01563690691	0.006319565406	0.002871388936	0.009221123187	0.0006373148423	0.0005195982087	0.0006319822999	0.0004861056923	0.00640289689	0.008108802426	0.01441865978	0.009110900018	0.001082348688	0.0005492733331	0.00192760764	0.0008622601204	0.0008411768112	0.001285117674	0.0002990445413	0.0009002247455	0.000720369056	0.0009865346543	0.001261254502	0.0006534877762	0.0008575805059	0.000895738326	0.002176442923	0.001054669913	0.004221155413	0.002053436679	0.002849654487	0.002872676903	0.004097973862	0.002561614911	0.0006522194862	0.003218784127	0.005262149618	0.003208793436	0.004525358979	0.003839299941	0.003764869741	0.003230996562	0.004057578199	0.006443636012	0.00825180794	0.003121403066	0.006162231256	0.0048667687	0.004567216127	0.00258586984	0.0007103300664	0.003079606738	0.004391274427	0.002302334571	0.004004088201	0.002419970707	0.002930082679	0.002372004658	0.004099777017	0.003551006349	0.005913861072	0.004201637342	0.008098275082	0.004944293599	0.009222861943	0.005042248878	0.001596337084	0.008896913195	0.0003080048583	0.0003096452277	0.0003658006021	0.0002996473816	0.004816006689	0.004316132268	0.009194861176	0.005827379435	0.00799461518	0.003430778179	0.0106835063	0.004786374497	0.008098097987	0.004950982084	0.002164226911	0.007729759016	0.006205573144	0.003633860212	0.004353181005	0.003090162704	0.00457256298	0.003960215026	0.009190061709	0.00524353849	0.002367471729	0.001057637605	0.001905300762	0.002044038096	0.001907778311	0.001141711459	0.0002096918098	0.002106651195	0.002394170218	0.001367057438	0.001960023273	0.001788764765	0.002461962019	0.00197739831	0.002247400977	0.004616910199	0.0112461423	0.003690554028	0.005848199784	0.007071543326	0.006924169456	0.003229663873	0.0006703834028	0.004831383587	0.004800300643	0.002722172557	0.003571740833	0.003308328265	0.007217863567	0.00405836529	0.006249251335	0.0086551349	0.005008151733	0.004220271724	0.005527546013	0.004948407939	0.005309130014	0.004215116277	0.000546268076	0.005483728292	0.0002964274633	0.0001880199711	0.0002388338588	0.0002278861367	0.004536968573	0.005801847272	0.006533757946	0.006746399559	0.009443022064	0.004311051953	0.01046597042	0.006420230784	0.007407858421	0.005074567913	0.0008911052214	0.0063885128	0.005814540905	0.004456901728	0.007113565048	0.004266878252	0.007427727106	0.005696928024	0.01004097698	0.008952166993	0.003521862511	0.00151504667	0.002137852203	0.002723211875	0.002068901231	0.001346033161	0.0002023217746	0.00187540561	0.00297249258	0.001493503628	0.001989074091	0.0022845642	0.003974042786	0.002672047374	0.00291755183	0.005776626368
Prostate	V3_S8	532018883	0.0100226311	0.003403640468	0.005872176909	0.005727512871	0.004196277748	0.002063364732	0.0004784660999	0.002586133771	0.003848784442	0.002001105664	0.002729673789	0.0020953448	0.003398644405	0.001863760915	0.00336163444	0.003329210779	0.005516236536	0.00350659922	0.005859555177	0.00509437181	0.005503421201	0.003505426329	0.0008832336878	0.005053326275	0.0002713061596	0.0002203248865	0.0002610678012	0.0003068913627	0.003316598445	0.003296181876	0.005201343577	0.005102317017	0.006005561273	0.002665948607	0.005456101452	0.003531222406	0.004096320769	0.003032187487	0.0006533771847	0.003530267553	0.003632089126	0.00274030875	0.002829378896	0.00210516776	0.003058109499	0.002382714299	0.004402464038	0.00350168586	0.003047299733	0.001377520655	0.00187109712	0.002602950843	0.001725316581	0.00122583055	0.000216240445	0.001797673035	0.001938233835	0.001196972552	0.001577974066	0.001655420565	0.002108915747	0.001707106701	0.001533368506	0.004145110391	0.009140260159	0.003092987961	0.006667889267	0.004639337209	0.00630541905	0.0036595374	0.001258665851	0.004376100312	0.005969763671	0.004278103791	0.006507791566	0.003969186184	0.004438936428	0.003635113455	0.006102924358	0.006191879847	0.009702805981	0.007049465949	0.01287496594	0.008374847477	0.0150886712	0.006138496404	0.002838871041	0.009080579946	0.0006501611335	0.000552848798	0.0006705363501	0.000508613526	0.006252749867	0.008067230576	0.01397559041	0.009191630516	0.001059372173	0.0005431029034	0.001884027113	0.0008532967804	0.0008377447009	0.00126946246	0.0003084439392	0.0008942520937	0.0007305417391	0.001000757712	0.001280886867	0.0006517870156	0.0008283089456	0.0008873632405	0.00211166377	0.001041372812	0.004090501427	0.002024836024	0.002791323856	0.002883230368	0.004070597998	0.002649697304	0.0006748444679	0.00335523993	0.005164681345	0.003274998418	0.004576893937	0.003852425291	0.003691308829	0.003279970046	0.003978738476	0.006520839976	0.00808695356	0.003111979768	0.006084274644	0.004899933223	0.00460931008	0.002602706491	0.0007439134449	0.00323022745	0.004400618239	0.002373137572	0.004097689142	0.002457450368	0.002957434501	0.002474149024	0.004116617041	0.003847557042	0.005806538262	0.004166615267	0.007992419322	0.004986076782	0.009102979527	0.00511779767	0.001649776029	0.009044618817	0.0003224979516	0.0003322588834	0.0004069084894	0.0003183702786	0.004825294895	0.004478713211	0.0092283341	0.006224671916	0.008001076909	0.003478735547	0.0106034789	0.004870186158	0.008167584157	0.005028191828	0.002225740548	0.008038485356	0.006309323047	0.003770879313	0.004468268093	0.003185439566	0.004570441159	0.004053495222	0.00908056303	0.005458249872	0.002371417708	0.001090089128	0.001926380872	0.002135882835	0.001967625649	0.001228587971	0.000234536788	0.002321814205	0.002423622622	0.001445713723	0.002080140452	0.001873803791	0.002479549208	0.00208577747	0.002272372351	0.00491227489	0.01069334037	0.003585788138	0.005658628098	0.006835678425	0.006678794895	0.003144125243	0.0006617904199	0.004657334691	0.004715133391	0.002704187851	0.003557670715	0.003238715871	0.006938996186	0.003942076244	0.006046477113	0.008391115697	0.004862449591	0.004157386271	0.005455772516	0.004873981136	0.005244618357	0.004191580546	0.0005660776518	0.005442280514	0.0003205581709	0.0002042333524	0.0002713005207	0.0002481208924	0.004417127051	0.005721050694	0.006438365459	0.006671417338	0.009234613953	0.004267013959	0.01029052008	0.006328792281	0.007259118282	0.005063825902	0.000899298907	0.006319961767	0.005909542124	0.004528273482	0.007251436224	0.004301388678	0.007185701715	0.005622396301	0.009859375612	0.008753931766	0.00358475434	0.001582534055	0.002221610995	0.002824672296	0.00213621365	0.001439548528	0.000227728759	0.001983371331	0.003014377969	0.001577757908	0.00214598586	0.002360012098	0.003934061491	0.00273268308	0.002969913382	0.00585488429
Prostate	V5_S5	477479850	0.01124712383	0.003766946396	0.006288780563	0.00647362606	0.004441766495	0.00213314342	0.0004564779016	0.002719199564	0.004093967526	0.002026835269	0.002679748685	0.002232536096	0.003838208042	0.002023630945	0.003564567175	0.003684105204	0.005892621437	0.003494629145	0.005736600194	0.005232823961	0.005347792163	0.003274284768	0.0007636615451	0.004791261872	0.0002622163009	0.0001940228472	0.0002300641587	0.0002981319526	0.003419000823	0.003232907106	0.004994958426	0.005130170415	0.006442919005	0.002716049693	0.005393982594	0.003728454719	0.004018492089	0.002911220233	0.0005599377649	0.003406510243	0.003505019112	0.002520160798	0.002551527567	0.002044953311	0.003222632327	0.002408912125	0.004283701187	0.003676496506	0.003420812418	0.001487248101	0.001959496301	0.002843585965	0.001825124139	0.001237321324	0.0001993110285	0.001865058808	0.002069318737	0.001215152849	0.001528001653	0.001773201529	0.002380735019	0.001823469619	0.001654446779	0.004591014678	0.009908476766	0.003188040291	0.006481513304	0.004962800001	0.006165122989	0.00345530602	0.001080328311	0.004288015505	0.005886926956	0.003997341458	0.005790441209	0.003930461149	0.004727206813	0.003638984975	0.005921033107	0.006471898238	0.009712564834	0.006642477164	0.01185035976	0.008282521241	0.01379839589	0.005493291497	0.002216694589	0.008420638065	0.0005505007175	0.0004311428011	0.0005058998825	0.0004447936389	0.006259872537	0.007423927942	0.01239772945	0.008949313777	0.001068195862	0.0005115084961	0.001730230082	0.0008396773183	0.0007491666926	0.001104528285	0.0002411473489	0.0008111609317	0.0006598917211	0.0008826110673	0.001093874433	0.0005903558024	0.0008341901758	0.0008208849023	0.001924699021	0.001054279044	0.004252198286	0.002017115487	0.002716089485	0.002984316511	0.003995234563	0.00246058551	0.0005716345936	0.003303297511	0.005029703348	0.002952951837	0.003967189401	0.003816686715	0.003928959515	0.00332278315	0.003913208065	0.006834956491	0.008764857826	0.00320299799	0.006047115915	0.005243061042	0.004575242285	0.002577122364	0.0006612341861	0.003254876619	0.004348403393	0.002297054001	0.003695808315	0.00242766056	0.00318351654	0.002494302116	0.004074574037	0.00408866259	0.005881816793	0.003953909259	0.007360601709	0.005040820047	0.008619417134	0.004607871934	0.001348712412	0.00845946274	0.0002946260455	0.0002787175207	0.0003240660313	0.000296550734	0.00483296625	0.004237259436	0.008470001404	0.006326738186	0.007925808806	0.003235336528	0.009566571239	0.004801507331	0.00753600597	0.004548749021	0.001817272499	0.007354132326	0.005768965957	0.00334423327	0.003897374936	0.002979505837	0.004628436153	0.003829851668	0.00826365343	0.005536371849	0.002598350485	0.001157768228	0.001918315506	0.002334559249	0.002083861759	0.001216912085	0.0002221873865	0.002424634254	0.002524198665	0.00140063921	0.001910623035	0.001939256704	0.002763257968	0.002230058504	0.002388241095	0.005450858293	0.01244850437	0.003945301566	0.006048364135	0.007703458062	0.007163738951	0.003316950443	0.0006522034385	0.00488588576	0.005138713183	0.002812187781	0.003560613081	0.003509159601	0.007833788169	0.004248514361	0.006349570563	0.009257041946	0.005282901467	0.004116443867	0.005365260963	0.005106152647	0.005327697075	0.004042130783	0.000489337927	0.005386070218	0.0002936144845	0.000179236883	0.0002195045508	0.0002389734352	0.004754780751	0.005667941799	0.006296439525	0.006998705809	0.01005123672	0.004335764117	0.0101184207	0.006733203506	0.007301908133	0.004897134403	0.0008028527277	0.006351518289	0.005875494013	0.00430841846	0.006584445396	0.004251716591	0.007730479098	0.005672614247	0.009580948809	0.009404223026	0.003883929343	0.00162853155	0.00217616513	0.003010939624	0.002290819183	0.001443970882	0.0002034766493	0.002068020253	0.003168925348	0.001586544437	0.00195903136	0.002483625225	0.004489613541	0.003029803247	0.003135713476	0.006446387214
Prostate	V5_S7	562598890	0.01077044251	0.00378206754	0.006305714538	0.006481333442	0.00460553166	0.002144958018	0.0004637371396	0.00272892291	0.004058808221	0.002026376199	0.002710085333	0.002214040984	0.00387999699	0.001980944186	0.003650142289	0.003542977129	0.006116755758	0.00366929981	0.006015442014	0.005491662097	0.005702032224	0.003396620637	0.0007752485967	0.004941925854	0.0002606137385	0.0001931873701	0.0002269485459	0.0002972757376	0.003569365379	0.003232706343	0.005178689563	0.004975521726	0.006371656723	0.002717755095	0.005432769339	0.003696061327	0.00417038505	0.00287997191	0.0005772282985	0.003405611056	0.003563586839	0.002559724211	0.002614393711	0.002064607699	0.00331029448	0.002394805649	0.004441109011	0.003521235173	0.003447436592	0.001516288096	0.001981532527	0.002947199203	0.001811493087	0.001195699124	0.0001961912865	0.001769297838	0.002049301946	0.001210562289	0.001525024338	0.001754070293	0.002364270573	0.001731286743	0.001616826866	0.004332267701	0.009650571831	0.003190566195	0.006496189497	0.00502844931	0.006229923418	0.003409229976	0.001091728069	0.004257367091	0.005800171415	0.003874222006	0.005739453201	0.003890759543	0.00486329079	0.003636327829	0.006069580052	0.006464781685	0.01011832426	0.006965075953	0.01214357888	0.00867824677	0.01458623923	0.005566866653	0.002405125613	0.008665509454	0.0005637799961	0.0004394622961	0.0005153653965	0.00045257999	0.006560928337	0.007609755504	0.01291329601	0.009163693871	0.001029467015	0.0005048214724	0.001668256047	0.0008324474298	0.0007248379036	0.00106851615	0.000236724605	0.0007741714528	0.0006371502084	0.0008457855294	0.001037090564	0.000576332456	0.0008358903801	0.0008164235802	0.001944141767	0.001038018401	0.004332788499	0.002045802117	0.002755442692	0.003100470035	0.003919902864	0.002394441269	0.0005701397669	0.00322863417	0.005044945965	0.002952533376	0.004000221188	0.003754154225	0.003994975888	0.00322502236	0.003838000818	0.006734924415	0.00851704311	0.003198872291	0.006028115342	0.005173134984	0.004678352636	0.002482248054	0.0006563237265	0.003164298813	0.004258414019	0.002191367637	0.003646669122	0.002352160702	0.00320017695	0.002409213783	0.004080642605	0.003838185674	0.00592256412	0.003978404579	0.007334996697	0.005076819473	0.008755438533	0.004494209009	0.001361275348	0.008340922962	0.0002844779875	0.0002610936541	0.0003085128732	0.0002774196728	0.004903182443	0.004038095418	0.008329870683	0.005916008828	0.008030648621	0.003324661732	0.009740586228	0.004861963023	0.007790811674	0.004494153908	0.001842483194	0.007387403484	0.005865479045	0.00334320425	0.003945612122	0.00297538447	0.004797005554	0.003844886718	0.008481529354	0.005426658414	0.002536642047	0.001140043131	0.001898716864	0.002298538129	0.001963471702	0.001111641013	0.0001997195551	0.002213093595	0.002425317618	0.001344906671	0.001848400376	0.001880037481	0.002725535061	0.002079401543	0.002299714811	0.005061112012	0.01133242371	0.003962953073	0.006000159368	0.007695742165	0.007231949924	0.003283740926	0.0006464427969	0.004988587873	0.004928598419	0.002739429507	0.003520408652	0.003443364419	0.008043314838	0.004375257477	0.006599318033	0.009451184662	0.005180616336	0.004193202372	0.0053496284	0.005271142643	0.005232420562	0.003924097682	0.0004801449217	0.005377986082	0.0002821690601	0.000173322418	0.0002142556662	0.0002307949808	0.004822640158	0.005765043369	0.006368938979	0.007005598607	0.009798259645	0.004338373295	0.01001612357	0.006723210919	0.007190252366	0.004734707173	0.0007795340656	0.006326813051	0.00576896268	0.004199992289	0.006530427033	0.004186567094	0.00782932046	0.005721173748	0.00984011362	0.009328358255	0.003834294803	0.001643382197	0.002201408538	0.003066742631	0.002127258019	0.001364856941	0.0001943676071	0.001983658375	0.003039858468	0.001547519939	0.001959881222	0.002428412185	0.004220630439	0.002903432675	0.003039798034	0.00631792217
Prostate	V6_S10	453810282	0.01051393102	0.003437478307	0.006069086817	0.006029748793	0.004088188553	0.002014379216	0.0004558402667	0.00254187718	0.003854414652	0.001939828239	0.002701743545	0.002106003407	0.003331088034	0.001776691785	0.003286058204	0.003254201279	0.005328911873	0.003365144115	0.005560669513	0.004891522048	0.005252849251	0.003353831018	0.0008029655	0.004807594906	0.0002641059596	0.000205603539	0.0002504703056	0.0002942485115	0.003195731912	0.003078226861	0.004873490284	0.004800446544	0.006106598087	0.00261001799	0.005435513689	0.003510674093	0.003898554242	0.002871968864	0.0006086111553	0.003309008323	0.003603270055	0.002640883311	0.00273019376	0.002084849193	0.002937229615	0.002232144225	0.004215704394	0.00333124008	0.003075038304	0.001375488888	0.00193930379	0.002564126566	0.001647036283	0.001147036594	0.0002043629324	0.001645846358	0.001896303443	0.001157578444	0.001588754219	0.001616583028	0.001953679842	0.001550260159	0.001454850245	0.003798461755	0.01042280483	0.003389491294	0.007417242697	0.00519242973	0.006805451799	0.003829280801	0.001345758402	0.004648728959	0.006569079896	0.004556384203	0.007148683335	0.004350531661	0.004855130189	0.003831462329	0.006592193079	0.006646515338	0.01075525213	0.007684526196	0.01413271196	0.009259847488	0.01616092074	0.006430896601	0.00298787633	0.009606432849	0.0007118282966	0.0005698460574	0.0007148427721	0.0005405606918	0.006826110211	0.008426501452	0.01489077764	0.009732752155	0.001127010604	0.0005598088234	0.002019667769	0.000908564694	0.0008513491548	0.001305360463	0.0003105196281	0.0009108233471	0.0007429866915	0.000994417751	0.001291612428	0.0006678738055	0.0008806896094	0.000930034018	0.002238878316	0.001106125224	0.004610391353	0.002291307714	0.003190163505	0.003259090987	0.004415378143	0.002806285028	0.0007144285021	0.003529296412	0.0056452423	0.003466862833	0.005076559724	0.004198732544	0.004017288881	0.00343836414	0.004320441995	0.006975853403	0.008124677087	0.002965882558	0.005918329986	0.004838696008	0.004273640499	0.002438292044	0.0006952464775	0.003013799057	0.004181557967	0.002192548383	0.003886760768	0.002312459725	0.002775939748	0.002279600179	0.003797864589	0.00358108237	0.005547617804	0.003906152131	0.007531766325	0.004720234611	0.008609538292	0.004738180436	0.00159551916	0.00855889378	0.0003042504885	0.0003080736721	0.0003778825796	0.0002967231139	0.004505737488	0.004109455149	0.008507969416	0.005809866159	0.007911402942	0.003305495842	0.01048747944	0.00478311331	0.007543811006	0.0046907355	0.002135224869	0.00744099271	0.005970133572	0.003424812221	0.004126728887	0.002972286115	0.004302846536	0.003747420602	0.00843722179	0.005162386338	0.002258842606	0.001004814166	0.001854649472	0.001981814947	0.001783293663	0.001092989779	0.0002142679526	0.002064816592	0.002280426515	0.001313687732	0.001954453293	0.001696759705	0.002251149964	0.001852747796	0.002070169049	0.004455727603	0.01137860512	0.003625894047	0.005890289634	0.007083021535	0.006665395475	0.003081549836	0.000652259351	0.004681169829	0.004839138925	0.002702702095	0.003636828132	0.00329732723	0.006979090439	0.003867964367	0.006012080617	0.008387934674	0.004849517711	0.00400906518	0.005353468391	0.004782804811	0.005042404482	0.003914909094	0.0005329826352	0.005184375704	0.000322998411	0.0001942838307	0.0002661949383	0.0002345649806	0.004257294461	0.005363697335	0.006019389838	0.006359479092	0.009510621886	0.004232268585	0.01038671266	0.006464661812	0.007126449374	0.004795270372	0.0008694933007	0.006128124704	0.00598596618	0.004345426003	0.00715972319	0.004292527246	0.007178407209	0.005446403702	0.009616154973	0.008685391575	0.003751102757	0.001595113704	0.002389749732	0.00291724329	0.002158558408	0.001401501961	0.0002282121056	0.001950687402	0.003073760237	0.00154482617	0.002223080966	0.002335791061	0.00391454771	0.00264287974	0.002961653919	0.005640260042
Prostate	V6_S11	449546647	0.01085682439	0.003670126362	0.006104805849	0.006317273233	0.004325522197	0.002085498816	0.0004391757815	0.002662184243	0.003864778019	0.001940979887	0.002610274168	0.002142934457	0.003584048531	0.001883410778	0.003416800037	0.00341877536	0.005810120079	0.003545843375	0.005813539079	0.005191806046	0.005471483363	0.003373451921	0.0007257600567	0.004836403551	0.0002508705176	0.0001871396452	0.0002276359988	0.0002800198841	0.003366625043	0.003161540653	0.004961442856	0.004859624723	0.006040828061	0.0026053759	0.005184912435	0.00351349523	0.003918234096	0.002791983898	0.0005503900466	0.003271642687	0.003391450053	0.002463315003	0.002537589831	0.002006623798	0.003076372628	0.002278844714	0.004179775364	0.003363784404	0.003092339826	0.001343453464	0.001816959387	0.002529337072	0.001631172215	0.001090658785	0.0001782862814	0.001590208724	0.001877240117	0.001092220359	0.001440827118	0.001577914116	0.002079951005	0.001580105212	0.001468125732	0.003955943197	0.01041210302	0.003389966336	0.00704481286	0.005305478343	0.00679975709	0.003732264518	0.001175448651	0.004653743975	0.006187936265	0.004211489536	0.006361190811	0.00416397945	0.005056111563	0.00385654973	0.006446401101	0.006822742468	0.01107378519	0.007720077601	0.01365761049	0.009503300778	0.01629268075	0.006342465279	0.002667227101	0.00970609842	0.0006135069672	0.0004854824332	0.000587634235	0.0004800769874	0.007182540503	0.008473080659	0.01450616981	0.01012458892	0.001106648227	0.0005406291018	0.00184328146	0.000894845958	0.0008128210997	0.00119354466	0.0002634520818	0.0008710397522	0.000699433534	0.0009140897897	0.00116445313	0.0006333714241	0.0009075943569	0.0008954443386	0.002100404944	0.001130565656	0.004388830421	0.002138187453	0.002855659159	0.003117155938	0.004106728439	0.002512537926	0.000585122816	0.003318763492	0.005209132391	0.003072526531	0.004268291206	0.003879759779	0.004076980692	0.003361753469	0.004023569105	0.007059249627	0.008457996574	0.003101878324	0.005915550739	0.005071891905	0.004409375564	0.002479226588	0.0006448985927	0.00311679335	0.004155655509	0.00217359201	0.003646733906	0.002369091188	0.002972345604	0.002328514754	0.003875457667	0.003756008439	0.005926566281	0.00403623075	0.007627119506	0.005046094805	0.008781949607	0.004687028619	0.001433357371	0.008639252513	0.0002949771751	0.0002845333201	0.000345414655	0.0002877031802	0.004864135935	0.004255360401	0.008651438123	0.006081480127	0.008033911551	0.003309494154	0.0100436318	0.004852610991	0.007547895247	0.004545045578	0.001881299762	0.007423598913	0.005798588461	0.003330050419	0.003968691596	0.002992957481	0.004570028525	0.003814358335	0.008326799955	0.005392452632	0.002327046608	0.001032791598	0.001778560702	0.002068543957	0.0018135871	0.001073792905	0.0001959863355	0.002073217554	0.002282588485	0.001271042736	0.001817486584	0.001705880814	0.0024456105	0.001967789118	0.002136212129	0.004796478885	0.01169532024	0.003826410477	0.00583713396	0.007443534553	0.007066078729	0.003205714045	0.0006344858802	0.004904743512	0.004787903579	0.002655771115	0.00343357249	0.003344887588	0.007595658922	0.004138671732	0.006214785537	0.00901358964	0.00503444974	0.004100206313	0.005236795816	0.005039901899	0.005176953305	0.003878925606	0.000483613884	0.005321178605	0.0002776841977	0.0001707497999	0.0002120892251	0.0002159419954	0.00459078944	0.005585940896	0.006136208597	0.006840945251	0.009507149099	0.00424353293	0.009877758025	0.006546032586	0.007199515382	0.004718598201	0.0007937618985	0.006219132138	0.005640696059	0.004111484342	0.006472887785	0.004132968208	0.007717208043	0.005578248702	0.009590286189	0.009142332675	0.003437029306	0.001466368406	0.001950876524	0.002715277732	0.00197331246	0.001263426173	0.000181304878	0.001806139597	0.002820045502	0.001393957678	0.001771317849	0.002203513265	0.003970500085	0.002651415616	0.002763430688	0.005815921479
Prostate	V6_S9	443687913	0.0117270267	0.003832464104	0.006423077836	0.006737131917	0.004501925659	0.002112466832	0.000442734621	0.00273490885	0.004078788146	0.001968223552	0.002699404164	0.00221506823	0.003884829741	0.001950983957	0.00358231981	0.003600424878	0.006105404093	0.003579567875	0.005893383442	0.005297469079	0.005557500955	0.003349789247	0.0006974406806	0.004788573089	0.0002612241546	0.0001814766588	0.0002281333276	0.0002979098509	0.003530510871	0.003159536149	0.005011317493	0.004898445363	0.006219222835	0.0025926219	0.005149425831	0.003540330836	0.003923244129	0.002711394574	0.0005168024489	0.003197553863	0.003381448888	0.002365110631	0.002480265898	0.001965676717	0.00313305357	0.002274869273	0.004126069127	0.003402141361	0.003189444559	0.001356273142	0.001822776723	0.002584999425	0.001654385839	0.001068640786	0.0001735296314	0.001560522565	0.001928716052	0.001081192401	0.001431337166	0.001598587609	0.002179101507	0.001600435755	0.001507656577	0.004063867748	0.01085740868	0.003434619144	0.007018924584	0.005511784136	0.006834261	0.003623968454	0.001134364911	0.004625891172	0.006207360893	0.004054613496	0.006115801041	0.004151280542	0.005298656851	0.003884590834	0.006497226802	0.007094189199	0.01124262089	0.007515174298	0.0132966187	0.009568218731	0.01593724055	0.006143967235	0.002502024435	0.00953006128	0.0006037351754	0.0004597668632	0.0005609753899	0.0004938223323	0.007337312793	0.008264545624	0.01407042837	0.0102023514	0.001086509201	0.0005209044313	0.001704326347	0.0008809502999	0.0007767171246	0.001090883898	0.0002442054355	0.0008265224029	0.0006660627692	0.0008400589448	0.00107012381	0.0005890108618	0.0009013475199	0.000865029199	0.001985451878	0.001142187978	0.004441437196	0.002117193127	0.002834661399	0.003160198777	0.004025962727	0.002424893644	0.000556109357	0.003269403915	0.005142680098	0.002924120676	0.004068767589	0.003842408031	0.004219993255	0.003400730459	0.004017815108	0.007308968545	0.009001139952	0.003142132024	0.006042226803	0.005301868568	0.004458160662	0.002405154544	0.0006205916184	0.003123008221	0.004210533903	0.002140592457	0.00366111844	0.002351745381	0.003132893548	0.002299138584	0.00392211045	0.003905794928	0.006024588279	0.003972321419	0.007446211409	0.005066351672	0.0086730039	0.004513032565	0.001366911251	0.008296151173	0.0002913331561	0.0002686302613	0.0003391550583	0.0002879231015	0.004886986858	0.004133430157	0.008413796929	0.006059813489	0.008017220879	0.003196979134	0.009527253	0.004792312203	0.007259740249	0.004272446791	0.001722582422	0.006960588534	0.005521660447	0.00310356212	0.003743552509	0.00283450363	0.004547872369	0.003654120278	0.007840526862	0.005390381234	0.00240606284	0.001048637987	0.001780487989	0.002131137613	0.00184302519	0.001061158049	0.0001896265315	0.002069716062	0.002290675428	0.001233297063	0.001787821973	0.001710875996	0.002604801632	0.001995774449	0.002221074704	0.005133836044	0.01225906282	0.003911204135	0.005916039006	0.007746564419	0.007191888502	0.003217002218	0.0006402045034	0.005003733334	0.004832531915	0.002626418178	0.003382792174	0.003360812761	0.007953047393	0.004270314661	0.00639998052	0.009387494854	0.005158547107	0.004038059067	0.005163643031	0.005130232159	0.005217329416	0.003772685599	0.0004665261188	0.005282246668	0.0002838391498	0.0001629005386	0.0002015177727	0.000230815393	0.004742038127	0.005543858482	0.00615771113	0.007012620603	0.00957699517	0.004179690151	0.00949628754	0.006584666642	0.007050325033	0.004515052002	0.0007441108724	0.006123817937	0.005491531161	0.003878940466	0.006046802091	0.003992463955	0.007597299591	0.005485714009	0.009281242241	0.009292189125	0.003442872693	0.001445035984	0.001881527478	0.002727669527	0.001966855473	0.00125299334	0.0001800477265	0.001808737575	0.002786312099	0.001353863791	0.001685303967	0.002172689343	0.00408921214	0.002698863244	0.002761794865	0.005964665528
Prostate	V7_S1	638100991	0.01006131802	0.003447261532	0.006052811474	0.005941418449	0.004119583008	0.00202214856	0.0004538874004	0.002538290996	0.003861185039	0.001998414072	0.002729920537	0.002143773508	0.003336860513	0.001794331957	0.003258910469	0.003249941669	0.005328974642	0.003353603944	0.005621559989	0.00488400746	0.005287205392	0.003360701566	0.0008008121084	0.004779306165	0.0002661710331	0.0002081864813	0.0002556366505	0.0003062399256	0.003123270498	0.003052065468	0.00484301865	0.004689480258	0.006032270838	0.002631856123	0.00541674288	0.003506454357	0.003976384672	0.002891885495	0.0006119595574	0.003310463437	0.003584548578	0.002654880691	0.002770809049	0.002102095153	0.002972054623	0.002275382769	0.004219725463	0.00333123131	0.003229549913	0.001437156521	0.002020844691	0.002739967536	0.001742670856	0.001194278039	0.0002085500601	0.001741294898	0.001992980763	0.001231391286	0.001656308351	0.001725526234	0.002083787706	0.001634640934	0.001526551461	0.003969064514	0.01004228342	0.003308045325	0.00730364169	0.005031626726	0.006561726214	0.003716150004	0.001262851823	0.00442750762	0.006460008773	0.004466344733	0.006961608057	0.004259838236	0.004710638351	0.003728922277	0.006393224674	0.006366633272	0.01042328737	0.007391152915	0.01371180287	0.008825023122	0.01564294389	0.006263381591	0.002857426999	0.009309651738	0.0006929232304	0.0005668726504	0.0007024358312	0.0005381060441	0.0064783601	0.00811703958	0.01431420908	0.009231637442	0.001089924651	0.000550846974	0.001885902102	0.0008771495545	0.0008053662465	0.001219433931	0.0002865455509	0.0008524622398	0.0007171560716	0.0009727519762	0.001229419811	0.0006424813717	0.0008477607896	0.0008884612436	0.002129120655	0.001058744634	0.004618709329	0.002232748452	0.003226133526	0.00325997143	0.004441392569	0.002832314987	0.0007014845711	0.003569792293	0.005675518532	0.003543957825	0.005171038827	0.004235716663	0.004031926037	0.003446824297	0.004271848874	0.006859442411	0.008042788011	0.003046089925	0.005967097769	0.004822830623	0.00438111371	0.002479305035	0.0006834529426	0.003063566783	0.004242187425	0.002269747298	0.003882937082	0.00237270122	0.002835438317	0.002308684708	0.003855491583	0.003615736431	0.005555521853	0.003927961303	0.007500441259	0.004772808761	0.008605197418	0.004814841292	0.001487601514	0.008480900479	0.000309867878	0.0003069075315	0.0003756928815	0.0003027279423	0.004489941311	0.004139427829	0.008444934385	0.005722283857	0.007866341019	0.003398820924	0.01023272662	0.004765693899	0.007738373815	0.004744156556	0.002026218449	0.007492477002	0.005967436274	0.003532263751	0.004227686586	0.003042499585	0.00440045861	0.003837472492	0.008453951766	0.005180537323	0.002311538488	0.001056223089	0.001913678269	0.002065555482	0.001884239355	0.001142957009	0.0002189528021	0.002145650954	0.002375868431	0.001402340715	0.00203887632	0.001825646749	0.002379176684	0.001940493774	0.002175655609	0.00457968886	0.01113348529	0.003700652457	0.005919254245	0.00713219234	0.00669314585	0.003149858766	0.0006449559017	0.004658803296	0.004845856759	0.002737894196	0.003636068636	0.003325207185	0.007054913036	0.003974726628	0.006037423628	0.008485877747	0.004949227543	0.00409012999	0.005490508633	0.004941039184	0.005138852699	0.004060360408	0.0005343997342	0.005346216427	0.0003178117616	0.0001986597761	0.0002676582585	0.0002451915954	0.004340703179	0.005475318248	0.006171546598	0.006505887091	0.00954476029	0.004333478617	0.01043146006	0.00654834432	0.007147951601	0.004957962838	0.0008571981672	0.006261830112	0.006008957914	0.004457875854	0.007189559434	0.004353453512	0.007232884865	0.005626891434	0.009683424861	0.008841612973	0.003863154947	0.001655090675	0.002431107335	0.00303193856	0.002249297557	0.00147057913	0.000225072523	0.002059340165	0.003102595087	0.001602951593	0.002277429467	0.0024330459	0.003994580852	0.002728600997	0.003005213951	0.005885383431
Prostate	V7_S2	597974637	0.01032348969	0.003624484829	0.006085711291	0.006102126703	0.004224645735	0.002064348425	0.0004226149144	0.002519727271	0.003784640451	0.001978732754	0.002624740086	0.002143577538	0.003441731259	0.001811459773	0.003391812753	0.003111675454	0.005573676196	0.003446639494	0.005857669846	0.004844914518	0.005310531256	0.003304482963	0.0006460558293	0.00452272025	0.0002486276019	0.0001840663352	0.0002262102632	0.000275633764	0.003102925919	0.002905338943	0.004751552698	0.004127902502	0.005850005642	0.002582945671	0.005183244921	0.003378320542	0.003953965359	0.002811746345	0.0005584200054	0.003134579435	0.003327815056	0.002467950827	0.002575970459	0.001995492662	0.003039898162	0.002270897319	0.004265985281	0.003103337308	0.003054959002	0.001317151182	0.00184710008	0.002423908825	0.001622083848	0.001060904528	0.0001665104067	0.001452630172	0.001879226861	0.001093153387	0.001447282119	0.001564686764	0.002039223613	0.001495939702	0.001470050644	0.003626147107	0.01023258951	0.003408039194	0.007146644248	0.005224265055	0.006748490237	0.00377197269	0.001153391728	0.004549968898	0.006260516364	0.00430181456	0.006422951347	0.004264889917	0.004949286837	0.003816411029	0.006503185519	0.006548518545	0.01107608181	0.007819607573	0.01403362698	0.009402159644	0.01661911289	0.006582839399	0.002755270706	0.009799574493	0.0006278226145	0.0004971515205	0.0006002311432	0.0004905776631	0.007026612401	0.008498606271	0.01479877315	0.009709368326	0.001127730105	0.0005673835962	0.0018622044	0.0009189169005	0.0008480409847	0.001256598447	0.0002759732433	0.0009036202651	0.000720160979	0.0009743005204	0.001184958284	0.0006688544551	0.0009260342592	0.0009278236328	0.002173327963	0.001149985229	0.004471390314	0.002131862994	0.002966393372	0.003126296475	0.004232227997	0.002583714934	0.0005862556341	0.00330105974	0.005420301798	0.003192399613	0.004472475644	0.003975110068	0.004141536859	0.003403809918	0.004149482012	0.006913957122	0.008194110079	0.003098644801	0.005915173957	0.004884864373	0.004346374978	0.002489635693	0.0006264345958	0.002997653895	0.004110371658	0.002206678876	0.003615843994	0.002376497116	0.002867283818	0.002248316094	0.003885900599	0.003464412823	0.005883893367	0.004080094454	0.007752725138	0.004968506716	0.008793299372	0.004799850733	0.001385082157	0.008548135128	0.0002975510816	0.0002858231594	0.0003454243495	0.0002838498316	0.004714504304	0.004161368804	0.00868914278	0.005649676075	0.007920697145	0.003408397069	0.009969546585	0.004821875079	0.007607643734	0.004706187898	0.0018341798	0.007370494879	0.00577820661	0.00347236132	0.004110246234	0.00308166582	0.004528934561	0.003925169823	0.008479531884	0.005284974988	0.002311623127	0.001033920106	0.001828218009	0.002020358265	0.001832231557	0.001069041997	0.0001921820641	0.001980017089	0.002313221857	0.001292275545	0.001833627937	0.001725561481	0.002454503769	0.0019363246	0.002201217106	0.004569802515	0.01148341848	0.003852374093	0.005832844379	0.007368979765	0.007064712679	0.003289300044	0.000644809957	0.004879499597	0.004767426281	0.002720585288	0.003452940764	0.003388989891	0.007478573042	0.004230125901	0.006311883091	0.008989901356	0.005080983058	0.004183287794	0.005378902049	0.005096381705	0.005320615296	0.004076564204	0.0005043658733	0.005456530759	0.0002773311605	0.0001703132436	0.00020674121	0.000216987464	0.004612663865	0.00568574115	0.006373792071	0.006801158023	0.009579690585	0.004410536563	0.0100858057	0.00669852658	0.007486163665	0.005017304772	0.0008448201123	0.006521417061	0.005727783066	0.004336033403	0.006670244444	0.004265960197	0.007678496237	0.005879928315	0.009969757296	0.00935844876	0.003484875229	0.001479572787	0.002008223971	0.002726930039	0.002033395607	0.001296523217	0.000186430984	0.00182958596	0.002888858311	0.001440101213	0.00182298869	0.002263077589	0.004109180972	0.002755849325	0.00291554339	0.005927316613
stomach	V17_S20	448147059	0.009415989496	0.003921659118	0.006455184614	0.00612070066	0.004910903588	0.002232416748	0.00044934134	0.002656650258	0.004015527858	0.002031281879	0.002711618822	0.002114254642	0.003968875761	0.001947416551	0.003906831396	0.003016527662	0.00681859434	0.004014682154	0.006573400273	0.005735001376	0.006274241777	0.003417090371	0.0006383663448	0.004871427707	0.0002621505545	0.0001625694034	0.0002079362078	0.0002967775808	0.00376397204	0.003098085711	0.005288654589	0.004417161644	0.005902495502	0.002661362997	0.005283778957	0.003463610814	0.004232983263	0.00262861705	0.0004828839008	0.00308908197	0.003257792215	0.002263473518	0.002431349215	0.00184339043	0.003403045874	0.002363657149	0.004450746602	0.003095129092	0.003187277416	0.001417873859	0.001786614425	0.002573630635	0.001667760582	0.001007974929	0.0001535969022	0.001430829428	0.002039979917	0.001092545383	0.001347113605	0.001644080855	0.002378761566	0.001629195117	0.001606680186	0.00377256297	0.009144228257	0.003257653868	0.006288339828	0.005084951366	0.006539705976	0.003463019491	0.000952165124	0.004293023822	0.005230486183	0.00342538006	0.004902691998	0.003521694427	0.005214571764	0.003767850232	0.006292200168	0.006391337269	0.01101075841	0.007568044756	0.01270873006	0.009462338121	0.01560519892	0.005876316595	0.002156908052	0.009482809079	0.0004791953795	0.0003378533831	0.0003945356696	0.0004057328869	0.007466586989	0.007765890527	0.01317852228	0.009759104544	0.0009852145432	0.0004856106843	0.001473101266	0.0008355828572	0.0007401543608	0.0009306944933	0.0001952327885	0.0007677345931	0.0005814274461	0.0007360842683	0.0008540700922	0.0005156588565	0.0009237815839	0.0007956294543	0.001906434468	0.001042320798	0.003972477258	0.00187337166	0.002397027892	0.002861614227	0.00344099547	0.001968164205	0.0004240036751	0.002787145369	0.004544633194	0.002435209555	0.00298117989	0.00316042016	0.004160172342	0.003127531403	0.00354998871	0.006564119837	0.008420017323	0.003341967709	0.006472245978	0.005234594209	0.00496678703	0.002484407691	0.0006351642709	0.003110391939	0.004135173851	0.002110856204	0.003440332741	0.002282152654	0.003406114063	0.00226328831	0.0044775927	0.0035115906	0.006763199577	0.004355402899	0.008068400601	0.005599108484	0.009415697181	0.004414631225	0.001199304981	0.008061210996	0.0002820525037	0.0002287753494	0.0002764315809	0.0002670239547	0.005405147599	0.004079406443	0.008955479947	0.005867727897	0.008329361813	0.003465085777	0.009630843076	0.004837162169	0.007916700397	0.004250278925	0.001500333398	0.006976392988	0.005577410249	0.003109419045	0.003666191637	0.002790523724	0.005180857385	0.003827538228	0.008535512893	0.005293083938	0.002643982541	0.00121077443	0.001921494257	0.00237229717	0.002004870906	0.001075550961	0.0001827502789	0.002071558836	0.002578756185	0.001334224978	0.001818499048	0.001902223797	0.0030742721	0.002174284045	0.002508321716	0.005126428823	0.01162909339	0.00432357183	0.006211146417	0.007808070877	0.008084529235	0.003662911464	0.0006889881207	0.005380314233	0.004845103759	0.002757599264	0.003383181859	0.003416949792	0.009051151667	0.004986539474	0.007561417468	0.009812116161	0.005411703483	0.004339231868	0.005356618886	0.005677404211	0.005787057949	0.00393579064	0.0004379633784	0.005783708602	0.0002683650324	0.0001448296908	0.0001551655837	0.0002204678085	0.005506286275	0.005990341666	0.006822113274	0.007578327096	0.009438292442	0.004426863817	0.009655917434	0.006832163547	0.007630160527	0.004747086826	0.0007434523853	0.006576468462	0.005256975256	0.003912983394	0.005537160069	0.003818451925	0.008265996453	0.006099508956	0.01056087038	0.009641402109	0.003271410513	0.001422361225	0.001669108354	0.002680530812	0.001822174181	0.001132135066	0.0001512271444	0.001633113473	0.002839297892	0.001323735118	0.001418070223	0.002136062216	0.004326615474	0.00271193345	0.002689010172	0.005442954385
stomach	V19_S10	383694149	0.01039120615	0.003707025514	0.006155973465	0.006217572007	0.004752803775	0.002167872516	0.0004872709174	0.002747313199	0.00406778942	0.00201349956	0.002675182832	0.00214226097	0.004048875919	0.0020147688	0.00374018995	0.003559319326	0.006577230866	0.003932741753	0.006361861411	0.005789178714	0.006092576616	0.003607631244	0.0008627757313	0.005235247932	0.0002725921161	0.0001955463751	0.0002332039731	0.0003069580297	0.003785866956	0.003426155972	0.005547217766	0.005271980314	0.006270022637	0.002694700982	0.005333902029	0.003611131427	0.004232819302	0.002869767503	0.0006003088674	0.003390150732	0.003453659649	0.002479753737	0.002560646292	0.001963670809	0.003379212332	0.002424154766	0.004501017293	0.003551164394	0.003591185854	0.001549822955	0.002017461048	0.00303214423	0.001906661861	0.001254871885	0.0002186272588	0.001897339331	0.002163082242	0.001236383201	0.001564331907	0.001811403697	0.002545621304	0.001909494846	0.001731144459	0.004618220019	0.009010658643	0.00302663724	0.006005350892	0.004734859796	0.006119676326	0.003390810111	0.001042932244	0.004227218487	0.005272290457	0.003485557451	0.005118464811	0.003503524887	0.004714267874	0.003539308597	0.00569982369	0.00624038966	0.01020651217	0.007265432656	0.01212146188	0.008851839437	0.01505689106	0.00588382441	0.002410842079	0.009095567418	0.0005286815046	0.0004108350373	0.0004775235705	0.0004229957648	0.006721679251	0.007824865216	0.0128131404	0.009335933345	0.0009850267485	0.0004835205345	0.001547612862	0.0008090428296	0.000719974492	0.00100545969	0.0002292503032	0.0007631286554	0.000592169572	0.0007793811836	0.0009405147327	0.0005282931745	0.0008140937276	0.0007613485917	0.001836235976	0.0009893114112	0.003954133791	0.001887000367	0.002451470794	0.0028339447	0.003634287892	0.002270034616	0.0005225855034	0.003025433156	0.004566710242	0.002658750473	0.003474804095	0.003325263112	0.003810370848	0.003080917452	0.00353113542	0.006404371832	0.008511659634	0.003171974353	0.006054921625	0.005158527971	0.004923147786	0.00258263516	0.0007167583887	0.003290042351	0.00428614563	0.002258421199	0.003654864177	0.002423667399	0.003397200618	0.002485169509	0.004385873499	0.004027616799	0.006480343801	0.00429362294	0.008102297124	0.005391721519	0.009511583665	0.0048551014	0.001508865855	0.008847242026	0.0003163822026	0.0002917584235	0.0003454939314	0.000301555289	0.005342648579	0.004469447878	0.009546674114	0.006514980764	0.007890268871	0.00329860907	0.009615111436	0.004740734266	0.007993163326	0.004624845087	0.001955979787	0.007593780118	0.005794213974	0.003364145644	0.003963240002	0.002961462933	0.004917187309	0.003900739701	0.008858959692	0.005503571023	0.002655656863	0.001189817466	0.001964603844	0.002400620396	0.002139745946	0.001222173966	0.0002254477954	0.002422562352	0.002617251273	0.001447548787	0.001971325343	0.001987434528	0.002968215708	0.002264673575	0.00252590508	0.005469893157	0.01156226649	0.003855643887	0.005762649771	0.00739812428	0.007230519431	0.003231798043	0.0006600986767	0.004812038455	0.004738591935	0.002588259432	0.003272223471	0.003255428844	0.008232134913	0.004328312028	0.006599204097	0.009239304298	0.005299348466	0.00416282866	0.005244114369	0.005258946495	0.005458339684	0.003968267444	0.0004886235573	0.00544585057	0.0002910208568	0.0001648813258	0.0001943188349	0.0002233523764	0.005031838523	0.005807302524	0.006423897801	0.007122274361	0.009362222513	0.004163250871	0.00950815385	0.0064176767	0.007109899922	0.004613447989	0.0007920032161	0.006081742466	0.005336346685	0.003925472942	0.005962433897	0.003850942225	0.007617754943	0.005532138047	0.009688370307	0.008948041061	0.003621053393	0.001518138865	0.001928887897	0.002837979163	0.00206775371	0.001328500842	0.0001977434376	0.001854974859	0.002942439969	0.001439052437	0.001714915387	0.002253821181	0.004247164061	0.002757224739	0.002816936361	0.005787534175
stomach	V19_S11	337625748	0.0101924839	0.003629098217	0.006214848875	0.006006852297	0.00454481333	0.002103062353	0.0004834050749	0.002612614723	0.00407689878	0.002060411577	0.002757562199	0.002169011115	0.003796120431	0.001933211563	0.003622753914	0.003335782317	0.006190520161	0.003794482523	0.006232214256	0.005394784049	0.005734912137	0.003464679477	0.0008175028168	0.00491180252	0.0002767739148	0.0002076826202	0.000248032031	0.0003092625507	0.003473730919	0.00321407359	0.005238851037	0.004772224896	0.006339309169	0.002723177973	0.00558000689	0.003558600039	0.004190115856	0.002896588918	0.0006218453458	0.003317015976	0.003613465523	0.002606963495	0.002749375619	0.002050249438	0.003298376995	0.002389136506	0.00456701839	0.003395117247	0.003694673784	0.001602152689	0.002180126973	0.003057160202	0.001918621444	0.001260351151	0.0002190324655	0.001847658254	0.002216326819	0.001304044501	0.001682513859	0.001876500841	0.002449703569	0.001833266579	0.001716862542	0.004396489334	0.008977499548	0.003011920761	0.006166224029	0.004603979433	0.006058071732	0.003373421627	0.001080767691	0.00415729253	0.005520627532	0.003654188128	0.005478951208	0.003643300333	0.004507843401	0.003454994197	0.00563595049	0.005954803542	0.009917205722	0.007170753458	0.0121156518	0.008543335386	0.01461170254	0.00583847059	0.002454235214	0.008878706727	0.0005652116319	0.0004428009442	0.0005276315597	0.0004440360396	0.006366208776	0.007722918099	0.01265492939	0.008966158588	0.000998744918	0.0004974354029	0.001622133393	0.000806458043	0.0007488913434	0.001069942095	0.0002519150287	0.000791669479	0.0006288916093	0.0008277775071	0.001013826706	0.00056272367	0.000821773818	0.0007943914278	0.001917685496	0.00100174232	0.0041253548	0.001969926772	0.0026706879	0.002910254937	0.003845284335	0.002407266048	0.0005704067333	0.003147310317	0.004897298295	0.002918314157	0.003969167067	0.00357316054	0.003776201926	0.003150091503	0.003642462126	0.006369884444	0.008270705112	0.003116883135	0.00610872249	0.00495528854	0.004747996886	0.002552530443	0.0007142287027	0.00318188114	0.00433998298	0.002321235879	0.003856130665	0.002480121866	0.003218312011	0.00242351777	0.004303969732	0.003825004484	0.006227309417	0.004228563753	0.008069500079	0.005143615409	0.009208785226	0.004821584283	0.001495045929	0.008695130681	0.0003205324257	0.0003057320143	0.0003622679867	0.0003052433075	0.005038744853	0.004361850388	0.009261298993	0.006150526174	0.007877980325	0.003362835941	0.009987920116	0.004724956581	0.007954094188	0.004723561545	0.002000493161	0.007559056189	0.00601472492	0.003517264329	0.00421433498	0.003052510083	0.004817926386	0.003940235624	0.008904753319	0.005410683311	0.002649007089	0.001186615661	0.002064602608	0.002341965933	0.002105372603	0.001199449397	0.0002256877636	0.002346088842	0.002651933406	0.001494406167	0.002097233414	0.002018113263	0.002846717129	0.002198126193	0.002486374351	0.005219767777	0.01144545113	0.003811850866	0.005853433903	0.007227884764	0.007091289732	0.003203674502	0.0006730173908	0.004706838887	0.004868186179	0.002670806375	0.003450788356	0.003323389897	0.007912580767	0.004271202681	0.006489795322	0.00899097897	0.005322094096	0.004243725511	0.005468732793	0.005216450494	0.005456538818	0.004050707057	0.0005166164045	0.005476205565	0.0003024858163	0.0001798826078	0.0002222964346	0.0002333115897	0.004908301603	0.005887604875	0.006482482491	0.0070395964	0.009522120333	0.004226653353	0.009946768041	0.006423550374	0.007192623828	0.004721772582	0.000841073294	0.0061519064	0.005620877588	0.004117188953	0.006447710262	0.004029568266	0.007555226505	0.005612489602	0.009838112228	0.008904344582	0.003998676073	0.001667556468	0.002250331927	0.003067923599	0.002256140133	0.001433089754	0.0002145185918	0.002023853347	0.003186460175	0.001578321568	0.002011520164	0.002441472562	0.004378925508	0.002925686225	0.003041314254	0.005995810485
stomach	V19_S12	403280489	0.009939930419	0.003414377927	0.006163258744	0.005657206491	0.004320779327	0.002014347389	0.0004879135127	0.00246311941	0.004113546391	0.002066836911	0.00288328603	0.002146833342	0.003490513522	0.001783113787	0.003404169151	0.003105692029	0.005802475111	0.003582695021	0.006070177127	0.005014108183	0.005533959765	0.003435311248	0.0008604185163	0.004756538073	0.0002967959107	0.000228820889	0.000286175511	0.0003241242846	0.003231936668	0.003055121767	0.005050539403	0.004478007365	0.006397267089	0.002738538139	0.005864434468	0.003503122612	0.004162936333	0.002956627044	0.0006937429596	0.003307868931	0.003909537017	0.002811085661	0.003048059684	0.002162182461	0.003149428337	0.002321887682	0.004593539858	0.003274661274	0.003723187808	0.001605577303	0.002348913537	0.003052857834	0.0019310902	0.00128321358	0.0002418936761	0.001852658436	0.002301373424	0.0013880736	0.001929289964	0.001970115147	0.00232057842	0.001756214395	0.001716735669	0.004242159109	0.009055684814	0.003027681808	0.006530055561	0.004507398819	0.006098807324	0.003514958047	0.001187146448	0.004161356787	0.005868930098	0.003973415634	0.006215324243	0.003778786828	0.004268431146	0.003401359692	0.00564298066	0.005697815944	0.00980011458	0.007275172194	0.01275817487	0.008374744358	0.01480911218	0.006069443146	0.002767049313	0.008958424964	0.0006471302409	0.0005348138724	0.0006736502445	0.0004995877695	0.006106633143	0.007759765437	0.01309434536	0.008688580518	0.001009290087	0.0005097965451	0.001751547668	0.0008041623854	0.0007714184258	0.001135487613	0.0002901553712	0.0008237070948	0.0006697646114	0.0009002493547	0.001138393779	0.0005915733751	0.0007822967106	0.0008034879168	0.001988834129	0.0009711974933	0.004257622292	0.002069259542	0.002935887136	0.002930235983	0.004015302114	0.002606183608	0.0006729137843	0.003269905279	0.005222360262	0.003269248168	0.004709240967	0.003840634601	0.00364228134	0.003123342275	0.003796997479	0.006214982049	0.007951527752	0.002982370913	0.006117355209	0.004662955564	0.004571609712	0.002495258331	0.0007663995865	0.003044350107	0.004429053844	0.002357413825	0.004117365073	0.00247388611	0.002963007219	0.002297334052	0.004172497916	0.003555237705	0.005917992725	0.004121689606	0.008164208509	0.004859516028	0.009052587714	0.004969464317	0.001655619397	0.008542731657	0.0003397585644	0.0003445815104	0.0004247564776	0.0003249872076	0.004715678174	0.004257366887	0.009204348093	0.005785868803	0.007694743695	0.003327949248	0.01036271804	0.004536906818	0.00791098029	0.004826749751	0.00222486588	0.007542018726	0.006177611037	0.003657536232	0.004453027233	0.003071861976	0.004516643006	0.003831382976	0.009138582452	0.005157088073	0.002523643042	0.001125935949	0.002135806278	0.002203317602	0.002035960138	0.001198885176	0.0002483110459	0.002256853542	0.002665844318	0.001574747644	0.002334635634	0.002069579419	0.002603066671	0.002049774345	0.002426916319	0.004894179247	0.01110140491	0.003635757345	0.005908599759	0.006933176973	0.006767215559	0.003096264347	0.00068496495	0.004542190981	0.004931282455	0.002702756592	0.003638678389	0.003320621841	0.007299029039	0.003964642584	0.00618112968	0.008505749952	0.005183895718	0.004186845251	0.00568095919	0.004998736748	0.005366262587	0.004113749723	0.0005749769858	0.005419295155	0.0003402991311	0.0002047706305	0.0002789968845	0.0002563649936	0.004604371029	0.005668635261	0.00639608429	0.006682071346	0.009680574951	0.004275225425	0.01060792703	0.006389324726	0.007162622737	0.004862387478	0.0009299631652	0.00615406911	0.00604183705	0.004394953508	0.007211382845	0.004314701672	0.007349805113	0.005572580527	0.01004386552	0.008908928396	0.004087165248	0.001685774588	0.002496056783	0.003104367888	0.002346510743	0.001480894852	0.0002413109552	0.002088526529	0.003335784985	0.001641445639	0.002332852755	0.002579323891	0.004155904007	0.0027392746	0.003049319354	0.005863040897
stomach	V19_S1	553169538	0.01012950572	0.003395886561	0.006475399952	0.005748783658	0.004313026723	0.001951564441	0.0004888338591	0.002429184739	0.004388829885	0.002131668357	0.003083633286	0.002239684066	0.003488680897	0.001756394619	0.003394420464	0.003112170649	0.005690823127	0.003445357832	0.005788348382	0.004905103795	0.005237947502	0.003193937624	0.0008083995399	0.004453822618	0.0003225973011	0.0002438185597	0.0003103207755	0.0003602168708	0.003035447335	0.002862001414	0.004741886203	0.004267886855	0.006916675155	0.002832030494	0.006274398284	0.003705505924	0.004125760446	0.002904332017	0.0006560231088	0.003248931614	0.004287097964	0.002955160918	0.003270080646	0.002332341012	0.003138636314	0.002322853866	0.004489177059	0.003361443233	0.004281618631	0.001848852711	0.002799761906	0.003478523071	0.002062479803	0.001349808601	0.0002609778559	0.001988229511	0.002566574807	0.001554611997	0.002247461067	0.00221389812	0.002379820127	0.001816891443	0.001801782151	0.00432520563	0.009161892787	0.0029932722	0.006582925758	0.004469257308	0.005969618305	0.003241919297	0.001160570053	0.00385206497	0.006141312503	0.003939222698	0.006395919798	0.003855919123	0.00423738626	0.003249949385	0.00549484885	0.005530922782	0.009102185956	0.006548768056	0.01155631242	0.007690956764	0.01299707686	0.005332157318	0.002373456797	0.007898207873	0.000647456115	0.0005101799369	0.0006570101479	0.0005059099982	0.005486527713	0.006826276106	0.01149000002	0.007738983631	0.0009675984725	0.0004632521901	0.00157075533	0.0007549873435	0.0006989412349	0.0009881220177	0.00025284111	0.0007257413368	0.0006176099306	0.0007905659476	0.001006722102	0.0005425569909	0.000743721358	0.0007334839902	0.001765377399	0.0008997639346	0.004749630664	0.002249856354	0.00339463378	0.003293505652	0.004319912497	0.002753810352	0.000731746729	0.003402479476	0.005632880674	0.003460096532	0.005320692478	0.004100558408	0.003793712155	0.003213971265	0.004007010234	0.006205106688	0.008104316474	0.002870378593	0.006109774252	0.004614534649	0.004357926159	0.00229049489	0.0006888412572	0.002876901005	0.004412171735	0.002265314544	0.004095391818	0.002323452236	0.002793284687	0.002134868099	0.003826673117	0.003409356211	0.005772628065	0.003784214163	0.007461884136	0.004636589371	0.008354888841	0.004365388609	0.001421423173	0.007732002047	0.0003255240711	0.0002954012988	0.0003834538698	0.000306784789	0.004360100899	0.003816162776	0.008329189667	0.005455582408	0.007681066487	0.003106528617	0.009901759992	0.004336355918	0.007196081358	0.004303129215	0.001970770126	0.00679056192	0.005821943868	0.003269518431	0.004126546824	0.00278885205	0.00414704506	0.00348537992	0.008100003149	0.004762308513	0.002665884324	0.001154546583	0.002252023863	0.002251246525	0.001990713379	0.001157489623	0.0002301645178	0.00219553666	0.002691240023	0.001505878294	0.002362422206	0.001976039758	0.002461113468	0.001957403518	0.002308384523	0.004646888202	0.01240909618	0.00380569763	0.006444460071	0.007412474329	0.007030522711	0.003156390365	0.0007277407239	0.004659282233	0.005426746763	0.002867849531	0.004006330515	0.003538761384	0.007733149977	0.004118858403	0.006480112793	0.008702993692	0.005546831106	0.004195494944	0.005929301552	0.005261068805	0.005465440145	0.004037668105	0.0005829804027	0.005396708956	0.0003988722893	0.0002247954586	0.0003363417311	0.0002962256392	0.004714274415	0.005665333654	0.006493663792	0.006741000261	0.01064376036	0.004471582092	0.01127933946	0.006892913904	0.007353449025	0.004815342887	0.000940335583	0.006247645184	0.006670434192	0.004563709363	0.007689129115	0.004705051203	0.007609554957	0.005696429003	0.01020367105	0.009047354665	0.005262731947	0.002117255054	0.003401154385	0.003926152564	0.002960334739	0.001808977052	0.0003079309114	0.002588492138	0.004060080763	0.001979496203	0.003161902238	0.003108996215	0.004769313599	0.003085614595	0.003628115545	0.005844915126
stomach	V19_S2	521261553	0.01157239579	0.003568515632	0.006714951409	0.006034548264	0.004348889702	0.001895597314	0.0005512971336	0.002437122003	0.005407960713	0.002623431542	0.003881454499	0.002711051663	0.00411412656	0.001992416272	0.004047223487	0.003646136933	0.0060025413	0.003370250482	0.005910188431	0.004627546356	0.004847564501	0.002909370529	0.0007580704883	0.003948194506	0.0004964379178	0.0004237201051	0.0005178801284	0.0005200402724	0.00312319025	0.002707631115	0.004843955948	0.004050801345	0.008058374871	0.003308036033	0.00684310972	0.003852035487	0.004355178292	0.003128302846	0.0007976935909	0.003446227694	0.005575824619	0.004162678002	0.004130611567	0.002985978903	0.003402692928	0.00258399069	0.005074934042	0.00366583146	0.00522018358	0.002327760398	0.003276823296	0.00397609221	0.002849699909	0.001781863624	0.000381639503	0.00252309228	0.003640698204	0.002313514191	0.003333491584	0.003097377872	0.003144020484	0.002314826392	0.002524686489	0.005359660585	0.008421990793	0.002703575569	0.005745378654	0.003847908959	0.005108502602	0.002865193091	0.001125814856	0.003298261669	0.00578173852	0.004034527365	0.006034247072	0.003513792624	0.003607039478	0.002852842285	0.005019226883	0.004841440896	0.007565879312	0.005381095122	0.00973970739	0.00599857592	0.01043785978	0.004399422875	0.002129232424	0.006244251051	0.0007352028896	0.0006432950945	0.0008193084595	0.0005817271545	0.004390667194	0.005612211342	0.009787525995	0.006217251169	0.0007972139852	0.0003896757757	0.001274954955	0.0005662934439	0.0005672468999	0.0008210312031	0.0002818220511	0.0005697485232	0.0005891456952	0.0007416526267	0.0009707084612	0.0004642640506	0.0005286041113	0.0005706425081	0.001348559079	0.000637959961	0.004310131808	0.002188131838	0.003078995546	0.00277917869	0.004221078626	0.002851086928	0.0007594843658	0.003326842331	0.005217843105	0.003618381193	0.005172892542	0.003870515653	0.003147653976	0.002922611482	0.003703655082	0.005372888109	0.008599999317	0.002827072113	0.006434556665	0.004580145968	0.004065022613	0.002085014699	0.0007925407075	0.002654730609	0.005509130653	0.00276748974	0.005644227899	0.002828979025	0.003277943655	0.002280233394	0.005012381951	0.003841543633	0.005663956958	0.003581622295	0.007489184609	0.004265229206	0.0074790515	0.004017618387	0.001568300972	0.006673958553	0.0004933530941	0.0005088712154	0.0007047229896	0.0005168921407	0.004465936508	0.00378545279	0.009027084336	0.005031416541	0.007282182962	0.002893470641	0.009358121603	0.003800698495	0.006488180416	0.004041048084	0.002274407144	0.006056493102	0.005802192743	0.003498571858	0.004329465672	0.002855577956	0.004251625671	0.003498905664	0.009437837822	0.00476161149	0.003289690157	0.001410769691	0.002756504852	0.002559818564	0.002407785483	0.001397707151	0.0003305403957	0.002484610638	0.003555295781	0.002265895102	0.003742850377	0.002802510547	0.002748815814	0.00221182244	0.003086717197	0.004974865277	0.01143332165	0.003413913782	0.005824983605	0.006688519381	0.005792374256	0.002595549187	0.0006848040066	0.003925225231	0.005293968036	0.002937838003	0.003927228065	0.003287620179	0.006155773395	0.003315500616	0.005391408562	0.007480400151	0.005766201215	0.004221642642	0.006267392984	0.005008635271	0.005373026236	0.004060924862	0.0007570402953	0.005164775696	0.0005774836035	0.000389890639	0.0005482794546	0.0004436294959	0.004289656483	0.005297841331	0.006505185315	0.006343556284	0.01050237442	0.004404481755	0.01070535313	0.006142565055	0.006435485181	0.004460660846	0.0009736992822	0.005463690893	0.007056697312	0.005215381768	0.007770713141	0.004849724645	0.006261741311	0.004838852943	0.008902442494	0.007686782148	0.006088110626	0.002762382899	0.004080105252	0.004479923728	0.003925754716	0.002512343357	0.0004660942258	0.003481528591	0.004746162432	0.002828163695	0.004164464054	0.003751630997	0.004967072643	0.003581017992	0.00431184496	0.006701885032
stomach	V19_S3	364546876	0.01090758216	0.003745946241	0.006311728756	0.006457238163	0.00464157043	0.002085822291	0.0004569316348	0.002687124934	0.004095259343	0.001978925201	0.002642540818	0.002278774157	0.003972435633	0.001940000166	0.003643407988	0.003545448021	0.006475907916	0.003796120859	0.006180393108	0.005584313387	0.005667191618	0.003360168693	0.0007407908771	0.00482219192	0.0002635875009	0.0001878633572	0.0002242619684	0.0003112603823	0.003530273018	0.003166498127	0.005096452946	0.004855367352	0.006375668406	0.002618494528	0.005333753018	0.003590712433	0.004028746635	0.002698094716	0.0005495424956	0.003204416433	0.003412266246	0.002377905441	0.002534239246	0.00204140825	0.003500852933	0.002409443223	0.004566312619	0.003571337695	0.00378047678	0.001575786374	0.002096498558	0.003110167923	0.001848571595	0.001187863697	0.000197980026	0.001818262736	0.00214888414	0.001186689637	0.001529976079	0.001909348415	0.002526503615	0.001824360717	0.001691170712	0.00464750108	0.009508546714	0.003068255617	0.006088610673	0.004956059478	0.006190199803	0.003252179838	0.0009883283158	0.004192415573	0.005471866943	0.00345903938	0.005108281328	0.003781436876	0.004803069551	0.003485927555	0.005638353077	0.00639807979	0.01026813078	0.00713747167	0.01183639001	0.008934576633	0.01453665454	0.005740043703	0.002261901155	0.009000672385	0.0005205421099	0.0004081752164	0.0004756781951	0.0004490807926	0.006664566781	0.007629836334	0.0122814768	0.009439460949	0.0009760857202	0.0004754861759	0.001491382963	0.0008075312652	0.0007185358516	0.0009762146474	0.0002190171011	0.0007671276821	0.0005972428084	0.0007568436823	0.0009262978844	0.0005516355049	0.000920238307	0.0008057592023	0.001974799532	0.00109583438	0.004304187207	0.00194932407	0.002587587666	0.003057140449	0.003703589549	0.002252607426	0.0004982541669	0.003135023437	0.004731953868	0.002646323597	0.003521056096	0.003660453807	0.003978717404	0.003189779083	0.003559767167	0.00687764226	0.008444944128	0.003018270276	0.005841742558	0.005034150944	0.004517778394	0.002373875781	0.0006304977909	0.00308755629	0.004115698416	0.002128609655	0.003441219998	0.002438218672	0.003133654614	0.00225558921	0.004006604078	0.003834014477	0.006281343089	0.004060682171	0.00766757908	0.005189749589	0.008810065897	0.004516135258	0.001343750371	0.008312461852	0.0002982963431	0.0002716001878	0.0003227074699	0.0002971771455	0.005050804495	0.004163138131	0.008764977045	0.006169102379	0.007778003836	0.003163442278	0.009184187879	0.00463853927	0.007342208029	0.004279337179	0.001725457112	0.007097773072	0.005554964624	0.003184147435	0.003825219997	0.003014117175	0.004991064578	0.003815067668	0.008623294306	0.005605430013	0.002599736995	0.001138287083	0.001876447297	0.002361559121	0.001952130293	0.001111308385	0.000200086751	0.002227990564	0.002474460925	0.001328331229	0.001803134366	0.001978376575	0.002841629069	0.002171339414	0.002389495172	0.005450259297	0.01240292072	0.003950797812	0.005912309615	0.007845737238	0.007353504245	0.003239797342	0.0006599288482	0.004931264313	0.004900991114	0.002599736995	0.003326480296	0.00354079567	0.008505531673	0.004441360238	0.00669122179	0.009823990372	0.005469576428	0.004195970671	0.005323781735	0.005483256425	0.005459393924	0.003947580119	0.0004817240568	0.005564881044	0.0002828333111	0.0001709272637	0.0001980568337	0.0002430277307	0.005169134956	0.006035007141	0.006539869512	0.007618109447	0.009693864446	0.004197040493	0.009558896892	0.006666640589	0.007105228903	0.004498535327	0.0007810271291	0.006145862569	0.005414831754	0.003872936769	0.005939891801	0.004086678828	0.009022686015	0.006084740114	0.01103906593	0.01022306388	0.003961081812	0.001622606142	0.002066058029	0.00312016938	0.002178249362	0.001386677635	0.0001960324027	0.002043435424	0.003046955201	0.001459337701	0.001757617586	0.002581818861	0.00464211357	0.003053286349	0.003040986147	0.006418897415
stomach	V19_S5	336418359	0.01018392994	0.003535116227	0.006192777369	0.005917946945	0.004387257593	0.002049020161	0.0004779257603	0.002556626227	0.004103367022	0.002061454084	0.002795061491	0.002184411107	0.003645199399	0.001879398027	0.003501024746	0.003294047338	0.005987660739	0.00366785274	0.006116500319	0.005269034678	0.005544453655	0.003430350839	0.0008350584696	0.004831903362	0.0002996923245	0.0002234479718	0.0002775026912	0.0003341434764	0.003318439586	0.003175483654	0.005106433564	0.0047381778	0.006453107989	0.002749008713	0.005736274339	0.003600603141	0.00411792033	0.002918306845	0.0006362464897	0.003335124169	0.003761756653	0.002714144385	0.002887642645	0.002134523818	0.003208502066	0.002389610967	0.004515214344	0.003434604471	0.003781871488	0.001621204626	0.002284402677	0.003088556175	0.001950381073	0.001285726502	0.0002329837178	0.001889495573	0.002285220112	0.001350874552	0.001813807076	0.001942554508	0.00240534138	0.001844949847	0.001720783021	0.004425483807	0.009067204326	0.003007850116	0.006268127002	0.004585394818	0.006041138795	0.003369260237	0.001104904028	0.004121739979	0.005729904295	0.003787409236	0.005747326055	0.003736332951	0.004387489447	0.003427625066	0.005539204238	0.005897965872	0.009874844553	0.007158601591	0.01224912639	0.008548516819	0.0144334513	0.005883370949	0.002518863722	0.008888409089	0.0006233072435	0.0004964503141	0.0006028981314	0.0004950146017	0.006173215416	0.007709790297	0.01260783452	0.008873906314	0.0009862303621	0.000490454803	0.001627809498	0.0007971384225	0.0007433423097	0.001065004303	0.0002626105194	0.0007957413525	0.0006457941256	0.0008480066333	0.001056544598	0.0005764102785	0.0007919454836	0.000791267756	0.001890182218	0.000984012885	0.004245826548	0.002038711567	0.002817355161	0.002979320162	0.003958895121	0.002518364344	0.0006150853378	0.003238964138	0.005085691533	0.003091222498	0.004333030469	0.003727715704	0.00372107219	0.003181413771	0.003692470898	0.006336197009	0.00812249964	0.003002963343	0.006028241164	0.004830316053	0.004507262934	0.002472706907	0.0007083531372	0.003085681778	0.004332962102	0.002318187992	0.003885254669	0.002460915042	0.003019475522	0.002343287692	0.004095415613	0.00373015909	0.006096156601	0.00413750309	0.008077424811	0.005056026089	0.008943837099	0.004835437652	0.00153140275	0.008618212777	0.0003421632527	0.0003272443285	0.0004014198286	0.0003337392178	0.004851988473	0.004338155041	0.00918849081	0.006114800055	0.007834670521	0.003323150982	0.01006808312	0.004653093264	0.007669845985	0.004687169882	0.002034074484	0.00749350008	0.006012118381	0.003532417207	0.004283030225	0.003049783023	0.004566632465	0.003884074591	0.008766195189	0.005361669337	0.002581336532	0.00114140917	0.002072779268	0.0022823041	0.002022086434	0.001193427734	0.0002298090991	0.002307076826	0.00263423198	0.00149634521	0.002164367611	0.00198144656	0.002667217695	0.002137240673	0.002414927659	0.005102911164	0.01164220351	0.003736032729	0.00589565922	0.007188611844	0.006918706835	0.003131490811	0.0006747045574	0.004613823706	0.0049585433	0.002690753866	0.003548557824	0.003358297696	0.007630219729	0.004138329442	0.006279226277	0.008783370232	0.005355733276	0.004231516984	0.005589145032	0.005257971073	0.005452972321	0.004091200623	0.0005451337452	0.00552055484	0.0003419967933	0.0002052355294	0.000260069041	0.0002684514611	0.004789370012	0.005890674355	0.00645209437	0.007033979974	0.009720200793	0.004280863281	0.01026457953	0.006532720172	0.007162049679	0.004775268522	0.0008742329071	0.006174698688	0.005893435798	0.004253343974	0.006782364693	0.004246349706	0.007464649098	0.005626408159	0.009868849042	0.008990769734	0.004095635577	0.001704021153	0.002381909247	0.003158165931	0.002359790953	0.001508755353	0.0002321633107	0.002135504739	0.003289228933	0.001623038652	0.00215619921	0.002541867818	0.004354931771	0.002957454531	0.003082200992	0.005920369524
stomach	V19_S6	432018480	0.00981534401	0.003679733793	0.006109222457	0.006022459965	0.004740447677	0.002177404541	0.0004798891936	0.002669422845	0.004143491732	0.002071381298	0.00282685824	0.002272587969	0.003898597116	0.001945810281	0.003788307852	0.003259763332	0.006431530429	0.00387102885	0.006229238157	0.00555557716	0.005950412121	0.003490619198	0.0007497248729	0.004842316005	0.0003008945358	0.0002300873796	0.0002661737989	0.0003445685935	0.003523907125	0.003109424856	0.005110732763	0.00450728404	0.005975890198	0.002658219621	0.005188752574	0.003420573583	0.004141010357	0.002822541295	0.0005706306823	0.003173739234	0.003521437324	0.0025510043	0.002671006111	0.002089880507	0.003237014305	0.002354297437	0.004457054707	0.003214765257	0.003748439187	0.001694346501	0.002178381351	0.003152198489	0.002084982568	0.00133025328	0.0002298096137	0.001897323929	0.002417535472	0.001416909295	0.001825475151	0.002101567507	0.002594692246	0.0018719477	0.001837757033	0.004356466418	0.008775059808	0.003100700692	0.0060009632	0.004709050872	0.006216419261	0.00351511815	0.001049603248	0.004206044612	0.005244539539	0.003578752002	0.005174996218	0.003600153864	0.004662295928	0.003557637164	0.005784997901	0.006065944216	0.009932818152	0.007201583136	0.01181613805	0.008664796006	0.01479422593	0.005920390257	0.002416202196	0.00882741405	0.0005492334495	0.0004552999677	0.0005149663968	0.0004561795597	0.006503288933	0.00749674875	0.01240100886	0.008839170491	0.0009683914447	0.0004891364832	0.001511363588	0.0008039193138	0.0007222978054	0.001036062161	0.0002348904149	0.0007587892999	0.0005874818133	0.000785413161	0.0009202800769	0.0005345396336	0.0008007134324	0.0007756057102	0.001816218603	0.0009822265011	0.003995465657	0.002002078707	0.00255975624	0.002941140388	0.003805351104	0.002435738397	0.0005683530019	0.003093180181	0.004653229186	0.002794410554	0.003626458294	0.00348050389	0.003816813577	0.003114024196	0.003611269129	0.006302033654	0.008420327297	0.003167920039	0.006109636791	0.005119709231	0.004836480606	0.002574375985	0.0006840471269	0.003144543724	0.004430722501	0.002310262283	0.003909605904	0.002562098732	0.003318283977	0.002388011272	0.004460957318	0.003749124343	0.006519968775	0.004303389985	0.008006541757	0.005358745302	0.00928533659	0.004710562381	0.001437366753	0.008306322915	0.0003639659118	0.0003469458066	0.0004234170723	0.0003562579082	0.005101980823	0.004178707818	0.009132194993	0.005830583914	0.007766047415	0.003296109	0.009395311052	0.004622804562	0.007692508895	0.004551835375	0.001871065793	0.007067843487	0.005714392125	0.003311876844	0.004001666781	0.003022766526	0.004796554073	0.00386875117	0.00881153047	0.005208379049	0.002900570364	0.0013280543	0.002148197457	0.002587704119	0.002361459167	0.001326568252	0.0002485588117	0.002507945956	0.002979203575	0.001687800485	0.002362160526	0.002320609063	0.003100316449	0.002338527278	0.002758592642	0.005439165473	0.01131800195	0.003903342283	0.005763355308	0.007293586145	0.007341903522	0.003365987955	0.0006817787054	0.004885784053	0.004759541768	0.002674612438	0.00339755142	0.003345970293	0.008149466199	0.004399811786	0.006736445626	0.008997054941	0.005464222271	0.00433384933	0.005464134312	0.005462257078	0.005629090219	0.004099410284	0.0005282551802	0.005559215893	0.0003382494193	0.000199810897	0.0002424711091	0.0002555307356	0.004960021618	0.005807647395	0.006473607333	0.007074056184	0.009208589873	0.004227198799	0.009401986693	0.00640655696	0.007185801404	0.004729698137	0.0008164974795	0.006133031624	0.005466449028	0.004073765548	0.00603915601	0.004056625078	0.007436024496	0.005668921848	0.009861515646	0.008832930017	0.004010187249	0.00176888035	0.002253806365	0.003216031407	0.00242264405	0.001579362994	0.0002359922196	0.002208051378	0.003256055158	0.00167838885	0.002081556789	0.002572170061	0.004431662275	0.002940598745	0.003125294548	0.005766251018
stomach	V19_S7	403460490	0.01116984714	0.003576003192	0.006305420389	0.006121588263	0.004575074997	0.002104372103	0.0004819331876	0.002597436492	0.004448324048	0.002109740659	0.002993202631	0.002291203285	0.003935869904	0.001891637518	0.003653274699	0.003436512458	0.006259326657	0.003701723061	0.006309802479	0.005267311305	0.005815488897	0.003545340958	0.0008045273529	0.004881275983	0.0003136688799	0.0002214491932	0.0002937511923	0.000340853698	0.003485431746	0.003164485821	0.00522580786	0.004664940054	0.006608371987	0.002752445475	0.005715129628	0.003571155133	0.004260434522	0.003010116307	0.0006472678403	0.003393655721	0.003920282256	0.002735782133	0.002976135284	0.002171149398	0.003285094905	0.002352061784	0.004576143255	0.003348327862	0.003828481446	0.001593997469	0.002224230184	0.003049889718	0.00204338224	0.00133218249	0.0002295788616	0.00187302603	0.002410560697	0.001348689682	0.001901896267	0.00197580685	0.002552926558	0.001815798618	0.001785904736	0.00447782136	0.008894290987	0.002867581904	0.005987188485	0.004394403031	0.005794512865	0.003304254154	0.001068397057	0.003960496851	0.005456217039	0.003597930989	0.005507114216	0.003538668681	0.004200676502	0.003231905062	0.005368808232	0.005595888708	0.009545787247	0.006880019404	0.01190791445	0.00807707342	0.01419759342	0.005695643209	0.002506760947	0.008466568808	0.0005939317627	0.0004599235975	0.0005790058898	0.0004577771667	0.005987674283	0.007341058352	0.01239439331	0.008402817832	0.000985350511	0.0004838962051	0.001607874912	0.0007857101448	0.0007282373548	0.001062622018	0.0002647570274	0.0007826045123	0.0006325675161	0.0008217458914	0.001045569543	0.0005555066867	0.0007546860413	0.0007581238004	0.001859825233	0.0009278380641	0.003936335873	0.001884365431	0.00254520833	0.002679367687	0.003695685295	0.002352797916	0.0005708638286	0.00296798083	0.004705233962	0.002793306973	0.003934638061	0.003394649622	0.003457842923	0.002863779797	0.003456457409	0.005826248315	0.008606371841	0.003060716057	0.006139493362	0.004927667143	0.004687021522	0.002530631934	0.0007408309052	0.003128531867	0.004635757519	0.002356114226	0.004132498823	0.002562967194	0.003149738404	0.002343785881	0.004311406056	0.003772694075	0.006375821335	0.004278104158	0.008459475177	0.005175386566	0.009536304286	0.005136676456	0.001668778026	0.008915928794	0.0003642463231	0.0003446434123	0.0004392573855	0.0003574228545	0.005220578104	0.004510387126	0.00981639367	0.006212732255	0.008076084476	0.00335460357	0.01023203784	0.00475092369	0.008006494019	0.004871103983	0.002112288616	0.007700659859	0.006262176998	0.003564755498	0.004387383756	0.003134686125	0.004716935232	0.003892247293	0.009151441322	0.005402499263	0.002664808641	0.001159300629	0.002110774217	0.002331393094	0.002144346278	0.001254204594	0.0002395823194	0.002344987981	0.002774026275	0.001575601616	0.00232066094	0.002100902123	0.002768169443	0.002137733487	0.002556426281	0.005132884263	0.0117518273	0.003683639506	0.005842073904	0.007334063863	0.006893547371	0.003132527301	0.0006708265288	0.004714764016	0.005016439156	0.002670028483	0.003531359415	0.003361969842	0.007573606526	0.004037872457	0.006184895577	0.008988243186	0.005361860835	0.004232902706	0.00557921793	0.005176871222	0.005544245485	0.004166539331	0.0005582752353	0.005547546923	0.0003407942126	0.000198269724	0.0002584267917	0.0002670546501	0.004801756425	0.005821437435	0.006446616371	0.00700131257	0.009709840485	0.004200396425	0.01009921938	0.006434511097	0.00714927997	0.004829617889	0.0008766508959	0.00621846268	0.005809019862	0.004149823939	0.006672289026	0.004209111033	0.00728876079	0.005387273485	0.009570295223	0.008871394074	0.003813129261	0.001598109396	0.002189314746	0.002990104434	0.002274790277	0.001456943157	0.0002153668132	0.002059287144	0.003130643598	0.00153970219	0.002046879485	0.002442935614	0.004177102943	0.002739666033	0.002918315496	0.005972156034
stomach	V19_S9	363457920	0.01010658125	0.003661947991	0.006072906597	0.006143905187	0.004727633945	0.002163315082	0.0004837781496	0.002759018155	0.004011809675	0.001997469198	0.002658395778	0.002158739587	0.003991537727	0.001999629008	0.00371003884	0.003588239321	0.006493896185	0.003903227642	0.006295961304	0.005781802746	0.005992030659	0.003584800133	0.0008564512778	0.005255719837	0.0002665865694	0.0001960612112	0.0002303843042	0.0003067205139	0.003746810635	0.003445887216	0.005510420574	0.005410846461	0.006153562426	0.00264173085	0.005286724802	0.00356586259	0.004185650983	0.002855153081	0.0005939367066	0.003392794412	0.003435979604	0.002439179204	0.002574622669	0.001972954668	0.003365820175	0.002414122658	0.004480969902	0.003645305074	0.003556169584	0.001533877704	0.001991372206	0.003017958723	0.001872318534	0.001235961511	0.0002136671007	0.001928693699	0.002131776355	0.001218771075	0.001550306016	0.00184475826	0.002547392556	0.001886529258	0.001718950023	0.004712894962	0.00874209317	0.00294514149	0.005861470841	0.004615026686	0.006049740229	0.003328316521	0.001034350827	0.004189899067	0.005179375373	0.003416706396	0.005043156028	0.003493400281	0.00463763453	0.003482700281	0.005629554035	0.006182402078	0.009990884227	0.007100582648	0.0118237539	0.008658267785	0.01464941526	0.005803067931	0.00235743384	0.009021003037	0.0005174244105	0.0004055270002	0.0004703488096	0.0004223294955	0.006632693545	0.007777711929	0.01263061485	0.009414036156	0.0009670583049	0.0004751774291	0.001522118434	0.0007819116997	0.0007236601145	0.001004468413	0.0002297790072	0.0007817741322	0.0006044386101	0.000772460812	0.0009639382738	0.0005485806995	0.0008321458506	0.0007771903829	0.001897666723	0.001035399091	0.003895278991	0.001856071812	0.002412587405	0.002806418416	0.003558543999	0.002247850315	0.0005113631861	0.00303203463	0.004523401223	0.002644589503	0.003444360216	0.003402027943	0.003812620179	0.003119235921	0.003511903111	0.006527828586	0.008452109119	0.003188977145	0.006108332981	0.005206052464	0.004919136169	0.002606714417	0.0007120274061	0.003367963477	0.00432550211	0.002285769423	0.003731796517	0.002487613972	0.003416079088	0.002512692528	0.00440570947	0.004133072681	0.006478081424	0.004331552329	0.008143908379	0.005455976857	0.009394108127	0.004880804358	0.001492453377	0.008959023372	0.0003170105634	0.0002963451725	0.0003535182285	0.0003087785238	0.005377274486	0.004536475639	0.009524566145	0.00671230111	0.008106080066	0.00337917798	0.009880365243	0.004875868436	0.00811265029	0.00469697565	0.001938169348	0.007790819361	0.005990550433	0.003430542936	0.004110883043	0.003082909846	0.005095580253	0.004015796382	0.009086402629	0.005848024993	0.002679889325	0.001202554618	0.001985660403	0.00248182238	0.00214529649	0.001231702421	0.0002267937922	0.002521469335	0.002643898914	0.001458097267	0.001997518722	0.002066318984	0.003045023754	0.00233383551	0.002593161266	0.005812992051	0.01138303163	0.003808319819	0.00566220981	0.007340150959	0.007203604203	0.003218295532	0.000654185772	0.004814100625	0.004684674363	0.00255467538	0.003249146421	0.003276123409	0.008213756905	0.004331343227	0.006592471558	0.009338759216	0.005224794661	0.004126425419	0.005169764907	0.005243905539	0.005415595291	0.003971598693	0.000483679101	0.005523082287	0.0002753303601	0.0001658211217	0.0001902255975	0.0002254126145	0.005041384158	0.005901164569	0.006454375791	0.007333126762	0.00919041467	0.004074796334	0.009377143302	0.006311743049	0.007097638703	0.004595560884	0.0007868476219	0.006147839618	0.005280443469	0.003872453791	0.005952455239	0.003960722606	0.007674517039	0.005587631713	0.009818459865	0.009354576728	0.00356494639	0.001495642192	0.001872051653	0.002837029937	0.002006364313	0.001291648838	0.0001809507962	0.001874156436	0.002893308804	0.001416879291	0.001668327932	0.002339299691	0.004295242762	0.002807386891	0.002829939708	0.00597621865
stomach	V20_S10	314313726	0.0103792731	0.003615069614	0.006383892379	0.006239638418	0.004389318333	0.002026348032	0.0004665720516	0.002573928318	0.004194678409	0.002107486709	0.002908091262	0.002295706297	0.003665617836	0.001880032436	0.003529864935	0.00335537685	0.005800144407	0.003534856763	0.005878648774	0.005112420703	0.005406486766	0.003242037861	0.0007295927	0.004605035925	0.0003032320644	0.0002279601369	0.0002846423576	0.0003449069863	0.003223368616	0.002982042852	0.004852482962	0.00447899625	0.006385327251	0.002730342104	0.005656752642	0.003566140793	0.004030762564	0.00279565901	0.0005873781026	0.003198183588	0.003808564186	0.002736555641	0.002903847094	0.00216489432	0.003138361193	0.002295709478	0.004368736986	0.003281291635	0.003867728004	0.001708223204	0.002409016652	0.003266459321	0.00206428465	0.001309405113	0.0002389555205	0.001940643852	0.002375356016	0.001458393198	0.00196671971	0.002083940171	0.002457869116	0.001844857389	0.001787309791	0.004480956075	0.009474196491	0.00315929569	0.006618626003	0.004812726505	0.006210724631	0.003428450338	0.001129043916	0.004158288016	0.006056452018	0.003976332869	0.006121116709	0.00393914073	0.004571928876	0.003499137674	0.005823719579	0.006040754326	0.009842802729	0.007014841598	0.01216560934	0.008386041658	0.01422314277	0.005691689074	0.002431993695	0.008575591128	0.0006351043034	0.0005019825319	0.0006238194001	0.0005074547715	0.006171120888	0.007452945278	0.01247323828	0.008671485763	0.001004168682	0.0004900008726	0.001625302867	0.0007954568297	0.0007343618204	0.001043113847	0.0002586524013	0.0007704754198	0.0006537640039	0.0008548815332	0.001059864627	0.0005790679342	0.0007916230804	0.0007708126625	0.00188178228	0.0009524814707	0.004534911721	0.002200193446	0.003112040357	0.003196825073	0.004265467554	0.00268248546	0.0006580558941	0.003440441542	0.005409245157	0.003325766308	0.004763982213	0.004001263375	0.003944523886	0.003323701492	0.003962655452	0.006617407475	0.008380776218	0.003092763439	0.00624557198	0.005034533554	0.004472801802	0.002396834556	0.0006601207101	0.003029959945	0.004441352332	0.002357377164	0.004069421391	0.002541193508	0.003078825135	0.002314467807	0.004130128253	0.003717470487	0.005865025443	0.003960775165	0.00765037859	0.004916559069	0.008503834796	0.004498527691	0.001422441857	0.008053001796	0.0003322158448	0.0003178607606	0.0003950829688	0.0003286016214	0.004663273916	0.004036377972	0.008569259874	0.005735333366	0.007791912339	0.003261836551	0.009866489254	0.004585816275	0.007437008971	0.004413488452	0.001874747907	0.006980951891	0.005861878905	0.003419618397	0.004179922451	0.002968222266	0.00453043212	0.003698833057	0.008429116455	0.005025774789	0.002623404363	0.001188147284	0.002155505611	0.002328173858	0.002059938674	0.001172016904	0.0002277469741	0.002257098374	0.002667035928	0.001579746473	0.002304334619	0.002124119772	0.00269525614	0.002086008169	0.002449132622	0.004966575974	0.01135504658	0.003815573107	0.006062086515	0.007344760375	0.006860651704	0.0031312441	0.0006641898929	0.004621773979	0.005025711158	0.002780597625	0.003678907106	0.003456565559	0.007522468172	0.004116899432	0.006294309909	0.008779925189	0.00535045676	0.004203344909	0.005646094501	0.005255102986	0.005340829436	0.003957994504	0.0005335497184	0.005361833928	0.000358158078	0.0002084350589	0.0002790078598	0.0002781711162	0.004654464247	0.005587891507	0.006230551955	0.006819864431	0.009757817576	0.004305179469	0.01024412787	0.006559309472	0.007001205541	0.004643535676	0.0008338770417	0.006058080963	0.006034413527	0.004317017959	0.006858561436	0.004322843349	0.007326084767	0.005501751457	0.009635274407	0.008730194621	0.004334153705	0.001845939111	0.002603561131	0.003403615278	0.002517366995	0.001608482093	0.0002470016216	0.002321327195	0.00339945065	0.001756321644	0.002396783652	0.002704476228	0.004344414154	0.002962562316	0.003190522453	0.006215894625
stomach	V20_S11	333805832	0.01101699146	0.003966467548	0.006346402001	0.006770681586	0.004904111442	0.002229155181	0.0004648990075	0.002908433307	0.00414543686	0.002034904531	0.002647850682	0.002226893388	0.004294041214	0.002121499783	0.003775020923	0.003853024353	0.006715200231	0.003933487297	0.006207177351	0.00599044357	0.006043869839	0.003508150211	0.0007855734528	0.005235363893	0.0002542825555	0.0001818901714	0.0002090077324	0.0002986077247	0.003896579614	0.003441078285	0.005378545933	0.00554422009	0.006324739707	0.002663952857	0.005126042855	0.003688674319	0.004157632572	0.002752285646	0.0005274054049	0.003317500456	0.003346559266	0.002329548874	0.002403753689	0.001938168654	0.003427849038	0.002430206192	0.00428281313	0.003697002514	0.003543002808	0.001530605373	0.001892818937	0.003059727848	0.001846151088	0.001188418422	0.0001905718651	0.00187593487	0.002069035151	0.001158940207	0.001412983102	0.001765568314	0.002591545495	0.001897432397	0.001663664762	0.00479646503	0.009572367208	0.003181661008	0.006122475416	0.005077280975	0.00635653963	0.003342817569	0.0009888862577	0.00431825589	0.005473598196	0.003511655243	0.005031014557	0.003638174902	0.005130353744	0.00369211644	0.005838690679	0.006742554456	0.01055622959	0.007234118666	0.0119059274	0.009053361896	0.01493923869	0.005777044063	0.00220998835	0.009158896301	0.0005027922939	0.0003950649969	0.0004371343638	0.0004253520651	0.007088051715	0.007899748139	0.01257130523	0.009870178062	0.0009907825697	0.0004816482655	0.001481765603	0.0008205848243	0.000716835888	0.0009691262674	0.0002054337984	0.0007502655017	0.0006029253557	0.0007615265392	0.0009121710013	0.0005422493637	0.0008770427953	0.0007825717077	0.00181982141	0.001065966996	0.004104200312	0.001931766728	0.002473938202	0.003021466084	0.003672296534	0.002246021274	0.0004717263298	0.00314594863	0.004620341684	0.002625933749	0.003334396506	0.00343078188	0.004116294169	0.0032819139	0.003570689562	0.00704139585	0.008758792447	0.003209317805	0.00598283136	0.005308139733	0.00471051087	0.002450894866	0.0006051002728	0.003234916519	0.004136650315	0.002153868899	0.003376100391	0.00233348829	0.00340044688	0.002397597415	0.004081504484	0.00409093212	0.006351407905	0.004124077137	0.007444905876	0.005393929127	0.008916273218	0.004517563372	0.00125931892	0.008487955357	0.0002814630273	0.0002503820844	0.0002865138677	0.0002764271656	0.005208752614	0.004222095197	0.008492703627	0.006446945481	0.008004404788	0.00326010781	0.008976014535	0.004788517296	0.007523125	0.004269401141	0.001603647836	0.007103303096	0.005511314733	0.003151227148	0.003693024153	0.002887858472	0.004915045942	0.003779505566	0.007962503184	0.005566439594	0.002582657094	0.001159877878	0.001808245819	0.002412546225	0.001988155797	0.001112092613	0.0001895742792	0.002314821749	0.002410248482	0.001300345765	0.001724268856	0.001878840751	0.002943941974	0.002197262389	0.002356663439	0.005580681406	0.0120623986	0.004070129608	0.005842905705	0.007855644655	0.007495776766	0.003343033264	0.0006320980036	0.005027311806	0.004833513514	0.002624972113	0.003255455405	0.003354881469	0.008716147895	0.004581130266	0.00668613543	0.009804220557	0.005433491048	0.004188419932	0.005148921424	0.005490497242	0.005455587726	0.00391517126	0.0004431917774	0.005597185013	0.0002639798097	0.0001567617908	0.0001751287557	0.0002199542158	0.005219824919	0.00601361872	0.006343993415	0.007628380801	0.009416836672	0.004172377671	0.00912020914	0.006569489775	0.007048319036	0.004509906226	0.0007054070883	0.00610241585	0.005260636069	0.003803318811	0.005634227505	0.003830484304	0.00777959146	0.005620965304	0.00936636122	0.009251713733	0.003579497077	0.001531405239	0.001801283688	0.002902345936	0.00202722941	0.001307682365	0.000175988537	0.001909652076	0.002826214852	0.001404496132	0.001569064857	0.002239071126	0.004399755364	0.002944577074	0.002794735474	0.006228411252
stomach	V20_S12	346554420	0.01029051945	0.003520944849	0.00632984857	0.005874990716	0.004381424424	0.00206718183	0.0004719431944	0.002459717582	0.004205033657	0.002084368164	0.002958937878	0.002225151248	0.003565477537	0.001800608978	0.003548516276	0.003010984537	0.005826787608	0.003663993089	0.006188046887	0.004949753635	0.00559031104	0.003460835963	0.0007469129957	0.004634645837	0.0002980743977	0.0002155159354	0.0002792981258	0.0003167727597	0.003216646321	0.002965779516	0.004976973025	0.004055256314	0.006285229315	0.002721907284	0.005781011248	0.003427369358	0.004174091907	0.002982691723	0.0006517966211	0.003221722003	0.003850803577	0.002738730038	0.0029901047	0.002154279262	0.003140003235	0.00229133133	0.004621251115	0.00302782172	0.0034975113	0.001507552551	0.00215558353	0.002800160506	0.001928868776	0.001235748198	0.0002183495452	0.001665034311	0.00226314528	0.001292593527	0.001830921677	0.00183715735	0.002306333303	0.001637001196	0.001657165417	0.003852543563	0.009205134362	0.003115268303	0.006622174953	0.004594043267	0.006292350852	0.003602112476	0.001178325759	0.004213797071	0.005935059204	0.003992997694	0.006171108711	0.003875728955	0.004357128095	0.003445253995	0.005829032566	0.005669542463	0.0102568826	0.007664002669	0.01330581789	0.008716492492	0.01547966406	0.006289517242	0.00282685184	0.009184505568	0.000649003409	0.0005301216473	0.0006498055919	0.0004954835088	0.006347655298	0.008019092644	0.01364343009	0.00882446399	0.001031852371	0.0005195749631	0.001774598633	0.0008191181056	0.0007785934457	0.001160490176	0.0002884914871	0.0008199635717	0.0006710547798	0.0009084633807	0.001116367236	0.0006074659212	0.000792573934	0.0008219892276	0.001998551916	0.0009728255666	0.00431040816	0.002118694663	0.002913955043	0.002940955132	0.004132583275	0.002610363475	0.0006557757942	0.003239248831	0.005292891662	0.003219999329	0.004547640743	0.00378580657	0.003740168716	0.003180735655	0.00387323584	0.006189178023	0.008079576651	0.003030776523	0.00617002663	0.004713011596	0.004535114572	0.002497062366	0.0007062123172	0.002951279629	0.00448037858	0.002334210598	0.004109617185	0.002475256267	0.002925586694	0.00227217128	0.004178166304	0.003302292321	0.006113599705	0.004265136771	0.008385398749	0.004964123672	0.009319139545	0.00501112062	0.001668292097	0.008655529484	0.0003533759575	0.000344286476	0.000434901393	0.0003350209759	0.004798822072	0.004233695822	0.009341046639	0.00558164862	0.008018697323	0.003407228221	0.01055676046	0.004653748176	0.007982186463	0.00484274591	0.002188689442	0.007305781874	0.006274971186	0.003595663273	0.004376218892	0.003067261413	0.004586901532	0.003823116727	0.009226954889	0.004993045537	0.002496271726	0.001109894948	0.002054629688	0.002148006077	0.002046832933	0.001175200709	0.0002328378902	0.002134660409	0.002695833457	0.001527817767	0.002246285013	0.002012266933	0.002598775107	0.001996035716	0.002419308344	0.004542504464	0.01066844278	0.003634540284	0.005806632044	0.006888747805	0.006788959725	0.003123593114	0.0006713491059	0.004608387335	0.004837927042	0.002676416593	0.003548527819	0.003280541047	0.007122119522	0.003969041861	0.006151484087	0.008359310494	0.005158055696	0.004301341763	0.005694534209	0.005124095662	0.005427211114	0.004170894718	0.0005696450214	0.00554081232	0.0003277407341	0.0001980237332	0.0002571659597	0.0002464201726	0.00466807493	0.005885600882	0.006593752289	0.00683129651	0.009401744176	0.004226505032	0.01037021833	0.006332200293	0.00718483983	0.004833838218	0.0008991286275	0.006181560172	0.005787720151	0.004234544173	0.006862821141	0.004173953401	0.007136175034	0.00547275086	0.009852152513	0.008552573071	0.003797625781	0.001620100531	0.002350008983	0.002945243059	0.002235308382	0.00145129876	0.0002231280155	0.002030301619	0.003167196656	0.00156484514	0.002155470994	0.002381565354	0.004081788944	0.002773977028	0.003030646673	0.005912540374
stomach	V20_S1	340946462	0.01025788031	0.003672286237	0.006211981164	0.006052126155	0.004522956452	0.002105166294	0.0004482873912	0.002619842408	0.004065931618	0.002049280687	0.002722189855	0.002186525109	0.003744825485	0.00190570096	0.003539482395	0.003266157958	0.006109833162	0.003692312842	0.006070348957	0.005259553038	0.005632224452	0.003405596272	0.0007164057329	0.004811447493	0.0002654815641	0.0001950980797	0.0002375710237	0.0002990616163	0.003373312611	0.003135310435	0.004997335916	0.004593184487	0.006265171334	0.002680423767	0.005436648291	0.003514528331	0.004091712792	0.002812327174	0.0005649303379	0.003215833341	0.003587853626	0.002550860903	0.002698969201	0.002052867761	0.003211228512	0.002339464077	0.00433891876	0.003270038332	0.003497226494	0.001494398848	0.002046136499	0.002817081586	0.001793994272	0.001163255948	0.0001908569446	0.001690875443	0.002118268058	0.001219722292	0.001584911592	0.001764907594	0.002299607379	0.001717348808	0.001592651811	0.004057264568	0.009447192914	0.003151002048	0.00644570701	0.004821428533	0.006382189706	0.003451999452	0.00106496779	0.004276979416	0.005831645791	0.003791266794	0.00567207235	0.003783770016	0.004726199505	0.003563019815	0.005818599754	0.006131035904	0.01047074364	0.007396900338	0.01257244898	0.008912264354	0.01526180964	0.006111408189	0.002423556459	0.009348356282	0.0005718053176	0.0004500911935	0.0005337788195	0.0004551007777	0.006734508951	0.008024224636	0.01305625222	0.009439825189	0.001025820881	0.0004993452608	0.001603594878	0.0008266488479	0.0007585267156	0.00105906657	0.0002396505291	0.0008052143976	0.0006524895395	0.0008239768741	0.001025436656	0.0005656430598	0.0008498313732	0.0008077162566	0.001925883014	0.001026712517	0.004220999953	0.002003763277	0.002736324039	0.002968251948	0.003910130031	0.002412103047	0.0005494645667	0.003179194157	0.005045481305	0.002961623341	0.004022549441	0.003634655696	0.003916394944	0.003243259934	0.003705050912	0.006550943473	0.008408290801	0.00313252994	0.006147035484	0.005044906435	0.004625007665	0.002525968432	0.0006502252544	0.003174102449	0.004331935259	0.002302801429	0.003762807781	0.002474980955	0.003155331173	0.002340408507	0.004143999594	0.003752023096	0.006248195061	0.004169381878	0.007987101506	0.005177211664	0.009064244227	0.004829591105	0.00139330673	0.008664873607	0.0003157768506	0.0002984544829	0.0003591560953	0.000302947857	0.005013452816	0.004356059281	0.008991018654	0.006156245141	0.008095332575	0.003383941846	0.009862988401	0.004759072702	0.007675759369	0.004578812729	0.001794407827	0.007335474272	0.005939228664	0.003432937808	0.004168757146	0.003050989278	0.004749863044	0.00387796369	0.008453321331	0.005358586182	0.00256603044	0.001136201847	0.001978404457	0.002263032722	0.001991954972	0.001160290673	0.0002063227159	0.002233259719	0.00255231861	0.001425373348	0.001984229418	0.001938896788	0.002722861515	0.0021081521	0.002353522003	0.00501770275	0.01185273481	0.003905856633	0.005937087565	0.007431416021	0.007214645917	0.003277180216	0.0006524660755	0.004832477188	0.004963453764	0.002694777927	0.003477108966	0.003381815412	0.007967130628	0.004320294135	0.006427460743	0.009105766876	0.005311487878	0.004178136918	0.005353899229	0.00523334951	0.005466518083	0.004029659061	0.0004932944575	0.005572106509	0.0003020532884	0.000177303497	0.0002176206773	0.0002325614395	0.004904990039	0.00592533792	0.006413185775	0.007208762295	0.009652236837	0.004285511548	0.009893336274	0.006573923621	0.007264410328	0.004767780814	0.0008062174876	0.006280692832	0.00573678339	0.004127958952	0.006422641805	0.004102564936	0.007581099346	0.005651324225	0.009681212061	0.009004985657	0.003770700515	0.001586932438	0.002097716444	0.002925262794	0.002147433928	0.001382982528	0.0002015213755	0.001966338046	0.003044941408	0.001515100045	0.001887269914	0.002342866371	0.004274788456	0.002859475339	0.002894812265	0.005828994348
stomach	V20_S2	340577008	0.01090123794	0.00374672679	0.006357020436	0.006423246281	0.004461228927	0.002047528117	0.0004673509845	0.002680791652	0.004464124014	0.002276436699	0.002991549565	0.002497273686	0.003721469654	0.001936730855	0.003483174061	0.003611879167	0.005998819509	0.003582191315	0.005866494076	0.005151648405	0.005255325398	0.003160744779	0.0006994335918	0.004526447657	0.0003496008163	0.0002811875075	0.0003358770478	0.0003962539949	0.003145596957	0.002973415634	0.004685474834	0.00453832456	0.006773962851	0.002861150275	0.005720019127	0.003705925445	0.004116625512	0.002845280149	0.0005777136899	0.003305493247	0.004133740584	0.003011040017	0.003087915436	0.002413932769	0.00309146823	0.002325462322	0.004212301378	0.003444921332	0.004172090208	0.001808122643	0.002456516384	0.003459220594	0.002217715765	0.001416745666	0.0002496498531	0.002151815838	0.002671798092	0.001643745722	0.002131250739	0.00234260382	0.002639132939	0.002026681143	0.001934408326	0.005225053243	0.009226491883	0.003042263499	0.006173640471	0.00459880721	0.00593103161	0.003216553009	0.001065629774	0.003965937125	0.005979725443	0.004005472971	0.005849563985	0.003875070745	0.00425214846	0.00325895458	0.005334329556	0.00576114639	0.009224104758	0.006496357499	0.01117890495	0.007793335832	0.01305736704	0.005263267801	0.002177390084	0.008021492749	0.00064605653	0.0005240019021	0.0006495740899	0.0005315391108	0.005678084411	0.00699517567	0.0112728514	0.008236066834	0.0009132383945	0.0004437997764	0.001429230361	0.0007144404769	0.0006787598533	0.000952818283	0.0002335918108	0.0007065362439	0.000632702722	0.0007962516366	0.001014780775	0.0005435716318	0.0007121884164	0.0006936610354	0.001638026017	0.000876753254	0.00441216807	0.002140766942	0.002950554431	0.003093817185	0.004246320116	0.002722147938	0.000646176914	0.003514744013	0.005340084496	0.00339293309	0.004692498209	0.004069461436	0.003779071898	0.003286830801	0.003818651786	0.006699909114	0.008575446761	0.003135605091	0.006143676616	0.005042515965	0.004416469593	0.002389920579	0.0006524662405	0.003063072302	0.004744477642	0.002559189198	0.00424335456	0.002733563858	0.003017843177	0.002267087859	0.003985894432	0.003801983016	0.006074526323	0.004005035478	0.007644861335	0.00498309328	0.008257198619	0.00443274785	0.00133459978	0.008009366269	0.0004096283564	0.0003785810462	0.0004787463515	0.000397848348	0.004623685578	0.00405574354	0.00822748434	0.005878646981	0.007981390218	0.003301608663	0.009686332085	0.004629716519	0.007256018292	0.004379767174	0.001745088441	0.007018124958	0.006064314242	0.003587329653	0.004373046227	0.003233268759	0.004397857063	0.003665053632	0.007994823303	0.00523460468	0.002903569462	0.001278430398	0.002270006436	0.002517277972	0.002194311367	0.00127775801	0.0002413962131	0.002481227388	0.002981936467	0.001763639312	0.002590195402	0.002361639163	0.002739788588	0.002194443496	0.00252064285	0.005435777978	0.01169049556	0.003780170034	0.005888985319	0.007317872145	0.006717711255	0.003018377565	0.0006456630801	0.004508043596	0.005163548797	0.002848888731	0.003702334481	0.003523866767	0.007241768945	0.003939857854	0.005890893844	0.008629452168	0.005445267756	0.004140722852	0.005583154339	0.005183130272	0.005260407949	0.003872278425	0.000528826068	0.005285735554	0.0004125293155	0.0002543624436	0.0003461654699	0.0003349051678	0.004470169636	0.005484515854	0.005987468185	0.006832545784	0.009810251196	0.004298249634	0.009892488104	0.006446506806	0.006866808226	0.004556264702	0.0007923641164	0.005932916646	0.006256285509	0.004501672057	0.007001001078	0.004509065392	0.006968667715	0.005230637883	0.008934954294	0.008553137562	0.004738593511	0.002012666692	0.002747211286	0.003726904548	0.002855962021	0.001820155164	0.0002723671822	0.002729594125	0.003705282419	0.00199664682	0.002688264265	0.003051039781	0.004709504642	0.003333160998	0.003555101993	0.007054480906
stomach	V20_S3	376808476	0.01023059524	0.003714590008	0.006205762739	0.006135244155	0.004553867838	0.002111664282	0.0004487584828	0.002655956709	0.003991253105	0.002007404419	0.002644667154	0.002154301327	0.003746627504	0.001915495659	0.003524788015	0.003303991495	0.006231040833	0.00376839453	0.006108763859	0.005411629859	0.005761598102	0.003440612626	0.0007389138455	0.004902952342	0.0002597685727	0.0001920153197	0.000227003917	0.0002945581298	0.003466333915	0.003183967656	0.00509814965	0.004753600606	0.006248476746	0.002671954226	0.005398716137	0.003536504842	0.004091866553	0.00279507513	0.0005617973413	0.003237480252	0.003496325279	0.002487770471	0.002620755803	0.00201000521	0.003231522319	0.002348978477	0.004339743143	0.00333351047	0.003488018672	0.001502559088	0.002020108486	0.002870269829	0.001784285765	0.001157877351	0.0001870207399	0.001715346233	0.002072307418	0.001203303611	0.001521624476	0.001748599201	0.002312923025	0.001708223251	0.001597625951	0.004175280282	0.009350782226	0.003134518131	0.006334560266	0.004827306486	0.006316174268	0.003419588683	0.001053203485	0.004289407227	0.005687443719	0.003715425977	0.005476806206	0.003742020389	0.004727950971	0.003545650072	0.005770623907	0.006160615134	0.0105394126	0.007429750598	0.01254601024	0.008997661188	0.015337845	0.006015215008	0.002405572214	0.009275990915	0.0005559243312	0.0004396079455	0.000510007105	0.0004443105998	0.006781824621	0.007973233596	0.0129897768	0.009457839266	0.001008095688	0.0004950419427	0.001583523296	0.0008129381888	0.0007515409499	0.001046433467	0.0002353370629	0.0007931695252	0.0006372972353	0.000814342085	0.0009929288321	0.0005593770136	0.0008484920599	0.0007994751158	0.001893410168	0.001027134538	0.004234671197	0.002000196514	0.002708630684	0.002998268542	0.003876579464	0.002365663346	0.0005402903941	0.003163461217	0.004962444104	0.002911213706	0.003870533953	0.00360616888	0.003944075292	0.003222557552	0.003697331904	0.006612537028	0.008379864576	0.003135590294	0.00604326374	0.005016949247	0.004648780777	0.002509805538	0.0006436505956	0.003159278721	0.004204931951	0.002236136005	0.003586116253	0.002402371649	0.003147447777	0.002333087115	0.004071864349	0.00373004879	0.006326680932	0.004228607108	0.00796397425	0.005255091449	0.009117310832	0.004762963453	0.001380518309	0.008703684256	0.0003084537833	0.0002885152721	0.0003389440741	0.0002932895809	0.005063169014	0.004318634276	0.008951560845	0.006220985326	0.008125279008	0.003364236955	0.009798749856	0.004780693946	0.00774310873	0.004558703186	0.001789466116	0.007385428347	0.005888588345	0.003395406636	0.004064751983	0.0030210175	0.00483015674	0.003881459928	0.008464265544	0.005428890618	0.002566675278	0.00113950993	0.00193455574	0.002277305461	0.001976271893	0.001125415236	0.0002018824014	0.002215844529	0.002508568836	0.001379921188	0.001891295036	0.001892123042	0.002735320635	0.002106231814	0.002340921333	0.005087773026	0.01183795292	0.003942352932	0.005948924036	0.007477472455	0.00726068593	0.003274743215	0.0006524614377	0.004842701574	0.004919363863	0.002682930625	0.003446660791	0.003372570101	0.008039659915	0.004358792608	0.006522289589	0.0091682306	0.005357796145	0.004242704456	0.005422948607	0.005310758986	0.00546344398	0.003992959543	0.0004886938902	0.005542643367	0.0002863762544	0.0001731940871	0.0002131135713	0.0002293791289	0.004959301924	0.005927616129	0.006441312111	0.00722856351	0.009656969606	0.004288844607	0.009896483857	0.006562851309	0.007241732004	0.004701077903	0.0007933579498	0.006222049527	0.005638591314	0.004079510144	0.006348811538	0.004051676375	0.007640404034	0.00567619928	0.009744340252	0.009047625563	0.003899036496	0.001630812572	0.002173448986	0.003040366852	0.002163093592	0.00136788855	0.0001939579512	0.001985265852	0.003112496334	0.001538471231	0.001929056925	0.002396986951	0.004388783972	0.002924554701	0.002976729749	0.006063188982
stomach	V20_S4	416865121	0.01022896564	0.00361877961	0.006173577184	0.006007864112	0.004513512657	0.002121033772	0.0004589422102	0.002562917707	0.004001982694	0.001999646787	0.002733111845	0.002143520662	0.003703032281	0.001846215865	0.003584929333	0.003150589804	0.006045989153	0.003726284407	0.006161292635	0.005227177546	0.005728713869	0.003484297263	0.000746198193	0.004781587376	0.000269312529	0.0001937701092	0.0002406125985	0.0002996148963	0.003396096072	0.003057413383	0.005071458113	0.004424860481	0.006066799242	0.002623081052	0.005345697895	0.003395906562	0.004109326767	0.002840506294	0.000585642664	0.003190245317	0.003486756092	0.002493765843	0.002650089788	0.001980431939	0.003172810421	0.002276928321	0.004428525936	0.003133085342	0.003389470428	0.001453400559	0.001999644389	0.002713455607	0.001795189768	0.001166422844	0.0001951710419	0.001631858761	0.002079890968	0.001186719577	0.001592805362	0.001731147471	0.002287749567	0.001656941215	0.001617904608	0.003959952313	0.009391169476	0.003160230812	0.006487489271	0.004787735647	0.006417728098	0.003599327275	0.001116473834	0.004310840388	0.00567053198	0.003800289159	0.005712576755	0.003763262794	0.004714150695	0.003571488534	0.005998427007	0.006071817652	0.01057290663	0.007623923998	0.01307359077	0.009007138786	0.01578081175	0.006251261784	0.002636706562	0.009339368548	0.0005828815791	0.0004609908345	0.0005459751573	0.0004633633045	0.006757953252	0.008003216945	0.01361410133	0.009223921135	0.001056452022	0.0005225958926	0.001710929901	0.0008524052076	0.0007895431482	0.001127770054	0.0002625837339	0.0008356108066	0.0006580161932	0.0008782984749	0.001061715115	0.0005926137438	0.0008547009142	0.0008359010683	0.002032983709	0.001031856537	0.004204319123	0.002029985138	0.002724583907	0.002923914568	0.003950316102	0.002440825458	0.0005838507175	0.003108974425	0.004965831622	0.002920755272	0.00395939098	0.003590979251	0.003922345425	0.003176459083	0.003836260026	0.006413347784	0.008415522967	0.003133495546	0.006154052884	0.004967832269	0.004677378609	0.002535419604	0.0006800928783	0.003078355409	0.004281248083	0.002247580699	0.00375980604	0.002416376303	0.003116180593	0.00230338532	0.004211194249	0.003547665481	0.006269087694	0.004274233823	0.008206133897	0.005144033146	0.009311225153	0.004894537579	0.001536235506	0.008620027963	0.0003148500399	0.0003040096031	0.0003645711583	0.0003050651004	0.004985507051	0.004248472493	0.009300543041	0.005880938166	0.008052170429	0.003339461447	0.01011314161	0.004686844501	0.007902412157	0.004669119343	0.001980415147	0.007351065958	0.005896626693	0.003406267228	0.004079787237	0.002979604043	0.004728097652	0.003821766129	0.008912731751	0.005169626556	0.00251214349	0.001122185514	0.001933920492	0.002179764999	0.002006008557	0.001153533783	0.0002155397405	0.002144434626	0.002503042225	0.001403175681	0.001971868018	0.001897345113	0.002707871067	0.002048511514	0.002386208272	0.004811066935	0.01154153888	0.003847908878	0.00587339136	0.007308102421	0.007182913247	0.003301849761	0.0006714617892	0.004862824683	0.004775705377	0.002659380563	0.003428576602	0.003313349883	0.007861000681	0.004280801895	0.006542948456	0.009000820196	0.005277282481	0.004271014557	0.00547558883	0.005257688613	0.005556600644	0.004149104621	0.0005239248596	0.005589328257	0.00030145482	0.0001790027427	0.0002185503066	0.0002345578823	0.004921507933	0.005840721321	0.006575407397	0.00701836602	0.009499569046	0.004266334386	0.009968389752	0.006497163863	0.007346851165	0.00484036658	0.0008507547937	0.006324321386	0.005581344859	0.004131794466	0.006401142397	0.004049120243	0.007621249272	0.005725991165	0.01012569963	0.009033358298	0.003619290567	0.001535935649	0.002067157833	0.002835207218	0.002120669146	0.001367087269	0.0002045985517	0.001903594136	0.002998950829	0.001478557377	0.001887404247	0.002298623588	0.004221811592	0.002765712318	0.00291987729	0.00579018699
stomach	V20_S5	341295924	0.009986597437	0.003558272791	0.006227276245	0.005914459734	0.00440085244	0.002041313567	0.0004665247628	0.002574862277	0.004068316972	0.002055779019	0.002761538986	0.002208596549	0.003558618532	0.001846652584	0.003451805068	0.003223240955	0.005808979424	0.003569485934	0.005875789481	0.005144646849	0.00553229285	0.003348654114	0.0007838652067	0.004804367368	0.0002842108363	0.0002145381613	0.0002626283928	0.0003211816851	0.003285348348	0.00309571233	0.004980141515	0.004657398135	0.006391705399	0.002717653317	0.005623474718	0.003572615183	0.004108088909	0.002821900094	0.0005970332069	0.003281340096	0.003730832719	0.002674775571	0.002780411172	0.002138408193	0.003149823729	0.002320581479	0.004362331617	0.00336433845	0.003547970881	0.001559253898	0.002182179591	0.002989751498	0.001861402248	0.001206135119	0.0002165569373	0.001800396538	0.002184221807	0.001317577997	0.001728637697	0.001881496247	0.002258626446	0.001723357821	0.001640971839	0.004119193641	0.009368731869	0.003122243558	0.006626352209	0.004722365216	0.006248961239	0.003446091551	0.001122457003	0.004205863297	0.005979980587	0.003960094173	0.006036380323	0.003875630815	0.004541610055	0.003483578081	0.005823251496	0.005945986627	0.01002277132	0.007155927828	0.01245905298	0.008519726711	0.01476212473	0.005818595712	0.002447714553	0.008901067333	0.0006236757753	0.0004790710598	0.0005964852953	0.0004928421003	0.006324798652	0.007658312966	0.01280201928	0.008899441178	0.00101282194	0.0004895048205	0.001637701949	0.0007959221921	0.0007453326633	0.001061940605	0.0002496748247	0.0007867454051	0.0006525187802	0.0008412171954	0.001061492314	0.0005727463654	0.0008085446693	0.0007784212506	0.001890007922	0.0009788221204	0.004400925691	0.002103939571	0.002967832103	0.003078108838	0.004089808585	0.002527185177	0.000616435724	0.003293446892	0.005305108771	0.003193047216	0.004520839223	0.003896422156	0.003861458363	0.0032216441	0.003852624387	0.006424670926	0.008327907836	0.00311628099	0.006224278846	0.004968869772	0.004593843318	0.002488344982	0.0006882180052	0.003134555454	0.004425898154	0.002346432945	0.003933126374	0.002532277532	0.003066590974	0.002327997331	0.004102123411	0.003714714741	0.005998717992	0.004058999544	0.007828432197	0.005013098252	0.008788496402	0.004664603026	0.001416530248	0.008439470845	0.0003377303738	0.0003180524359	0.0003933888176	0.000328286956	0.004797121456	0.00421713797	0.00878120947	0.005984879562	0.007977847986	0.003335044224	0.0100953828	0.004709092277	0.007686209578	0.004542916838	0.001926008938	0.007365927406	0.005937348962	0.003481190124	0.004156334431	0.003045471472	0.004605062321	0.003803602413	0.008511341026	0.005254475292	0.002583983394	0.001152929093	0.002076834061	0.002275611706	0.002053226982	0.001180860865	0.0002264662264	0.002287569072	0.002648165233	0.001515412179	0.002193126104	0.002028992881	0.002672396404	0.002097021821	0.002400456444	0.004963074215	0.01155641109	0.00386035961	0.006119709768	0.007312155887	0.007026020035	0.003214562269	0.0006674676841	0.004751328352	0.005053388801	0.002777662824	0.003665390976	0.003454957757	0.00762909785	0.004159261509	0.006382865563	0.008785985384	0.005227604183	0.00414590653	0.005523397344	0.005106597757	0.005303195476	0.003951052167	0.0005096339797	0.005361417677	0.0003416683054	0.0002007641908	0.0002681573191	0.0002682686594	0.004606457005	0.005584165722	0.006236705013	0.006746576323	0.009859640164	0.004346198989	0.01035961977	0.006604602755	0.007234449129	0.004817397116	0.0008389142087	0.006241744627	0.006018870592	0.004341338105	0.006913299674	0.004339978581	0.007568953563	0.005665113071	0.009880229334	0.009069179508	0.004136706303	0.001725769218	0.002491198811	0.003185062943	0.002360543866	0.001473469106	0.0002259593349	0.002125730045	0.003301070774	0.001661367629	0.002275122395	0.002573277142	0.004244167299	0.002836585297	0.003103857754	0.005878279988
stomach	V20_S6	331031880	0.01104221442	0.003760066855	0.006334827933	0.006345591246	0.004552751838	0.002097387116	0.0004666891902	0.002656167134	0.004302522162	0.002160936886	0.002871931851	0.002334663356	0.003781457544	0.001903055379	0.003544864017	0.003453573716	0.00605662512	0.0036470868	0.005962199169	0.005168351157	0.005511218436	0.003315719924	0.0007140611351	0.004631689854	0.0003041821833	0.0002340952781	0.0002774687441	0.0003441783311	0.003289480759	0.003007504897	0.004867147539	0.00448840154	0.006571790004	0.00276999605	0.005566681372	0.003578960431	0.004140015155	0.002855425888	0.0005867138839	0.003246777924	0.003820148682	0.002759326383	0.002857431737	0.002172802813	0.003140350108	0.002303089358	0.004307083656	0.003299165627	0.003720523836	0.001620061488	0.002180651	0.003061913553	0.001948253443	0.001280740695	0.0002192296404	0.001829896263	0.002321051374	0.001406819186	0.001809037244	0.001998127794	0.002416392645	0.001791603878	0.001724438142	0.004463491553	0.009497532383	0.00313471923	0.006351587648	0.004762532237	0.006221276936	0.003430956559	0.001095196632	0.004211379883	0.005861236084	0.003896183655	0.005744603813	0.003821559422	0.004517063432	0.003426286314	0.005654370812	0.006021640574	0.009883773128	0.007053483791	0.01200980703	0.008380942041	0.01434660311	0.005720433935	0.002384356455	0.008630782026	0.0006124183568	0.0004862069478	0.0005951934297	0.0004931277314	0.006240386878	0.007462882427	0.01236273679	0.008760243877	0.000972341395	0.000474069144	0.001521197898	0.0007632739179	0.0007229696427	0.001024004093	0.0002468070447	0.000756824388	0.0006354554129	0.0008008503592	0.001016016947	0.0005447934501	0.0007667841538	0.0007391161238	0.001764159392	0.0009330158775	0.004216675445	0.002052699577	0.00278169885	0.002954268332	0.003972345503	0.002534351072	0.0005942841517	0.00325550518	0.005043085276	0.003084763316	0.004207129537	0.003733558834	0.00380269719	0.003180977615	0.00374781728	0.006492241774	0.008833946749	0.003187702042	0.006182800279	0.005104541593	0.004632336318	0.002468677639	0.0006726935182	0.003129604919	0.004586887523	0.002415081593	0.003990567313	0.0026079029	0.003129248458	0.002297171499	0.004112407542	0.003778086268	0.00618216892	0.004153808388	0.007870888447	0.005069816841	0.008836299996	0.004684385685	0.001424941308	0.008265886657	0.0003575154151	0.0003392029795	0.0004163828571	0.0003550655	0.004862232604	0.004204516496	0.008768759674	0.005941672446	0.008017016367	0.003315022106	0.00975640171	0.004651011256	0.007573445796	0.004493993147	0.001850549862	0.007126745617	0.005925764612	0.00350145128	0.004189258146	0.00306849298	0.004553274446	0.003721759366	0.008267937819	0.005163028407	0.002712759871	0.001209732428	0.002093215312	0.002354002883	0.002139389113	0.001238635989	0.0002308387941	0.002330709054	0.002728486453	0.001610633393	0.002261407572	0.002136890864	0.002728051449	0.002140899541	0.00245920121	0.005126862706	0.01167249813	0.003883323866	0.00593407499	0.007452943807	0.006977288713	0.003190242583	0.0006619332253	0.004745328456	0.005023011681	0.002778995183	0.003578579803	0.003428379768	0.007551538541	0.004112425667	0.006198306338	0.009001776506	0.005290846912	0.004183512476	0.00543429231	0.005149887678	0.005347155688	0.004005644411	0.0005228378608	0.005376899047	0.0003545549752	0.0002189245338	0.0002822235731	0.0002866581914	0.004633493306	0.005586350173	0.006189479394	0.006884539338	0.009800376326	0.004333093236	0.00995688089	0.00651094088	0.007108418077	0.004767607277	0.0008212834365	0.006167264011	0.005941331089	0.00433790244	0.00669813131	0.004252016452	0.007254826937	0.005434419186	0.009365744471	0.008806218301	0.004187741676	0.001807629525	0.002436496449	0.003276995557	0.002448314042	0.001615155616	0.0002379468709	0.002291857811	0.003320211938	0.001773681133	0.00229164031	0.002649832397	0.004364362127	0.003015664231	0.003202993621	0.006441621272
stomach	V20_S7	347863576	0.009947462853	0.003561031064	0.006125795131	0.005883579487	0.004399497693	0.002081157816	0.0004671285274	0.002606521816	0.003957649191	0.002020047652	0.002694803551	0.002147928244	0.003563293445	0.001859550826	0.003460871109	0.003238686306	0.005828066345	0.003617774573	0.005983854429	0.005166177559	0.005569082634	0.003426170724	0.0007976259061	0.004864872659	0.0002680878552	0.0002068397066	0.0002461798415	0.0003033976745	0.003295780527	0.003127041964	0.005070131286	0.004689967886	0.006241886618	0.002685846017	0.0055339108	0.003527308073	0.004107443546	0.00291067266	0.000610831414	0.00331700724	0.003584249936	0.002598679662	0.002749494532	0.002069319842	0.003141150944	0.002333558487	0.00441107407	0.003348996792	0.003416437023	0.001493962104	0.002072039299	0.002829655267	0.001807452816	0.001208413381	0.0002095706623	0.001767830961	0.00208302349	0.00125360926	0.001622555619	0.001771907272	0.002219789749	0.001713841405	0.001601432396	0.004085667768	0.009220436462	0.003114071362	0.006479005436	0.004664377394	0.006271570669	0.003503902346	0.001134272247	0.004280039943	0.005822604434	0.003916147289	0.005878249811	0.003807808841	0.004507462431	0.003506739665	0.005789177537	0.005985145165	0.01013549346	0.007356151022	0.01265782423	0.008657779106	0.01510589025	0.006006021165	0.00256278628	0.009082080499	0.0006050302892	0.0004878234219	0.000576530611	0.0004698939794	0.006394319939	0.007848703309	0.01310676459	0.00901809852	0.001044935501	0.0005154606931	0.001700433851	0.0008356896785	0.0007821945693	0.001123926237	0.0002645462369	0.0008257691228	0.0006722836656	0.0008819779395	0.001094805626	0.0005917377219	0.0008251251922	0.0008161561589	0.001976171256	0.001015855135	0.004242163025	0.002046719028	0.002832564453	0.002963480718	0.004031488482	0.002530724861	0.0006106934289	0.003249696369	0.005155797053	0.003126742997	0.004319394451	0.003742225659	0.003792587356	0.003190371389	0.003790097874	0.006356566633	0.008271716841	0.003115801926	0.006124837859	0.004926126557	0.0046353229	0.002554432431	0.0007019907137	0.00317802172	0.004306544586	0.002315833147	0.003799805703	0.002464115415	0.003054007586	0.002357817997	0.004121891738	0.00372996798	0.006099577956	0.004177818836	0.008040074308	0.005085482132	0.009027271657	0.004889252906	0.001498547235	0.008736910702	0.0003254264252	0.0003184955472	0.0003829231032	0.0003109034905	0.004863737157	0.004322993563	0.009098086774	0.006087159295	0.00810522916	0.003403210574	0.01022255345	0.004767759876	0.007913953026	0.004773201665	0.002010288079	0.007612469895	0.006057886325	0.003542147224	0.004259152444	0.003095127154	0.004694305793	0.003908328131	0.008754785525	0.005389032165	0.002492942808	0.001116825752	0.001985166162	0.002194394736	0.001993634999	0.001179381885	0.000223898118	0.002250776034	0.002533266087	0.001446598709	0.002038327807	0.001909550312	0.002599283347	0.002069463576	0.002338764551	0.004890014699	0.0114767664	0.003829739852	0.005955653719	0.007229998119	0.007044402372	0.0032452406	0.0006685264456	0.00475561431	0.004925474002	0.002723794802	0.003555839373	0.003375811902	0.007584292182	0.004185775978	0.006359116483	0.008829452728	0.005245599499	0.004214037057	0.005545708528	0.005136430265	0.005398328913	0.004060499855	0.0005259561869	0.005447026164	0.0003126685503	0.0001882260878	0.0002424197468	0.0002395709288	0.004694501272	0.005737484858	0.006416095717	0.00686637856	0.009719632158	0.004333957632	0.01028902779	0.006575238564	0.007359727136	0.004916579711	0.0008672422778	0.006331714936	0.005852699565	0.004283920775	0.006826319752	0.004208845366	0.007481688741	0.005665160528	0.009888410967	0.008995960531	0.003901040792	0.001648838911	0.002301652301	0.002998071865	0.002246383508	0.001437014492	0.0002212850247	0.002017377065	0.003175316636	0.001591810808	0.002113460709	0.002439464947	0.004195854642	0.002822278812	0.003034057236	0.005843658665
stomach	V20_S8	346096239	0.009883300119	0.003503161443	0.006085264047	0.005755300912	0.004277558763	0.002043535642	0.0004528538087	0.002479027228	0.003923304697	0.002031085348	0.002744904142	0.002131274244	0.003415625097	0.00179140346	0.003365610107	0.003054300743	0.005716531349	0.003608874814	0.00601130485	0.004978826135	0.005489348874	0.003435847796	0.0007628947392	0.004708450472	0.0002746114788	0.0002131083545	0.0002611210115	0.0003087175992	0.003167234649	0.003036146833	0.004936378404	0.004325903698	0.00614723236	0.002697524257	0.005622326338	0.003451609308	0.004078420511	0.002914562154	0.0006268574331	0.003251211291	0.003667133176	0.00270626749	0.002887800812	0.002106422775	0.003075647407	0.002313761058	0.004453628287	0.00315599789	0.003371683562	0.001482316021	0.0020842093	0.002759244084	0.001766268833	0.001193480175	0.0002040241761	0.001675479057	0.002070164074	0.001249747762	0.001662390212	0.00176114598	0.002166174941	0.001649749219	0.001580225204	0.003928063489	0.009232885654	0.003125176983	0.006595564305	0.004628961021	0.006304324503	0.003562780698	0.001155646768	0.004271465082	0.005927778949	0.004043895432	0.006142672934	0.003884069945	0.004432270066	0.003492196285	0.00582834129	0.005839040626	0.01022378634	0.007566583236	0.01311455164	0.008705916622	0.01551179237	0.006318661556	0.002726680887	0.009359379372	0.0006308678783	0.0005274053267	0.0006369124398	0.0004933020957	0.006402649755	0.008059142763	0.01353650364	0.009001715849	0.001030193223	0.0005226580922	0.001736395639	0.0008335196038	0.000804279182	0.001160463347	0.0002846058087	0.0008523814094	0.000690998552	0.0009247167809	0.001155461848	0.0006173629642	0.000826472431	0.000840867271	0.002037826248	0.001013732484	0.004288139635	0.002094642814	0.00289982059	0.002971930591	0.00407980163	0.002597005973	0.0006351730393	0.003286198669	0.005253570525	0.003247934746	0.004538116347	0.003841408401	0.003790925333	0.003247510008	0.00388010573	0.006410373041	0.008047385918	0.003077025636	0.006130505798	0.004777555528	0.004533799629	0.002543312815	0.0007011691335	0.003063226006	0.004341607422	0.002350915463	0.00396757562	0.002488328109	0.002935966606	0.002300400612	0.004075314439	0.003517518721	0.006032379913	0.004233030686	0.008243790826	0.005008066557	0.009128203788	0.005039540461	0.001563752907	0.008787830254	0.0003327744917	0.0003389461854	0.0004123506237	0.0003201970652	0.004808596028	0.004351006542	0.009274868196	0.005871696283	0.008003429936	0.003450404441	0.01051154445	0.004735752127	0.007941958595	0.004862300743	0.002066306765	0.007627658733	0.006193390041	0.003716084878	0.004485232213	0.003190127125	0.0046327721	0.003960782712	0.009013946551	0.005247309261	0.002457189372	0.001110899099	0.00202662705	0.00216603914	0.00196739786	0.001174366994	0.0002255788743	0.002183490934	0.002530720942	0.001491457987	0.002136512671	0.001958657517	0.002557944584	0.002048776959	0.002355388207	0.004766844635	0.01112432487	0.003702028094	0.005801626177	0.006970974336	0.006832273031	0.003154241153	0.0006557424624	0.004617391985	0.004815862792	0.002689237545	0.00353737447	0.00330618444	0.00729264787	0.004055632052	0.006161841013	0.008538240717	0.005109622124	0.004220938674	0.005534607962	0.005051678704	0.005399324781	0.004172495501	0.0005490264805	0.005520224679	0.0003170909927	0.000201452637	0.0002602513112	0.0002474889651	0.004640596513	0.005840988061	0.006504133089	0.006832631313	0.009480287938	0.004300228758	0.01032790189	0.006432956355	0.007248706335	0.004900654237	0.0008891833118	0.006259984235	0.005880433737	0.004384141834	0.007031154129	0.004267105023	0.007349016584	0.005666496133	0.00998263954	0.008814718729	0.0038685078	0.001641497179	0.002331975644	0.002990948422	0.002204563107	0.001442633417	0.0002231257994	0.002029137913	0.003170271376	0.001607012551	0.002170352969	0.002471621773	0.004169233402	0.002829025253	0.003045690421	0.005923993875
stomach	V20_S9	418098146	0.01070374993	0.003849950102	0.006229381845	0.006459610084	0.004852740964	0.002226379162	0.0004614036246	0.002769222995	0.004117722158	0.002045436002	0.002689696213	0.002181884825	0.004164416936	0.00200682545	0.003784317188	0.003506198279	0.006777915729	0.004031259206	0.006569856925	0.005836036403	0.006281996285	0.003696502878	0.0007595848081	0.005221721313	0.0002662700159	0.0001771258751	0.0002210724943	0.0002958228856	0.003876592172	0.003383083646	0.005530017347	0.005070063143	0.006025848294	0.002616029299	0.005143007738	0.003487030531	0.004216952447	0.002802181763	0.0005586295999	0.003272887032	0.003319235001	0.002339113458	0.00246433286	0.001900106488	0.003366176132	0.002355470861	0.004427642212	0.003324944187	0.00329158599	0.001396925592	0.001744415772	0.002739072179	0.001785752956	0.001141014388	0.0001760710989	0.00166074403	0.002036009985	0.001098832904	0.001370376801	0.001663475446	0.002492240183	0.00173372211	0.001617242283	0.004318088988	0.009151946825	0.0031139698	0.006107202398	0.004889787289	0.006357947351	0.003473569577	0.001013982014	0.004340313434	0.005266914051	0.003510345631	0.005038087397	0.003511902681	0.004851585733	0.003597442405	0.005839901524	0.006288021186	0.0108026932	0.007674286602	0.01285036074	0.009331899788	0.01599621779	0.006201960054	0.002505117542	0.009613783363	0.0005186581239	0.0003968948477	0.0004596887162	0.0004277655898	0.007183774979	0.008172179266	0.01356016298	0.009796828901	0.0009737019977	0.0004878543518	0.00152201823	0.000808271941	0.0007362170891	0.0009977226735	0.0002240861408	0.0007773820647	0.0006051019418	0.0007806611991	0.0009338477191	0.0005406003403	0.0008341534239	0.0007725171783	0.001884739283	0.0009926784033	0.003702472768	0.00179486804	0.002240201276	0.002697864152	0.00342301207	0.002106249474	0.000449258151	0.002822880253	0.004346383779	0.002474024365	0.003049468198	0.003142831444	0.003791554723	0.002992914491	0.003405021078	0.00632907614	0.008695955806	0.003272136012	0.006188819598	0.005302745351	0.004937649257	0.002606187113	0.0006762287819	0.003295541999	0.004313161915	0.002235680806	0.003573237562	0.00244965688	0.003404308327	0.002403100826	0.004402569152	0.003894805599	0.006693768023	0.004471043505	0.008390001328	0.005584069249	0.009860505337	0.005079467633	0.001481446416	0.009092049406	0.0003089657327	0.0002796711756	0.000324562549	0.0003005968843	0.005562457098	0.004581673031	0.009805764602	0.006497371553	0.008155838605	0.003441828226	0.009739112787	0.004881272542	0.008100186601	0.004651522659	0.001796657094	0.007585604075	0.00588207344	0.003370490909	0.004014581304	0.00301787753	0.005041048424	0.003947637692	0.008881675357	0.00553923767	0.002549267463	0.001148230397	0.001857202687	0.002355836804	0.002059195929	0.001162365834	0.000202005201	0.002274183727	0.002516433067	0.001361780734	0.001800720733	0.001933766049	0.002947142942	0.002177230415	0.002469247974	0.005311836518	0.01121711743	0.003908029767	0.005674162927	0.007536629928	0.007281077491	0.003307374149	0.0006388404315	0.004936529903	0.004629869849	0.002548117016	0.003176675172	0.003218911667	0.008299364714	0.004400878161	0.00658393496	0.009455203372	0.005217064512	0.00424622787	0.00519774369	0.005373637797	0.005536518213	0.004056262904	0.0004735825832	0.005656645509	0.0002617734641	0.0001556835413	0.000167144965	0.0002183697796	0.005177927768	0.006015747795	0.006575982281	0.007425710996	0.009067440352	0.004128688483	0.009235362646	0.006391647573	0.007039134299	0.004589620926	0.0007574274199	0.006159443721	0.005091060605	0.003794522925	0.005637879581	0.003705974338	0.007547935886	0.005529177831	0.009596404668	0.009024637005	0.00308095602	0.001347774453	0.001542432097	0.002539231542	0.001789981628	0.001188101418	0.0001559777306	0.001670595784	0.00260709599	0.001272921215	0.001371123038	0.002036263514	0.004012581773	0.002630418265	0.002573469914	0.005763845219
stomach	VY_S5	317709110	0.01016366197	0.003248852386	0.006372901929	0.005278315752	0.00400587506	0.001914590992	0.0004526656475	0.002182383124	0.004336665071	0.00211792479	0.003100543765	0.002140926963	0.00305448591	0.001574178971	0.003192458032	0.002617381667	0.005565927902	0.003411768709	0.006047283315	0.004472673132	0.005361360271	0.00340575692	0.0007195355525	0.004328034534	0.000329184769	0.0002325460545	0.0003278407723	0.0003304248972	0.002928691595	0.002741627396	0.004681109081	0.003606531774	0.006767596308	0.00283040672	0.0064299132	0.003462997961	0.004144961408	0.00296203971	0.0006782430633	0.003174542272	0.004411689674	0.003073147635	0.003369277009	0.002305476856	0.002998381129	0.002204560644	0.004575663568	0.002876546411	0.003659218333	0.001562589754	0.002459007235	0.002810772408	0.001795129513	0.001194517211	0.0002148443273	0.001568645608	0.002307198557	0.001379195579	0.00205582081	0.001918223245	0.001974768681	0.001482922539	0.001567912233	0.003536259945	0.009470606619	0.003019076161	0.006998870759	0.004357838527	0.006147384316	0.003485968659	0.001231699022	0.003920167728	0.006508384352	0.004260151684	0.007083130226	0.003971211276	0.004029925362	0.003208705599	0.005750102665	0.00514339359	0.009922966956	0.007319097649	0.01356299478	0.008219896496	0.01505743099	0.006228751199	0.00292206289	0.008841908877	0.0007512343603	0.0005781577998	0.0007919130805	0.0005596534515	0.00578843962	0.007522906724	0.01340598323	0.008060064755	0.001022312517	0.0004994726151	0.001774727203	0.0007820801865	0.0007790491119	0.001132252708	0.0003120055324	0.0008222553014	0.0007014435312	0.0009245690185	0.001203522304	0.0006104105734	0.0007502901003	0.0008035274783	0.002023265874	0.0009012741246	0.004636480207	0.002228828125	0.003307446865	0.003006067405	0.004286471357	0.002680436202	0.0007389904558	0.003230785545	0.005766910492	0.003525819578	0.005459742719	0.004084878145	0.003524440958	0.003062351596	0.003991072211	0.005864518647	0.007800632472	0.002850129164	0.006249515477	0.004308661467	0.004311547755	0.002359290233	0.00073016792	0.0027004073	0.004603292616	0.002248534831	0.004332875441	0.002291797676	0.002550817633	0.00199359093	0.003881840215	0.00290673755	0.005828076507	0.004008651184	0.008089919109	0.004606871361	0.009452193549	0.005157035	0.001745263143	0.0085133725	0.0003375729453	0.0003174507649	0.0004067683171	0.0003235475369	0.004648226801	0.004123271756	0.009322272817	0.005279637716	0.008069409782	0.003323499285	0.01103120713	0.004424496987	0.007876783892	0.004778210483	0.002225872591	0.007252228304	0.006529850529	0.0036581765	0.004592657101	0.002988135908	0.004224682131	0.003666067366	0.009084083236	0.004650596893	0.002485421334	0.001060454326	0.002302392273	0.002026646324	0.001890487182	0.001110194794	0.000225501875	0.001957092134	0.0026876472	0.001545423107	0.002445154941	0.001985841703	0.002238273873	0.001782879314	0.002268477602	0.004147860286	0.01138155277	0.003471795316	0.006119380713	0.006711954215	0.006514808467	0.002999523684	0.0006765371002	0.004484828905	0.005190232033	0.002730588997	0.003898877813	0.003231094003	0.006750801071	0.003805805254	0.006062042099	0.00804109772	0.005103048509	0.004141414138	0.00562915555	0.004897873404	0.005441345387	0.004197053084	0.0005937160568	0.005468857975	0.0003721958114	0.0002074318864	0.000298735532	0.0002678708206	0.004477614759	0.005821472982	0.006609857678	0.006636388236	0.01025076996	0.00436828519	0.0114708294	0.006582474138	0.007333856432	0.004921948886	0.0009693647123	0.006223708851	0.006622860138	0.004627128885	0.007874495635	0.004600280426	0.007398343094	0.005638982149	0.01039090443	0.008915699647	0.004484407136	0.001809230462	0.003032887537	0.003381306882	0.002519313972	0.001563052441	0.0002705965844	0.002224021842	0.003575679652	0.001723966933	0.002721149545	0.002731844863	0.004166619585	0.002778846977	0.003346353524	0.005875805702
