sample	cg00002719	cg00469207	cg00582524	cg00995986	cg01163404	cg01419831	cg01452847	cg01576677	cg02467990	cg02511231	cg02571204	cg02699898	cg02919936	cg03011535	cg03217795	cg03257575	cg03401096	cg03502002	cg03563667	cg03735888	cg04123776	cg04261408	cg04281464	cg04869380	cg04904331	cg05057720	cg05166490	cg05302386	cg05374412	cg05377226	cg05917460	cg06013113	cg06382344	cg06463958	cg06530490	cg06590173	cg06825142	cg06962944	cg07790615	cg07915921	cg08382226	cg08548396	cg08566455	cg08862890	cg08934785	cg09250933	cg09493505	cg10143067	cg10249375	cg10512745	cg11014373	cg11017065	cg11314310	cg11561737	cg11601252	cg11660826	cg11942956	cg11957331	cg12042659	cg12074025	cg12483476	cg12528056	cg12928379	cg12974388	cg13314145	cg13592399	cg13840308	cg13912117	cg13939859	cg13958426	cg14038391	cg14050824	cg14123923	cg14168530	cg14186641	cg14327531	cg14394692	cg14458834	cg14473102	cg14489801	cg14712186	cg14743594	cg14861089	cg15044248	cg15267232	cg15467646	cg15576900	cg15778437	cg15836635	cg15994026	cg16150752	cg16328106	cg16732616	cg16779463	cg16926316	cg17031478	cg17712694	cg17774001	cg17812788	cg17839237	cg17872757	cg17969084	cg18091469	cg18206027	cg18621142	cg18751958	cg18816098	cg19497031	cg19807257	cg19882915	cg20072442	cg20079899	cg20183619	cg20295992	cg20449590	cg20690085	cg20872937	cg20980783	cg21038156	cg21039708	cg21185289	cg21277995	cg21790626	cg21898844	cg21929943	cg22231056	cg22399133	cg22868282	cg23026864	cg23164203	cg23871697	cg23912454	cg23960736	cg24221648	cg24292235	cg24416513	cg24507921	cg24632241	cg24761507	cg24831879	cg25200152	cg25875213	cg25884711	cg26121782	cg26682580	cg27200446	cg27393010	cg27577527
V10_S3	0.538298	0.676978	0.614524	0.590999	0.492754	0.586972	0.0304511	0.408561	0.680321	0.438266	0.912168	0.894223	0.548072	0.224457	0.466641	0.483127	0.426691	0.529984	0.559283	0.581187	0.533831	0.628291	0.458647	0.631849	0.675938	0.582306	0.552464	0.0784864	0.199023	0.276143	0.516112	0.823436	0.617274	0.530518	0.0611956	0.0154039	0.64205	0.227675	0.565478	0.551765	0.360576	0.601355	0.626932	0.532358	0.0442971	0.647392	0.680691	0.573967	0.362247	0.422689	0.325046	0.538922	0.902604	0.0531998	0.532254	0.618892	0.47994	0.402399	0.586437	0.505394	0.601643	0.359162	0.64847	0.423119	0.624942	0.26845	0.837589	0.533372	0.520499	0.52836	0.603665	0.454647	0.382475	0.62126	0.13588	0.572431	0.737227	0.127855	0.0115811	0.640258	0.522258	0.69879	0.668504	0.466909	0.66439	0.486788	0.432548	0.324734	0.45925	0.044504	0.534241	0.557107	0.541466	0.467707	0.742593	0.00844937	0.537567	0.908834	0.0534326	0.667424	0.531948	0.0194419	0.0743637	0.680017	0.750875	0.882624	0.00965597	0.417435	0.472875	0.809466	0.548838	0.585365	0.588724	0.360495	0.632654	0.807925	0.618685	0.542784	0.69236	0.428025	0.419798	0.585148	0.482514	0.836167	0.681152	0.0189819	0.607795	0.0626086	0.473268	0.466118	0.896869	0.536836	0.329765	0.745155	0.544705	0.0152826	0.154365	0.545469	0.387666	0.565854	0.530776	0.370812	0.679412	0.518806	0.528963	0.340351	0.483838	0.462828
V11_S12	0.00633755	0.0347838	0.0283438	0.0843902	0.832625	0.112456	0.0179283	0.0423069	0.0206484	0.051552	0.888466	0.824564	0.0571263	0.0442415	0.0104659	0.0923189	0.0296995	0.0219371	0.0142177	0.0741913	0.02671	0.0131715	0.104568	0.8349	0.020684	0.0467727	0.0314612	0.0262888	0.0282547	0.0165576	0.0359035	0.810562	0.0404775	0.0398546	0.0281532	0.10655	0.176051	0.0445772	0.0252163	0.075	0.0416768	0.277483	0.0770535	0.0159344	0.0323565	0.0846686	0.0207887	0.0479284	0.0320257	0.0592833	0.0396134	0.0159256	0.856179	0.0495606	0.0585131	0.0215168	0.0211631	0.0916974	0.0726515	0.00956818	0.0724003	0.756246	0.175828	0.0549801	0.0420615	0.0261085	0.857038	0.034304	0.0283172	0.00771186	0.04249	0.820521	0.0289944	0.0466511	0.0165103	0.019479	0.239316	0.0126282	0.0147725	0.08615	0.0284265	0.256595	0.0312188	0.00992133	0.0384527	0.145589	0.0215797	0.0436037	0.0424244	0.0108767	0.0514359	0.00774563	0.0357224	0.00984383	0.83363	0.0236292	0.052202	0.811479	0.0255021	0.00902877	0.0157985	0.019448	0.0973828	0.0208678	0.810763	0.852054	0.0174852	0.0305749	0.0911443	0.860174	0.032994	0.0230244	0.0356907	0.0417755	0.0675497	0.861835	0.0341963	0.0250739	0.0264882	0.0619995	0.0532538	0.0306845	0.0305275	0.87634	0.0354858	0.0151537	0.0173818	0.0232942	0.0337337	0.00582713	0.872979	0.00798285	0.69395	0.0193843	0.00969082	0.0337979	0.00773875	0.0323364	0.0529038	0.869391	0.0672857	0.0135102	0.0352099	0.0339465	0.0317783	0.16985	0.0539992	0.00606709
V12_S1	0.0130792	0.0253225	0.0355112	0.086349	0.823862	0.115257	0.0231732	0.0320835	0.0113312	0.0435602	0.952688	0.855631	0.0467941	0.0502023	0.00498895	0.096638	0.0220202	0.0364548	0.00427474	0.108891	0.0173089	0.00588232	0.123111	0.860955	0.0109023	0.0274951	0.0301142	0.0180115	0.0219996	0.00893254	0.0286834	0.848285	0.0403163	0.0337236	0.021351	0.0959221	0.171551	0.0500772	0.0216318	0.056956	0.0392303	0.326385	0.0695738	0.00940555	0.0249383	0.0768406	0.0112847	0.0404735	0.0322931	0.0476136	0.035943	0.00702964	0.873639	0.0448004	0.0535313	0.00951094	0.00679688	0.103528	0.108236	0.00481004	0.0613881	0.848672	0.172618	0.0528005	0.0435123	0.0187061	0.895305	0.0282751	0.0247729	0.0131509	0.035379	0.823888	0.0207498	0.0429942	0.0125495	0.0180961	0.305306	0.00723806	0.0103152	0.0483364	0.0251957	0.269013	0.0325056	0.00698873	0.0297219	0.16782	0.0139153	0.053528	0.0292596	0.00639268	0.0666323	0.00908129	0.0249967	0.00672473	0.85794	0.0149618	0.0667746	0.851427	0.0112055	0.00750785	0.00678119	0.00636487	0.0348291	0.0111419	0.808216	0.849405	0.0112647	0.0135404	0.0955669	0.893729	0.033614	0.0170241	0.0276944	0.0390947	0.185151	0.871433	0.0415705	0.0181352	0.0362518	0.0758052	0.0466176	0.0248214	0.0229987	0.885222	0.0253761	0.0107921	0.0285368	0.0250247	0.0292959	0.0037526	0.886081	0.00350163	0.664883	0.0172476	0.00990758	0.0299176	0.0055856	0.0339055	0.0461158	0.855727	0.0236949	0.00708222	0.0325225	0.0193824	0.0261714	0.174755	0.0640235	0.00372445
V12_S14	0.0154078	0.0343399	0.036735	0.0479331	0.854109	0.114126	0.0219004	0.0383933	0.019017	0.052058	0.93619	0.86947	0.0532907	0.0576664	0.0105449	0.0896027	0.0343422	0.0362454	0.0192341	0.0831493	0.0244582	0.0161246	0.110296	0.883027	0.0189003	0.0389819	0.0328071	0.0220226	0.0307226	0.0132557	0.0343682	0.859992	0.0382481	0.0405606	0.0220262	0.0294517	0.155906	0.057418	0.0275036	0.0684917	0.0441545	0.285266	0.0683539	0.0125862	0.0262449	0.0630765	0.0190151	0.047107	0.0309603	0.0602505	0.0400372	0.0133563	0.906586	0.0514168	0.0569121	0.0123423	0.0205672	0.0870082	0.0842016	0.0107533	0.070864	0.853172	0.154417	0.0576354	0.0490483	0.0238643	0.905907	0.0363075	0.0303052	0.0161233	0.0397588	0.814284	0.0278478	0.0502996	0.0185454	0.0232732	0.305701	0.00858012	0.0251274	0.105193	0.0300096	0.270872	0.0285339	0.0119649	0.0167507	0.180966	0.0190387	0.0459278	0.0370082	0.00753434	0.0574885	0.0528333	0.0320875	0.0121993	0.877631	0.0220643	0.0586474	0.861624	0.0191575	0.0112948	0.0131678	0.0118196	0.0380209	0.0187382	0.864105	0.866366	0.0179915	0.0277749	0.0904932	0.909189	0.0312558	0.0271022	0.0376962	0.0440751	0.0790342	0.898918	0.0433619	0.0247179	0.0322665	0.0566124	0.0495878	0.0289717	0.0574613	0.917073	0.0341786	0.0125926	0.0665054	0.034647	0.0420627	0.00733881	0.900087	0.00697858	0.722478	0.01976	0.00938911	0.0272201	0.00747851	0.0318267	0.0536461	0.909606	0.0246846	0.0145195	0.0360699	0.0447139	0.0339957	0.186448	0.0659574	0.00748209
V12_S2	0.00399511	0.0271001	0.0268231	0.0819388	0.871778	0.0957609	0.0152774	0.0361739	0.0170317	0.0470464	0.900743	0.86906	0.0390597	0.0458587	0.00683929	0.0565367	0.0282747	0.0261304	0.00794085	0.100702	0.0323105	0.0158307	0.110281	0.879658	0.0172901	0.0245294	0.0362918	0.0293511	0.0285517	0.00680164	0.0240334	0.839869	0.0338719	0.0357671	0.0142931	0.0502825	0.19378	0.0464057	0.0270082	0.0587188	0.042206	0.153039	0.0454841	0.0063818	0.0247615	0.0529389	0.0167193	0.053628	0.0229241	0.0573581	0.0577388	0.00714451	0.877579	0.047838	0.0486216	0.00861045	0.00867278	0.0731082	0.103453	0.00284489	0.0716892	0.847965	0.19546	0.0576169	0.0601173	0.0122329	0.891575	0.0327253	0.0262574	0.00390839	0.0287538	0.825529	0.0181512	0.0404839	0.0126329	0.0164083	0.38609	0.00705893	0.011907	0.092372	0.0268858	0.307407	0.0205803	0.0079624	0.017691	0.122736	0.0162791	0.0530896	0.0330908	0.00347629	0.0689549	0.0328723	0.0237299	0.00795628	0.866988	0.0193266	0.0688221	0.846459	0.00947104	0.00653879	0.00755974	0.00903433	0.0521352	0.0170855	0.804632	0.872978	0.0149741	0.0168742	0.0541099	0.888794	0.0265415	0.015245	0.0288292	0.0418994	0.24879	0.867187	0.0443845	0.0195222	0.0493463	0.0428054	0.0536563	0.0225636	0.0276516	0.902605	0.0277371	0.00797385	0.00837924	0.0285289	0.0852308	0.00544327	0.884035	0.00605088	0.714818	0.0224349	0.00622595	0.0192703	0.00527329	0.0266911	0.0445524	0.883245	0.0165263	0.00767624	0.0247695	0.0283753	0.0345071	0.189671	0.0554107	0.00530404
V12_S3	0.00500278	0.0258414	0.0348166	0.0574488	0.861342	0.102543	0.0207657	0.0281004	0.0133165	0.0422464	0.943578	0.859912	0.0430362	0.0479829	0.00547397	0.0875924	0.0238964	0.033067	0.00928359	0.0787886	0.0194113	0.0147219	0.109784	0.891026	0.0133989	0.0288024	0.0233612	0.0198099	0.0232897	0.00832298	0.0287214	0.861271	0.0266566	0.0341345	0.0170604	0.0399243	0.201036	0.0482222	0.0239799	0.0523256	0.0362464	0.293301	0.0644895	0.00647417	0.0201573	0.0467507	0.013078	0.0407728	0.0258725	0.0511547	0.0327227	0.00717804	0.90841	0.0405508	0.0505584	0.0060978	0.0152444	0.0903207	0.0776241	0.00548945	0.0585816	0.869489	0.200231	0.0513056	0.0390835	0.0202864	0.914174	0.0297901	0.020418	0.00517728	0.0331192	0.8441	0.0185819	0.0427758	0.0108351	0.0198534	0.333004	0.00720885	0.0158772	0.0797839	0.0202491	0.282631	0.0209265	0.00739071	0.0133343	0.171289	0.0117233	0.0358515	0.0311656	0.00507594	0.0391675	0.00607074	0.0206732	0.00725031	0.896548	0.0232776	0.03891	0.885564	0.00871415	0.0049276	0.00730642	0.00679972	0.0753533	0.0133825	0.852349	0.878223	0.0192193	0.0145686	0.0853259	0.894757	0.0259468	0.0202929	0.029276	0.0361257	0.0495671	0.906718	0.0309294	0.0155672	0.0330334	0.0485606	0.0462412	0.0210933	0.0544379	0.900556	0.0262481	0.00811083	0.00742321	0.0230752	0.0257788	0.00494958	0.916871	0.00440265	0.751006	0.0176731	0.00497277	0.0181978	0.00555031	0.0267823	0.0437531	0.907182	0.0118971	0.00940442	0.0511446	0.0256442	0.0267293	0.196092	0.055982	0.00505395
V13_S1	0.0118225	0.0490573	0.045263	0.0776347	0.835689	0.120596	0.0276961	0.0359306	0.0203485	0.0644331	0.921445	0.875761	0.0580203	0.059757	0.0120044	0.0977785	0.0492469	0.0239659	0.00665606	0.0812612	0.034111	0.0107977	0.138998	0.907006	0.0207113	0.03017	0.0399573	0.0225651	0.0324803	0.0168725	0.0375681	0.866919	0.0567635	0.0398273	0.0353712	0.128819	0.270279	0.0599136	0.0359184	0.0789193	0.0441525	0.343294	0.0903199	0.0189406	0.0398055	0.0655214	0.020435	0.0461139	0.0355424	0.0685402	0.0506674	0.0106216	0.89746	0.0491193	0.0675934	0.0187547	0.0314319	0.12299	0.0829476	0.00565875	0.122388	0.870814	0.27115	0.0706015	0.0576733	0.0198335	0.912264	0.0361757	0.0381577	0.0112722	0.045524	0.857904	0.0292098	0.058742	0.0205566	0.0146652	0.599823	0.0240283	0.0292244	0.118514	0.038211	0.462959	0.0230382	0.00869013	0.0432921	0.247721	0.0268513	0.0545172	0.0318167	0.0124385	0.0824245	0.0132953	0.0412737	0.00861603	0.896771	0.0300426	0.0834749	0.883325	0.0141412	0.00953588	0.0109337	0.0118335	0.173089	0.0204737	0.854752	0.896937	0.0227975	0.0322129	0.100758	0.927792	0.032205	0.0247983	0.0374925	0.0444832	0.0931262	0.898472	0.042765	0.0244992	0.0427898	0.0682185	0.0621384	0.0266975	0.0341339	0.882243	0.0453394	0.00369535	0.0241458	0.0317354	0.0421583	0.00478975	0.918806	0.00858572	0.667588	0.0444849	0.0113782	0.0341179	0.00575963	0.0324377	0.0643725	0.917622	0.0398706	0.0141768	0.0361157	0.0361916	0.0374553	0.226068	0.0799927	0.00537589
V13_S10	0.0117971	0.0412795	0.0419012	0.216679	0.861228	0.138604	0.0322282	0.0431823	0.0196375	0.0705557	0.948415	0.916086	0.0697134	0.0659012	0.0264358	0.124208	0.046149	0.0272842	0.00444696	0.08812	0.0394669	0.00880093	0.164007	0.91101	0.0192835	0.0406406	0.0517114	0.0354053	0.0298943	0.0401667	0.0446621	0.913539	0.0824485	0.0439527	0.0405945	0.250559	0.361918	0.0655698	0.0379732	0.0964747	0.0590971	0.383442	0.0939657	0.0271566	0.0531306	0.137241	0.0195192	0.0555768	0.0515253	0.0755655	0.0517843	0.0130288	0.890305	0.0619335	0.0803124	0.0506207	0.0171297	0.145505	0.0882423	0.00159177	0.101963	0.885473	0.360968	0.073354	0.0619837	0.0277777	0.911379	0.0363786	0.039928	0.0121483	0.0524234	0.85968	0.0390927	0.0705555	0.0231892	0.0286057	0.583648	0.0169501	0.0311143	0.155969	0.0396018	0.447451	0.0380915	0.0171728	0.0332756	0.259699	0.0309732	0.0614058	0.0395879	0.0185841	0.084322	0.0161575	0.0409502	0.017278	0.922861	0.0275815	0.0825163	0.903936	0.0216617	0.0152371	0.0129605	0.0234488	0.135466	0.0194381	0.876113	0.912098	0.0208114	0.0387868	0.125509	0.924452	0.0376896	0.0288638	0.0421594	0.0591372	0.0782731	0.895841	0.0450251	0.0361814	0.0513402	0.0724179	0.07614	0.0364848	0.0178979	0.873776	0.0405873	0.0106588	0.0538204	0.0198614	0.0477672	0.00516074	0.934948	0.0070349	0.667867	0.0248158	0.0197133	0.033514	0.0114268	0.0390052	0.069385	0.931094	0.0635971	0.00962456	0.0492386	0.0184695	0.0416645	0.256246	0.0936067	0.00526358
V13_S2	0.0135013	0.0404357	0.0298312	0.105401	0.85938	0.119692	0.0228684	0.0457775	0.0176647	0.0620317	0.936199	0.888263	0.0583116	0.0555228	0.0130014	0.106569	0.0425979	0.0301285	0.0082155	0.10421	0.0316564	0.0110311	0.169465	0.891945	0.0174881	0.0382397	0.0392848	0.0253391	0.0296572	0.0257771	0.0370638	0.881121	0.0547006	0.039754	0.0326992	0.205481	0.292245	0.0552743	0.0317832	0.0793031	0.0470612	0.308671	0.0651212	0.0188957	0.0339708	0.0745218	0.0179333	0.0469699	0.040234	0.0683031	0.0412538	0.0126559	0.867939	0.0516497	0.0669272	0.0323286	0.026561	0.116694	0.10631	0.00542873	0.117931	0.857456	0.290217	0.0707583	0.0575145	0.0209375	0.90509	0.0345373	0.0341668	0.01198	0.0466993	0.852667	0.0283736	0.0578444	0.0207084	0.0202073	0.592376	0.010473	0.0294127	0.100863	0.0343913	0.44731	0.0251542	0.00640363	0.0351896	0.243742	0.028653	0.0598247	0.0332482	0.0215297	0.0760577	0.00969167	0.0373734	0.00661434	0.903605	0.0240863	0.0761645	0.856745	0.0155217	0.00713632	0.0125875	0.0134013	0.0565054	0.0173508	0.845101	0.898572	0.0180491	0.0310219	0.107261	0.906553	0.0291918	0.0249901	0.0373008	0.047301	0.203756	0.8987	0.0464521	0.0292036	0.0355367	0.0710501	0.0669949	0.0278188	0.0220076	0.881352	0.0407376	0.00666484	0.0466228	0.0228358	0.0488912	0.0050195	0.926541	0.0045104	0.683537	0.0309416	0.0132386	0.0321935	0.00969768	0.0275285	0.0636644	0.91083	0.0387961	0.0125585	0.0380753	0.0293432	0.0384386	0.218248	0.0887367	0.00538468
V13_S3	0.00889341	0.0514937	0.0475002	0.111648	0.873243	0.114762	0.0217339	0.0471217	0.0243119	0.0615669	0.924876	0.852961	0.0542397	0.0605133	0.0080793	0.120841	0.0566175	0.0314367	0.00768925	0.0755779	0.0274529	0.0105233	0.172707	0.877998	0.0228942	0.0332099	0.0433875	0.0279379	0.0408522	0.0116511	0.0427832	0.880455	0.0541077	0.047382	0.0256373	0.0860637	0.290892	0.0598512	0.0325538	0.0671198	0.0505917	0.40437	0.0746053	0.0102617	0.0419185	0.0792367	0.0236925	0.0476488	0.0409416	0.071662	0.0475641	0.0106318	0.857814	0.0562561	0.0692603	0.0143984	0.0220164	0.143623	0.0775805	0.00534109	0.175017	0.889122	0.2919	0.0738015	0.0569674	0.0211004	0.897267	0.0404503	0.0416855	0.00753721	0.0427064	0.822611	0.0242876	0.0603944	0.0206996	0.0127228	0.61774	0.00471461	0.0436121	0.119826	0.0410675	0.452809	0.0625982	0.0090654	0.0472188	0.286975	0.0240997	0.0613664	0.0438617	0.00811652	0.078063	0.00750656	0.0324782	0.00841895	0.899349	0.0252464	0.078147	0.854432	0.0101113	0.00898093	0.0083471	0.00867199	0.116447	0.022968	0.86274	0.854811	0.0156596	0.0214908	0.122987	0.912863	0.0336413	0.0264369	0.0381227	0.0501062	0.150386	0.89782	0.0437822	0.0274688	0.0415388	0.0669236	0.071382	0.026092	0.00941623	0.862385	0.0508431	0.00950262	0.0236936	0.0294701	0.0395177	0.00611919	0.928394	0.0122383	0.68506	0.0394326	0.00919626	0.0240783	0.00497015	0.0330631	0.0643935	0.921878	0.0185567	0.0193889	0.0466192	0.032206	0.0490662	0.291452	0.0823876	0.00579441
V13_S4	0.0218681	0.0528284	0.047135	0.214364	0.87488	0.131707	0.0393526	0.0546677	0.0217761	0.0769834	0.927841	0.875584	0.0795054	0.0577599	0.0165697	0.13386	0.0381256	0.0356397	0.00625996	0.103095	0.0377524	0.00870439	0.18896	0.889486	0.0226144	0.0614163	0.0501326	0.0267881	0.0427555	0.0288671	0.0515945	0.893586	0.103648	0.0531301	0.0576566	0.232579	0.34445	0.0582993	0.0407546	0.0914677	0.0622446	0.423345	0.103734	0.0195731	0.0406805	0.164703	0.0224293	0.0624926	0.0516664	0.080565	0.0661121	0.0116517	0.891731	0.0654565	0.0834632	0.0517449	0.0372247	0.192101	0.10222	0.0117907	0.143414	0.875516	0.345257	0.0846943	0.0742213	0.0263033	0.903981	0.042111	0.0482906	0.0211117	0.0689616	0.815466	0.0465568	0.0813113	0.022844	0.0240151	0.639536	0.00907871	0.0506473	0.112133	0.0485676	0.539383	0.0312786	0.00942565	0.0653462	0.220898	0.0477034	0.073643	0.0461297	0.0260628	0.0941029	0.0503091	0.0512876	0.00965042	0.903208	0.0363958	0.0935045	0.88916	0.0167801	0.0165949	0.0148334	0.0206109	0.127675	0.0225342	0.805671	0.897415	0.0141487	0.0594432	0.13635	0.91031	0.0416493	0.0330058	0.046221	0.0618667	0.263427	0.860663	0.0571596	0.043662	0.049053	0.0773002	0.0835237	0.0426239	0.0514442	0.892229	0.0537082	0.00795818	0.0453822	0.0355891	0.0433022	0.00968989	0.931171	0.00804374	0.587549	0.044738	0.0246425	0.084827	0.0129474	0.043173	0.0807939	0.893546	0.0478392	0.0248359	0.0542466	0.0307036	0.0415369	0.279955	0.0847263	0.00892989
V13_S5	0.0365681	0.0637561	0.0305899	0.405596	0.842564	0.1333	0.0489559	0.0565326	0.0245084	0.0702703	0.944753	0.907383	0.0823729	0.0705191	0.0300764	0.122265	0.0483919	0.0331142	0.00447334	0.186458	0.0408378	0.00629918	0.130074	0.921538	0.0250558	0.0596837	0.0580815	0.0344593	0.0355024	0.0569476	0.0553655	0.865268	0.102788	0.0377028	0.0669204	0.402677	0.411426	0.0714301	0.0457125	0.075545	0.0763596	0.31323	0.0880308	0.0423067	0.064576	0.180106	0.0249986	0.056819	0.0601903	0.0716639	0.0587013	0.0175785	0.915437	0.0694556	0.084218	0.0723299	0.0578008	0.120771	0.188197	0.0159419	0.146632	0.775922	0.410977	0.0820126	0.0720668	0.0283693	0.907826	0.036987	0.0517748	0.0355508	0.0606302	0.848414	0.0479417	0.0696097	0.0321139	0.0428759	0.578404	0.0221811	0.0501675	0.180907	0.051954	0.475143	0.0217007	0.0106014	0.0616051	0.220077	0.0520896	0.0794124	0.0382396	0.0315669	0.101688	0.0290444	0.0445379	0.0108957	0.905605	0.038903	0.101807	0.901966	0.0349519	0.0142611	0.0181611	0.0321536	0.232618	0.0250928	0.771156	0.887046	0.00758238	0.04947	0.108629	0.90279	0.0381786	0.0388674	0.044093	0.0759504	0.117196	0.831979	0.0465887	0.0448456	0.0622865	0.0746502	0.0871008	0.0517796	0.0427578	0.86568	0.0635948	0.0069656	0.0811221	0.0217223	0.0531528	0.0106945	0.928566	0.00507568	0.568365	0.0385566	0.0388979	0.0542034	0.0168402	0.03718	0.0742623	0.855528	0.105501	0.0266568	0.0578383	0.0142954	0.041645	0.195385	0.121717	0.0100924
V13_S8	0.0171108	0.0497209	0.0567197	0.189189	0.832177	0.129477	0.0209266	0.0442589	0.0224618	0.0641614	0.9199	0.875963	0.060699	0.0614647	0.0263808	0.106192	0.0578659	0.0368794	0.0130382	0.115367	0.0304344	0.0171405	0.142949	0.881426	0.0220145	0.0452015	0.0488788	0.0337334	0.0397262	0.0358805	0.0413686	0.874665	0.0631942	0.0436736	0.0432432	0.288479	0.345782	0.0613132	0.0459984	0.079917	0.0534535	0.339902	0.0904572	0.0230245	0.0392318	0.118866	0.0229577	0.0535584	0.0447292	0.0707645	0.0540382	0.0166123	0.885015	0.0549158	0.0726372	0.0411475	0.0512524	0.127899	0.116327	0.0184637	0.0973333	0.848953	0.345747	0.0679959	0.0628865	0.028592	0.875181	0.0370095	0.0450746	0.0176029	0.0481536	0.818916	0.0341196	0.0641383	0.0244437	0.0279963	0.591075	0.0134708	0.0308154	0.144735	0.0441541	0.448812	0.0291693	0.0155097	0.0381461	0.230493	0.0352154	0.0562815	0.0406146	0.0172518	0.0726242	0.0087532	0.0442461	0.0157373	0.871084	0.0267107	0.0718799	0.875112	0.0184112	0.0098438	0.0152391	0.0180487	0.197564	0.0220678	0.819072	0.890525	0.0144613	0.0401378	0.0995419	0.909062	0.0407203	0.0306624	0.0425659	0.0532801	0.0842287	0.869039	0.0464622	0.0292556	0.0535214	0.0633284	0.083373	0.0360003	0.0388544	0.871354	0.0496258	0.0114157	0.0346665	0.027158	0.0468666	0.00829917	0.919359	0.00968137	0.679821	0.0319126	0.0159407	0.0552922	0.023981	0.0405701	0.0698304	0.892356	0.0506506	0.0185581	0.0457527	0.0689694	0.042363	0.224805	0.0701011	0.00784437
V13_S9	0.0107431	0.0480905	0.0393559	0.121876	0.865751	0.128965	0.0277505	0.0390591	0.0231794	0.0710863	0.935489	0.892636	0.0681326	0.0665715	0.0145301	0.105323	0.0638299	0.0303164	0.0127965	0.129301	0.0359748	0.0198536	0.161506	0.907586	0.0227046	0.0356323	0.0480166	0.0281258	0.0317398	0.0274289	0.0451032	0.898255	0.0640456	0.0469443	0.0369902	0.15231	0.314092	0.0664773	0.038512	0.0787619	0.0546614	0.295949	0.0723314	0.0192108	0.0309203	0.0865079	0.0230478	0.0538567	0.0395369	0.0763872	0.0527969	0.0132815	0.872762	0.060002	0.0741595	0.0217458	0.0440484	0.147141	0.13198	0.0116726	0.137586	0.888513	0.315511	0.074605	0.0632626	0.0229597	0.903645	0.0372138	0.0413777	0.0106306	0.0501967	0.853436	0.0351434	0.063008	0.0234768	0.0252488	0.602259	0.0113918	0.0351106	0.100315	0.042042	0.465766	0.0338188	0.0104334	0.0218336	0.199722	0.0306791	0.0652087	0.0454374	0.0178668	0.0944975	0.0172565	0.0431231	0.0103288	0.913739	0.0309512	0.0949709	0.868163	0.0198539	0.00750275	0.0136195	0.0145136	0.197705	0.022648	0.852329	0.888229	0.02049	0.040648	0.109213	0.923831	0.0345451	0.0306487	0.0496931	0.054636	0.176844	0.900704	0.041931	0.0340624	0.0447591	0.0737836	0.09179	0.0374523	0.0412906	0.904726	0.0469232	0.0122583	0.0258089	0.0312888	0.0544086	0.0120311	0.922095	0.00940748	0.679825	0.0313848	0.0121076	0.0420924	0.00869798	0.0349275	0.0699942	0.920893	0.0344271	0.01487	0.0450177	0.0424377	0.0418476	0.280957	0.0874601	0.0114157
V14_S1	0.0149629	0.0440349	0.0438028	0.108018	0.837048	0.13398	0.0242139	0.0450385	0.024381	0.0655438	0.906002	0.884095	0.0696972	0.0721336	0.0207634	0.107327	0.0506355	0.0287187	0.0193557	0.111382	0.0325647	0.0240073	0.168122	0.886116	0.0247534	0.0519609	0.0481796	0.0268065	0.0353316	0.0365713	0.0479009	0.886003	0.0665624	0.0469288	0.0322935	0.17021	0.287335	0.0716049	0.0410053	0.0884644	0.0546376	0.312698	0.0810865	0.0226481	0.0385418	0.0942677	0.0248735	0.053517	0.0479675	0.0769618	0.0540193	0.0161668	0.857228	0.0646917	0.074417	0.0285639	0.0510859	0.13659	0.110411	0.00934422	0.108516	0.824016	0.28616	0.0789541	0.0622183	0.0256289	0.899086	0.0408022	0.0484092	0.0153287	0.0429522	0.838291	0.0442753	0.0710492	0.0281518	0.0206792	0.542409	0.0176918	0.0420979	0.113558	0.0488237	0.437472	0.0291592	0.0147286	0.0545942	0.223737	0.0320786	0.0679615	0.0381828	0.0125064	0.102115	0.0126736	0.0446446	0.0136398	0.858258	0.0305878	0.10098	0.87081	0.0225209	0.0151221	0.016317	0.0204011	0.0738415	0.0248074	0.850617	0.865592	0.0207068	0.0454186	0.11602	0.913971	0.0397351	0.034934	0.0496519	0.0548209	0.09653	0.885152	0.0426362	0.0362147	0.0481931	0.0734352	0.0709804	0.0402885	0.0328956	0.893873	0.0462491	0.0210478	0.0312035	0.0317009	0.0547749	0.0111488	0.925116	0.0110264	0.675552	0.0326872	0.0157779	0.0353349	0.0068	0.0406084	0.0732363	0.905466	0.0575898	0.0151613	0.0493786	0.0661015	0.0444717	0.223472	0.102545	0.0109951
V14_S10	0.00860377	0.314226	0.0475009	0.0834757	0.784174	0.143707	0.0229455	0.0536685	0.0184783	0.0833289	0.934014	0.864653	0.0707095	0.0780528	0.00971538	0.113435	0.0585648	0.0204482	0.0122002	0.119231	0.0314751	0.0182109	0.176459	0.881597	0.0185556	0.0364945	0.0505784	0.0329005	0.0314765	0.0187557	0.0531427	0.898771	0.0613588	0.0667462	0.0378892	0.112932	0.354412	0.0783803	0.0390575	0.0743338	0.0532308	0.467176	0.146126	0.014511	0.0623939	0.133725	0.0190167	0.0555441	0.047917	0.0829733	0.068841	0.013568	0.875152	0.0654064	0.0882747	0.0394177	0.0216085	0.148431	0.120619	0.00762192	0.16813	0.872693	0.350262	0.0878671	0.0751869	0.0301615	0.897682	0.0371243	0.0393089	0.00881429	0.056004	0.81784	0.0336126	0.0725185	0.0251765	0.02593	0.68741	0.0116779	0.0320641	0.151037	0.0397754	0.541235	0.0228364	0.00701924	0.0638046	0.256156	0.0251951	0.0610163	0.0363976	0.0142163	0.105823	0.00358287	0.069866	0.00715334	0.881003	0.0336684	0.106042	0.881685	0.0177495	0.00827809	0.0102652	0.0205529	0.0694818	0.0183481	0.866465	0.897823	0.0180058	0.0399454	0.105641	0.911756	0.0412013	0.032028	0.0496814	0.052793	0.142824	0.894159	0.0451812	0.0306361	0.041238	0.0980423	0.0788514	0.0363225	0.0605802	0.887822	0.305117	0.0165685	0.0183464	0.0368783	0.0642581	0.00970582	0.915961	0.00895252	0.661118	0.0235082	0.0123009	0.0268107	0.00713215	0.0409415	0.0751101	0.920516	0.0233856	0.0133258	0.0455653	0.0411965	0.0486201	0.288405	0.100753	0.00977658
V14_S11	0.0103465	0.0430302	0.0367542	0.0702162	0.870061	0.144053	0.0255227	0.0463137	0.0199643	0.0660389	0.909902	0.873173	0.0590388	0.0632838	0.0128779	0.109678	0.0479571	0.0243193	0.0106808	0.10527	0.03602	0.0196982	0.149538	0.87578	0.0200474	0.0410599	0.0418733	0.0262331	0.0340991	0.0187605	0.039304	0.889696	0.0588891	0.0489319	0.0264037	0.0448724	0.289792	0.0630032	0.0387341	0.079936	0.0462708	0.410752	0.106347	0.0099407	0.0290535	0.0881708	0.0193931	0.0575831	0.0423138	0.0750769	0.0477325	0.011491	0.848353	0.0556322	0.070753	0.0157461	0.0229303	0.122368	0.105449	0.00744818	0.128123	0.857347	0.287951	0.0751412	0.0662784	0.0251169	0.889569	0.0404813	0.036026	0.0106169	0.0488966	0.856019	0.0294689	0.0636065	0.0212657	0.0133947	0.531459	0.00647177	0.0318323	0.0869527	0.0369524	0.452334	0.0295561	0.00953447	0.0240672	0.197274	0.0256727	0.0590376	0.0401034	0.00475905	0.0928922	0.0034844	0.0332247	0.00930374	0.87898	0.0274551	0.091996	0.867723	0.0137622	0.0186131	0.0109657	0.0100711	0.0311678	0.0194639	0.848964	0.880519	0.0135082	0.0275729	0.10446	0.903601	0.0370956	0.0273526	0.0434896	0.0463477	0.237608	0.885448	0.0405116	0.0303604	0.0373611	0.0744727	0.0665828	0.0287052	0.0497566	0.884593	0.0454095	0.00954028	0.0362301	0.0337051	0.0483177	0.00505002	0.912282	0.00871592	0.716731	0.0180051	0.0061363	0.0358096	0.00255473	0.0372097	0.0653366	0.915111	0.0321961	0.0124161	0.040754	0.0346059	0.0418047	0.249744	0.0873487	0.00542876
V14_S12	0.0109719	0.0417113	0.0446922	0.0454473	0.867582	0.129581	0.021884	0.030295	0.0170144	0.0629263	0.922479	0.857993	0.0576634	0.0579905	0.00833591	0.0976288	0.0446512	0.0316124	0.0128706	0.0982031	0.0292166	0.0151526	0.161817	0.887342	0.0171412	0.0369551	0.0384148	0.0202491	0.0325235	0.0178909	0.0374425	0.884669	0.0530738	0.0473165	0.0249813	0.0922833	0.272481	0.0582632	0.0348545	0.0792219	0.0457759	0.369329	0.131979	0.013364	0.0356024	0.0651306	0.0171126	0.0510964	0.0325438	0.0708867	0.0534033	0.00880045	0.851953	0.0516306	0.0676142	0.00991283	0.0390558	0.15432	0.0958463	0.00640459	0.103099	0.845975	0.273245	0.0694431	0.0619225	0.0247912	0.888696	0.0359881	0.0333213	0.0110805	0.0428758	0.810418	0.026391	0.05995	0.0185069	0.0184428	0.591713	0.00781232	0.0274515	0.120649	0.0337782	0.433338	0.0258986	0.0105846	0.0306757	0.237946	0.0210666	0.0504787	0.0344776	0.00735602	0.0870615	0.0271964	0.036677	0.010471	0.886593	0.0256405	0.0851761	0.863824	0.014371	0.0123354	0.00906252	0.0117189	0.0611442	0.0167524	0.851036	0.855175	0.0174177	0.0204586	0.100591	0.918741	0.0342271	0.025139	0.0369547	0.0454225	0.176954	0.908938	0.0456495	0.029153	0.0452141	0.0711258	0.0640374	0.0269059	0.0287766	0.887778	0.0409776	0.0101921	0.0190117	0.0330029	0.0590017	0.00492837	0.924194	0.0104096	0.653923	0.0283869	0.0110342	0.0342029	0.00787911	0.0347549	0.0659036	0.90572	0.0185519	0.0110937	0.0366563	0.032197	0.0430206	0.253259	0.0623078	0.00531133
V14_S2	0.00993696	0.0457669	0.0437739	0.155153	0.87487	0.162261	0.0309522	0.0452314	0.02094	0.069524	0.954103	0.885568	0.076753	0.0614371	0.013129	0.111024	0.0264484	0.0254869	0.0087644	0.143839	0.0345311	0.0148101	0.199496	0.895597	0.021544	0.0314797	0.0429469	0.0235828	0.0368185	0.0317888	0.0423885	0.893413	0.0618669	0.0501948	0.037915	0.140349	0.220629	0.0613532	0.0389982	0.106739	0.0559909	0.508808	0.0748983	0.0180993	0.0524257	0.116651	0.0205871	0.0506713	0.0399771	0.068053	0.050904	0.0126301	0.893878	0.0810118	0.0875314	0.0281765	0.0411895	0.119414	0.144205	0.0134829	0.107433	0.901488	0.220674	0.0562439	0.0705445	0.0226907	0.916747	0.0359106	0.0372992	0.00830538	0.0515873	0.836993	0.0338483	0.0649403	0.0244824	0.0240027	0.443468	0.00811521	0.0318348	0.159691	0.0373665	0.409993	0.0249647	0.0101398	0.0588579	0.20769	0.0322368	0.081496	0.0396523	0.0156087	0.0796991	0.0204529	0.0419953	0.0100905	0.887265	0.0338017	0.0800369	0.853557	0.0156986	0.0104888	0.0126342	0.0151563	0.116314	0.0210282	0.900191	0.897182	0.0185969	0.0284719	0.112616	0.921436	0.0362787	0.0231141	0.0447197	0.0559378	0.290684	0.905426	0.0347821	0.0340851	0.0351343	0.0800313	0.0624906	0.0347953	0.0166672	0.901052	0.0437849	0.0118792	0.037051	0.0258544	0.0368508	0.00808968	0.92138	0.00691252	0.737944	0.0337014	0.0149713	0.0443061	0.00798049	0.0355972	0.0674024	0.906753	0.0510434	0.00819461	0.0304078	0.0430367	0.0462091	0.293655	0.105992	0.00808404
V14_S3	0.0367746	0.0562619	0.0519081	0.0934893	0.854703	0.176191	0.0330257	0.0511656	0.0227412	0.0808919	0.9392	0.896158	0.0765364	0.0658584	0.0116806	0.10619	0.0282136	0.0479029	0.0140459	0.109328	0.0377995	0.0117564	0.208593	0.890675	0.0236109	0.0452927	0.0505781	0.0411154	0.0409699	0.0268107	0.0510898	0.901376	0.0653262	0.048912	0.0329107	0.0624471	0.161539	0.0663611	0.0380354	0.0949853	0.0532458	0.533994	0.108168	0.0150541	0.0393703	0.0957098	0.0229598	0.0599805	0.047518	0.0803407	0.0633573	0.012916	0.876192	0.0680119	0.0955229	0.0233509	0.0408165	0.178311	0.109726	0.0106009	0.159272	0.876261	0.162486	0.0661517	0.0728588	0.0240688	0.919854	0.0460017	0.0528785	0.0372488	0.0531337	0.857771	0.0341035	0.069765	0.026523	0.0206941	0.507252	0.0156435	0.0320244	0.145315	0.0530745	0.428564	0.0391654	0.0166981	0.0489798	0.187447	0.0370752	0.0799113	0.0595718	0.00784933	0.0916041	0.00594732	0.0483996	0.0160509	0.893573	0.0317906	0.0918762	0.862449	0.0163441	0.0135941	0.0127966	0.0134693	0.117547	0.0226231	0.881038	0.87713	0.0258017	0.0341045	0.112258	0.921583	0.0494994	0.0284007	0.049975	0.0535688	0.200315	0.923152	0.0674905	0.036589	0.0448279	0.0844041	0.0668051	0.0346344	0.0364559	0.918228	0.0551287	0.0147135	0.0462595	0.0378411	0.0631237	0.00667884	0.922499	0.0100664	0.690866	0.0357754	0.0146192	0.0580931	0.00511185	0.0481523	0.0751023	0.89755	0.0395157	0.0136437	0.0567245	0.0373271	0.0588378	0.278939	0.102851	0.00672811
V14_S4	0.006395	0.0367543	0.0421503	0.0980674	0.870241	0.13376	0.0276849	0.0399877	0.0210649	0.066006	0.95398	0.887961	0.0644296	0.0648769	0.0118941	0.100894	0.0239326	0.0356024	0.0129904	0.117268	0.032944	0.0181094	0.206781	0.89035	0.0209354	0.0355401	0.0387125	0.0243161	0.0434288	0.0254208	0.0452093	0.87863	0.0516585	0.0475322	0.0344243	0.145372	0.147192	0.0646967	0.0326082	0.0869657	0.0457326	0.412203	0.0730017	0.0103618	0.0310845	0.0879343	0.0213513	0.0557067	0.0407632	0.0663518	0.0562126	0.0137798	0.897793	0.065695	0.0759364	0.0155603	0.0645746	0.126156	0.115267	0.0088812	0.0981646	0.847895	0.147406	0.0551774	0.0537214	0.0246268	0.917113	0.0372891	0.0371596	0.00591455	0.0465892	0.857536	0.0308953	0.0604697	0.0273987	0.0164921	0.497877	0.0177799	0.0426701	0.095822	0.0372649	0.341905	0.0255293	0.0125893	0.0355745	0.19016	0.0303503	0.065316	0.0522259	0.00899682	0.0799179	0.0123337	0.0375908	0.0122992	0.898614	0.0253453	0.0806206	0.859896	0.0161687	0.0190868	0.0133992	0.0125265	0.0544076	0.0209186	0.889839	0.892618	0.0225055	0.030364	0.0969311	0.92653	0.0332726	0.0267025	0.049095	0.0447215	0.380037	0.914822	0.0505759	0.0340134	0.0369721	0.0778583	0.0584861	0.0406104	0.0627785	0.901611	0.0358385	0.0128605	0.0362496	0.0340021	0.0388881	0.00844032	0.919147	0.00571831	0.747456	0.0240067	0.0143295	0.0410538	0.00621691	0.0323347	0.0668544	0.902972	0.0369185	0.0194565	0.0372966	0.0436537	0.0464013	0.242026	0.0850769	0.00861518
V14_S5	0.00672348	0.0464427	0.0380817	0.101585	0.857294	0.127683	0.0237958	0.0467925	0.021001	0.061456	0.934193	0.880205	0.0590369	0.061088	0.00939941	0.0952917	0.0246549	0.0251933	0.0113602	0.111474	0.0278045	0.0112493	0.183231	0.890661	0.0209663	0.0364302	0.0377847	0.0287314	0.0298098	0.0254206	0.0382934	0.889627	0.0554112	0.0414763	0.0296404	0.137247	0.170421	0.0612382	0.0310909	0.0758968	0.0452129	0.430841	0.101309	0.0138445	0.0381371	0.0760306	0.0207955	0.0459012	0.0418054	0.0603608	0.0438055	0.0124235	0.910414	0.0566901	0.0710301	0.0100193	0.0464484	0.121058	0.113278	0.0112968	0.0957452	0.853651	0.170247	0.0559465	0.0551595	0.0200765	0.924028	0.0350189	0.032348	0.00661917	0.0417157	0.825261	0.0280591	0.0590223	0.020624	0.015358	0.525548	0.0144496	0.0195867	0.0650681	0.0325337	0.387285	0.0222958	0.0097675	0.0433593	0.2134	0.0287669	0.0648674	0.0335164	0.010861	0.0664891	0.00946801	0.029965	0.0100932	0.904125	0.0208932	0.0667447	0.85498	0.0171878	0.00388661	0.0127249	0.00845872	0.0970834	0.0209098	0.871267	0.879023	0.0184984	0.0261824	0.0932785	0.923442	0.0328252	0.0277776	0.0360118	0.0448315	0.146095	0.900522	0.0575311	0.0270821	0.0382239	0.0700435	0.0547686	0.0284291	0.0380933	0.900746	0.0468201	0.0131872	0.0352514	0.0276841	0.0473878	0.00790173	0.909836	0.00323033	0.6993	0.0207429	0.00788384	0.0318334	0.0103099	0.0332178	0.0601593	0.911835	0.0195191	0.00813844	0.0375155	0.0366843	0.0458092	0.287077	0.0734308	0.00771573
V14_S6	0.00908891	0.0409282	0.0435663	0.118249	0.864624	0.136021	0.0347656	0.0376058	0.0181113	0.0629529	0.917823	0.87711	0.0631283	0.0637655	0.00996266	0.0805179	0.0193107	0.0253463	0.00648719	0.108533	0.0296722	0.0153458	0.148558	0.890809	0.0181379	0.0218978	0.0394574	0.0209201	0.0312074	0.0152398	0.0427856	0.879647	0.0607418	0.0433069	0.0334743	0.0303132	0.163326	0.0641627	0.0341808	0.0840536	0.0465633	0.317457	0.0707126	0.0144677	0.0375806	0.0493979	0.018084	0.0505796	0.046908	0.0661	0.0542079	0.00948142	0.899281	0.0587189	0.0722565	0.0139894	0.0286086	0.105575	0.104159	0.00814323	0.0882626	0.84854	0.163594	0.0572154	0.0674955	0.0187	0.922158	0.0385302	0.0382322	0.00824831	0.0478036	0.818705	0.0305651	0.0580847	0.015921	0.0164273	0.501623	0.0148453	0.0266884	0.11536	0.0377403	0.393767	0.0183933	0.00893957	0.0663567	0.183494	0.0253643	0.0680236	0.0426737	0.00751346	0.100144	0.0668918	0.0352198	0.00936753	0.893064	0.0250337	0.102291	0.851951	0.0180981	0.024268	0.00969034	0.011655	0.0526406	0.0175879	0.874138	0.869919	0.0152655	0.0240535	0.0783297	0.921512	0.037356	0.0304102	0.0442135	0.0464314	0.269816	0.925548	0.0475786	0.0336059	0.0351996	0.091469	0.0565104	0.029294	0.0478787	0.894475	0.0403519	0.0176754	0.0126512	0.0312023	0.0551139	0.00576504	0.920345	0.00747292	0.678318	0.0390498	0.00873305	0.0349443	0.0139806	0.0371109	0.0606611	0.870452	0.0194966	0.0088821	0.0376686	0.0244004	0.0436874	0.236558	0.0991352	0.00598624
V14_S7	0.0195245	0.0406819	0.0486983	0.0907422	0.816073	0.151699	0.0208019	0.0398933	0.021466	0.0627953	0.928078	0.898329	0.0632322	0.0646984	0.0126128	0.095668	0.0236449	0.0223053	0.0305857	0.0960686	0.0271191	0.0293465	0.174466	0.893283	0.0214376	0.0375476	0.0395519	0.0212898	0.0320869	0.0192621	0.0382805	0.876866	0.0580695	0.0392867	0.029167	0.0757158	0.159754	0.0655268	0.0334251	0.0887794	0.0436312	0.317958	0.0625927	0.011917	0.0385689	0.0798581	0.0209386	0.0541578	0.0458829	0.068327	0.0518067	0.0111539	0.863357	0.0571511	0.0762501	0.0223752	0.0256787	0.107783	0.0955485	0.00633071	0.109777	0.897689	0.157925	0.056485	0.0652507	0.0205632	0.920121	0.0377446	0.0426835	0.0178904	0.0462629	0.838215	0.0294487	0.057471	0.0217353	0.0144125	0.508291	0.00649952	0.0313824	0.111074	0.0416518	0.407027	0.020443	0.00731977	0.0529175	0.17094	0.0199305	0.075059	0.0479435	0.0108396	0.103094	0.0197473	0.0385956	0.00719325	0.90004	0.0246695	0.101402	0.870197	0.00851941	0.0111603	0.0111858	0.00847327	0.0618388	0.0214116	0.860863	0.896087	0.0204264	0.0312323	0.0929918	0.912937	0.043361	0.0236395	0.041667	0.0437196	0.208838	0.929938	0.0434861	0.0319934	0.0288054	0.0766011	0.0623234	0.0273954	0.0297499	0.906273	0.0404773	0.00881415	0.0114496	0.0270952	0.0563996	0.0064204	0.913743	0.0113471	0.70763	0.0335227	0.00849994	0.0342106	0.00897761	0.0421948	0.0611878	0.92164	0.023393	0.00654366	0.0371928	0.0306793	0.0483331	0.234566	0.0943107	0.00649739
V14_S9	0.0149526	0.0524094	0.0295988	0.113885	0.860394	0.134924	0.0259654	0.0452352	0.0206741	0.0623154	0.952252	0.877012	0.063571	0.0565051	0.0156621	0.0804607	0.0262076	0.030092	0.0121716	0.0910975	0.0307465	0.011792	0.148037	0.904505	0.0205642	0.0372628	0.046935	0.0366541	0.0348014	0.0303419	0.0385873	0.892449	0.0622978	0.0405316	0.0326821	0.159375	0.160792	0.0563431	0.0327146	0.0792347	0.050546	0.397182	0.0677027	0.0167763	0.0436482	0.0612981	0.0203965	0.0518082	0.0383932	0.0625944	0.0516037	0.0128254	0.908218	0.0586726	0.0725642	0.0220109	0.0358648	0.0940848	0.0902306	0.0105184	0.0838031	0.839283	0.161913	0.0596927	0.0561162	0.0224263	0.933893	0.0327661	0.0429705	0.01416	0.0419986	0.845788	0.0363876	0.0577426	0.0242265	0.0415529	0.490057	0.0115292	0.0250507	0.117225	0.0431294	0.372072	0.0269441	0.00841966	0.0451038	0.192142	0.0272829	0.0672523	0.0459243	0.0138737	0.086659	0.0297681	0.0374175	0.00841372	0.894476	0.0339102	0.0874755	0.878834	0.0183973	0.0110546	0.012577	0.0137485	0.0895591	0.0206748	0.858596	0.876963	0.0189571	0.0347198	0.0806012	0.925056	0.0333135	0.0304994	0.0406563	0.050484	0.0733898	0.924208	0.0469923	0.0318255	0.0366619	0.0660769	0.0548815	0.0365569	0.0355638	0.896958	0.05239	0.0142652	0.0376741	0.0313346	0.0458164	0.00933182	0.916099	0.00776295	0.696092	0.0217153	0.0151912	0.0423082	0.00569141	0.0330728	0.05814	0.888454	0.0402641	0.0128165	0.0385329	0.0388864	0.046625	0.207458	0.0760485	0.00911639
V15_S11	0.00212739	0.0275028	0.0212387	0.0891517	0.869537	0.103432	0.0183887	0.055432	0.00815703	0.0524658	0.932946	0.871613	0.0428638	0.0506362	0.00377384	0.0570883	0.038956	0.0249792	0.00209301	0.0872605	0.0217026	0.00644049	0.133631	0.899408	0.00815817	0.0153227	0.0272148	0.020866	0.0282599	0.00541214	0.0230999	0.89222	0.0364816	0.0317946	0.0165732	0.055205	0.263834	0.0507444	0.0327075	0.0630022	0.0338309	0.153913	0.0923461	0.00528767	0.027916	0.0384964	0.00775327	0.0372892	0.0263965	0.0555296	0.0244794	0.00611747	0.89904	0.0336829	0.0583317	0.0132722	0.00729863	0.0759514	0.0879348	0.00387604	0.137763	0.893788	0.263702	0.0608348	0.0525781	0.0123208	0.90851	0.0304128	0.0190235	0.00221095	0.0284495	0.857953	0.015929	0.0520897	0.0120956	0.00943022	0.621098	0.00720668	0.0101427	0.0574249	0.0195092	0.407628	0.0208075	0.00552687	0.0128526	0.209144	0.0142803	0.042704	0.02202	0.00328209	0.0856168	0.00336335	0.0217699	0.00502361	0.912352	0.0226849	0.0872093	0.866037	0.0110568	0.00246112	0.00559727	0.00548684	0.0897413	0.0081423	0.867642	0.896117	0.0120172	0.0182985	0.0592459	0.919558	0.0355667	0.0210627	0.0368741	0.0342577	0.0546829	0.90838	0.0397623	0.0158717	0.0539785	0.0420137	0.0664698	0.0210705	0.0589784	0.913927	0.0272464	0.00350706	0.0146575	0.0199719	0.0564101	0.00222894	0.930705	0.00157829	0.504914	0.0137442	0.00393814	0.0239243	0.00474663	0.0355548	0.0578233	0.921519	0.0230541	0.0066904	0.0421198	0.0171705	0.0289672	0.22829	0.0786945	0.00229111
V15_S5	0.025403	0.121125	0.0295104	0.333423	0.843953	0.14391	0.0391801	0.0578853	0.0205419	0.075926	0.954789	0.915604	0.0924888	0.0655941	0.0296567	0.13311	0.0411801	0.0228114	0.00389364	0.102912	0.0324678	0.00486741	0.15789	0.917407	0.0206823	0.0542475	0.0603245	0.0349239	0.033014	0.0658726	0.0487633	0.909111	0.0997665	0.0403194	0.0692539	0.447566	0.364744	0.0662121	0.0382511	0.0797709	0.0662594	0.363945	0.0940749	0.0385393	0.0543547	0.134467	0.0204104	0.0630637	0.0582229	0.0711264	0.0535155	0.0199589	0.920761	0.070484	0.0866591	0.0732952	0.0104979	0.154097	0.10554	0.0173299	0.124166	0.792256	0.361644	0.0720436	0.0573673	0.0290828	0.912809	0.0311889	0.0538793	0.0266627	0.0565012	0.855444	0.0465127	0.0697796	0.0305935	0.0317796	0.59526	0.0177638	0.043788	0.146932	0.0525926	0.446004	0.0284757	0.0129073	0.06138	0.235161	0.047124	0.0771315	0.0353507	0.0271461	0.101341	0.0620162	0.0370976	0.0133779	0.920717	0.0348768	0.0999524	0.903897	0.0273321	0.0154408	0.0196424	0.0272955	0.136237	0.020871	0.791885	0.906254	0.0119378	0.0471856	0.134822	0.936633	0.033834	0.0353649	0.0402645	0.066536	0.204846	0.866784	0.0385632	0.0448271	0.0505678	0.0846694	0.0817971	0.0716709	0.0632014	0.887085	0.122169	0.00934534	0.0689508	0.0215756	0.0561686	0.0100522	0.938117	0.00332917	0.631586	0.0203917	0.0357517	0.0401566	0.0160674	0.0343135	0.0776901	0.91446	0.102347	0.0318244	0.0441901	0.0160475	0.0367974	0.254744	0.106956	0.0105322
V15_S6	0.0399685	0.0578076	0.0178538	0.648008	0.77748	0.132782	0.0476094	0.060615	0.0254985	0.0611262	0.903895	0.885686	0.11497	0.0561267	0.0330114	0.151689	0.0333539	0.0209365	0.00553332	0.137973	0.0358706	0.00639183	0.119442	0.833184	0.0257292	0.0818843	0.0666763	0.0370544	0.0401202	0.0716615	0.0497995	0.823582	0.122083	0.0317103	0.0898539	0.687135	0.380684	0.0562786	0.0328307	0.0682103	0.0745653	0.28688	0.0752586	0.0390795	0.0768867	0.280665	0.0256317	0.0669042	0.0633474	0.0591598	0.0580106	0.0237638	0.876952	0.0769438	0.0736106	0.0806884	0.0268969	0.128331	0.140276	0.0268038	0.105656	0.489058	0.38065	0.0608888	0.0573142	0.0308367	0.852932	0.027207	0.0541782	0.0398715	0.0646665	0.739525	0.0491082	0.0705633	0.0330043	0.0522535	0.382254	0.030775	0.0418852	0.128436	0.0536372	0.328221	0.0235709	0.00888144	0.0743205	0.22573	0.0664982	0.0884914	0.036947	0.0454184	0.102182	0.0115034	0.0383094	0.00896961	0.843835	0.032082	0.102844	0.840681	0.0437528	0.0253261	0.023989	0.0364559	0.489642	0.0256719	0.508337	0.845039	0.00717202	0.0493691	0.162843	0.881674	0.0294985	0.0391177	0.0429041	0.07458	0.172904	0.558949	0.0320776	0.0461899	0.0554369	0.0695485	0.0902128	0.0539299	0.0481754	0.744369	0.0579234	0.00993468	0.117843	0.0146746	0.0588092	0.0190549	0.878373	0.0097183	0.548613	0.0143829	0.0568059	0.0349672	0.026846	0.0292723	0.079076	0.703076	0.167005	0.03036	0.045947	0.0188119	0.0335781	0.128563	0.0990107	0.0185932
V15_S7	0.00854227	0.0421119	0.0521116	0.111294	0.873397	0.134839	0.0380253	0.051379	0.0274903	0.0684114	0.952534	0.90292	0.0623248	0.052573	0.0120392	0.0957801	0.0432054	0.0359926	0.00304891	0.0881612	0.0374724	0.00624256	0.165238	0.908182	0.0273409	0.0535679	0.0483198	0.0229954	0.0305725	0.0200071	0.0473852	0.894297	0.0832995	0.051129	0.0379338	0.0795759	0.223065	0.0526464	0.039912	0.109295	0.056852	0.383015	0.0991704	0.0120647	0.0634572	0.111903	0.027365	0.0482509	0.0465445	0.076944	0.0564231	0.011308	0.895632	0.0581196	0.0782677	0.0353758	0.0196688	0.157909	0.0889075	0.00539457	0.17068	0.902829	0.222264	0.0796631	0.0890577	0.0262424	0.912828	0.0409027	0.0534479	0.00829023	0.0528974	0.867531	0.0290914	0.0713752	0.0203395	0.0185753	0.600927	0.0124464	0.0412231	0.104763	0.0538375	0.529722	0.0270977	0.00503725	0.0371853	0.218241	0.0330638	0.0762	0.0388179	0.0132933	0.111665	0.00947894	0.0347633	0.00525893	0.919385	0.038823	0.112739	0.882225	0.0164709	0.0160641	0.0112163	0.0118641	0.0980057	0.0272437	0.880136	0.909701	0.0192389	0.0182469	0.0975706	0.934537	0.0418006	0.0210804	0.0417869	0.0574255	0.0823586	0.926258	0.0547601	0.032388	0.0519189	0.0778822	0.0681437	0.0292969	0.027054	0.9269	0.0436407	0.00337362	0.0335178	0.0337781	0.059409	0.00399809	0.942466	0.023799	0.669167	0.0441381	0.0164423	0.0346831	0.00549595	0.0423058	0.0602278	0.925622	0.0488291	0.0184731	0.0431808	0.0204709	0.0521102	0.333803	0.0859701	0.00408352
V15_S9	0.00904775	0.040557	0.0500492	0.0832935	0.878615	0.139148	0.0162069	0.0412009	0.0140397	0.059816	0.932241	0.871568	0.0561629	0.0691232	0.00410239	0.0978742	0.0370039	0.0260328	0.00184118	0.109117	0.0296279	0.00856908	0.166855	0.868595	0.0144243	0.0331174	0.0367561	0.0220887	0.024209	0.0101488	0.0428421	0.882485	0.0483264	0.0442412	0.0255324	0.0491583	0.312409	0.069201	0.0339386	0.0962228	0.0478675	0.416254	0.0883725	0.012031	0.032137	0.0726935	0.0139815	0.0427448	0.0323895	0.0689326	0.0439893	0.00630266	0.880578	0.0574465	0.0709359	0.0114461	0.00633848	0.129304	0.10816	0.00329355	0.116927	0.888306	0.313116	0.0772282	0.0560258	0.0143769	0.909826	0.0386289	0.0320227	0.00924728	0.0421393	0.853673	0.0221462	0.0629018	0.0152476	0.0254173	0.590105	0.00538001	0.0180685	0.0635811	0.032512	0.500513	0.0305275	0.00799114	0.0275018	0.204545	0.0164394	0.0589998	0.0281417	0.00667945	0.0926343	0.169183	0.0327397	0.00705708	0.908002	0.0188875	0.0933085	0.855018	0.0206237	0.00165286	0.00602685	0.0043651	0.0322373	0.0142022	0.842286	0.886813	0.0198623	0.0174241	0.0984249	0.899382	0.0397847	0.0231295	0.0353968	0.0478893	0.065789	0.887664	0.0443708	0.0256143	0.0387595	0.0616116	0.0592419	0.0258424	0.0159642	0.885678	0.0401166	0.00338754	0.0252465	0.0340868	0.0510581	0.00310055	0.918261	0.00300085	0.702692	0.0135931	0.00994471	0.0161256	0.0030477	0.0387782	0.0596197	0.92251	0.0224828	0.0100288	0.0415799	0.0125191	0.0441001	0.318243	0.098749	0.00285495
V16_S1	0.265884	0.324825	0.402777	0.129123	0.851704	0.469877	0.398395	0.371775	0.370961	0.377038	0.947304	0.912664	0.412257	0.261834	0.436714	0.419926	0.338738	0.218576	0.0167248	0.178373	0.376648	0.0233479	0.275647	0.907486	0.369313	0.291318	0.110207	0.246913	0.39201	0.0348893	0.251754	0.790263	0.427017	0.236133	0.406882	0.0920136	0.414616	0.263569	0.421832	0.356679	0.152168	0.512443	0.579417	0.450524	0.342859	0.343942	0.374497	0.305426	0.398645	0.274456	0.329276	0.342382	0.883237	0.380846	0.229794	0.309785	0.460588	0.249248	0.181737	0.0105554	0.378468	0.798918	0.414993	0.314052	0.294651	0.152288	0.910827	0.338927	0.273546	0.269326	0.359783	0.781322	0.335138	0.396306	0.207623	0.175975	0.6115	0.678475	0.358167	0.339966	0.275303	0.594899	0.351051	0.0126723	0.294322	0.382082	0.340253	0.480355	0.291989	0.213926	0.406068	0.0114497	0.376713	0.0123741	0.894669	0.0576225	0.405384	0.880989	0.039897	0.320631	0.343549	0.474782	0.0714846	0.367795	0.898711	0.907035	0.0155058	0.342625	0.421835	0.891509	0.350472	0.0314101	0.2843	0.153897	0.410711	0.917823	0.254454	0.403104	0.298911	0.262106	0.290874	0.373573	0.422904	0.887297	0.318326	0.0118442	0.458955	0.0290337	0.418147	0.180475	0.926292	0.011466	0.614661	0.376933	0.19617	0.321846	0.0548038	0.355544	0.311509	0.917254	0.339764	0.270133	0.424109	0.0423935	0.260563	0.31215	0.328862	0.178591
V16_S10	0.0206024	0.127201	0.105958	0.232539	0.864416	0.206736	0.0814635	0.116131	0.0884253	0.119693	0.959811	0.917366	0.146425	0.114922	0.12533	0.169067	0.101617	0.0723666	0.0450864	0.15421	0.0733171	0.0144403	0.186635	0.927492	0.089665	0.101275	0.0828741	0.0782345	0.103008	0.0788001	0.104688	0.901171	0.156306	0.093753	0.116215	0.281783	0.409407	0.115701	0.0927681	0.171067	0.0824097	0.46162	0.280911	0.0754003	0.0725546	0.216709	0.0897189	0.09011	0.0963143	0.116322	0.114485	0.0573049	0.922245	0.116247	0.11266	0.14989	0.14204	0.194487	0.159338	0.110371	0.176926	0.864476	0.410835	0.112891	0.139819	0.038191	0.917021	0.114341	0.0893107	0.0193	0.107576	0.855748	0.0837802	0.144557	0.0557768	0.0666859	0.606156	0.0775834	0.101779	0.143288	0.0890914	0.517118	0.0670878	0.0131179	0.120607	0.25814	0.0880125	0.0967257	0.0951014	0.0340186	0.160783	0.0275545	0.119919	0.0132669	0.904112	0.0406348	0.160283	0.904241	0.0269112	0.0832405	0.0560169	0.0995819	0.129186	0.0867935	0.861335	0.916441	0.0181993	0.0840177	0.171233	0.917267	0.0881632	0.0927607	0.0869228	0.0825106	0.139467	0.883437	0.100513	0.123007	0.10655	0.121017	0.130206	0.0707753	0.16885	0.897111	0.126853	0.00974624	0.123716	0.0737304	0.0953898	0.0211062	0.939154	0.028033	0.652678	0.100096	0.0263867	0.1144	0.0178589	0.0854331	0.101912	0.898946	0.150893	0.0709338	0.12891	0.0325886	0.0949575	0.301819	0.188118	0.021326
V16_S11	0.376555	0.337286	0.383165	0.0901425	0.721529	0.472354	0.4684	0.391725	0.423586	0.463804	0.914648	0.799095	0.484822	0.164362	0.479566	0.385955	0.055031	0.316755	0.193523	0.324266	0.361993	0.0354247	0.314892	0.904558	0.424265	0.513675	0.254527	0.277118	0.230956	0.476465	0.303435	0.815002	0.569347	0.29761	0.474024	0.0785174	0.5683	0.163819	0.449101	0.388988	0.242873	0.405238	0.690189	0.173183	0.358951	0.408967	0.424189	0.334748	0.348947	0.362769	0.280083	0.242265	0.863519	0.436013	0.411367	0.694994	0.536825	0.302086	0.330368	0.338996	0.509798	0.768941	0.567409	0.332048	0.358181	0.23818	0.874441	0.436117	0.398502	0.373189	0.416524	0.630055	0.402305	0.475326	0.291854	0.302741	0.741107	0.727443	0.567073	0.437658	0.397467	0.655351	0.49072	0.240185	0.526556	0.365204	0.420779	0.286556	0.309677	0.200183	0.476888	0.0239951	0.43441	0.231878	0.826272	0.0165323	0.480525	0.87074	0.0127895	0.374806	0.240499	0.30775	0.0998264	0.424167	0.798368	0.892428	0.0118262	0.412804	0.395274	0.887847	0.271096	0.0178602	0.235098	0.242833	0.353751	0.913546	0.255015	0.484723	0.372779	0.292084	0.419166	0.310403	0.621383	0.744083	0.338827	0.00316636	0.528359	0.368267	0.401644	0.105813	0.927428	0.0980206	0.480497	0.5036	0.0730664	0.569234	0.0045179	0.269698	0.364617	0.902574	0.508088	0.40142	0.365295	0.150791	0.40189	0.291343	0.520313	0.10419
V16_S12	0.0124335	0.0659209	0.0584352	0.104491	0.8559	0.147036	0.0482978	0.0629734	0.0359527	0.0804685	0.945399	0.894753	0.0869328	0.074776	0.0371776	0.104345	0.0359105	0.0468423	0.0112554	0.114031	0.0377401	0.0207255	0.169498	0.914484	0.0367916	0.0589597	0.0637126	0.0340736	0.0454723	0.0237798	0.0613077	0.872666	0.0753434	0.0533913	0.0320239	0.082172	0.235544	0.0745297	0.0506341	0.0995627	0.0483251	0.358148	0.1206	0.0179237	0.040402	0.0840787	0.0359179	0.0589689	0.0528542	0.0769558	0.0585224	0.0220017	0.923472	0.0722026	0.0862423	0.0521858	0.0644077	0.126521	0.113691	0.0283369	0.118407	0.878535	0.236336	0.0866032	0.0782234	0.0300393	0.91885	0.0693228	0.0534658	0.0122802	0.0613168	0.854942	0.0385421	0.0789196	0.0264879	0.019645	0.552135	0.0834266	0.0579655	0.129679	0.0527583	0.450208	0.0384709	0.0145264	0.0286658	0.229917	0.0411587	0.0732475	0.0600725	0.0186793	0.105803	0.0177547	0.0547705	0.0146918	0.902906	0.0325	0.104995	0.888065	0.0194103	0.0169877	0.0226805	0.0334694	0.0644902	0.036482	0.878766	0.905017	0.0219579	0.0389105	0.101714	0.913139	0.0541977	0.0263228	0.0531445	0.0485239	0.219519	0.923414	0.0575863	0.0483506	0.0559926	0.0908566	0.072064	0.0395054	0.0808814	0.913638	0.0637646	0.0105759	0.0485189	0.0424644	0.0800013	0.00534778	0.929702	0.0135436	0.693467	0.0405063	0.0152982	0.0570223	0.00411888	0.0557597	0.0754757	0.924973	0.0284253	0.0279229	0.0542473	0.0343748	0.0631723	0.244228	0.101643	0.00537302
V16_S3	0.00828698	0.0396741	0.0458451	0.0701235	0.896702	0.134993	0.0242622	0.049047	0.0170593	0.0676306	0.957226	0.890671	0.0669307	0.0708055	0.0090717	0.122756	0.0410155	0.0289758	0.00682329	0.113487	0.0362587	0.0137426	0.216801	0.920006	0.0168797	0.0376729	0.0436712	0.0241709	0.0406072	0.0184156	0.0413264	0.897536	0.0632978	0.0479549	0.030027	0.0664621	0.322313	0.0710688	0.0376368	0.0940344	0.0534289	0.413697	0.0761434	0.0123619	0.0291242	0.0951785	0.0172321	0.054263	0.0431588	0.0745293	0.0554328	0.00827832	0.931372	0.0625754	0.0750269	0.0202964	0.0309877	0.132726	0.111337	0.00578785	0.104814	0.912304	0.323	0.0752815	0.0631572	0.0234133	0.920279	0.0403075	0.041264	0.00759929	0.0504761	0.861582	0.0302324	0.0687143	0.0176127	0.0173506	0.577765	0.0156737	0.0223923	0.130768	0.0411631	0.379205	0.0262928	0.00694096	0.0262906	0.220901	0.0214411	0.0610004	0.05851	0.00417205	0.0970113	0.00755798	0.0456367	0.00645417	0.919754	0.0255412	0.0978599	0.884865	0.0130251	0.00679974	0.00858506	0.0110444	0.0826789	0.0171505	0.88129	0.904692	0.0189718	0.0298792	0.122504	0.935675	0.0375108	0.023942	0.0404753	0.0528599	0.0893703	0.931566	0.0462231	0.0286751	0.0450753	0.0876432	0.0660981	0.0314677	0.0531237	0.923343	0.040133	0.00875711	0.0170041	0.0243633	0.0533212	0.00533738	0.938211	0.0077549	0.729387	0.0369075	0.00831773	0.0278219	0.00580444	0.0377769	0.0662631	0.937949	0.0216653	0.00691218	0.038692	0.0269114	0.0436734	0.272426	0.098372	0.00560206
V16_S5	0.00874878	0.0429663	0.0460367	0.109444	0.886176	0.138043	0.0288241	0.0520811	0.0186803	0.0722217	0.948673	0.89203	0.0703323	0.0675704	0.0209588	0.133262	0.0482856	0.0267994	0.00810802	0.194153	0.0350505	0.0142109	0.167978	0.911928	0.0189647	0.0523735	0.0469027	0.0255198	0.0294737	0.0189974	0.0433684	0.894804	0.0732032	0.0549662	0.0346509	0.112989	0.292898	0.0669665	0.0379553	0.0807507	0.0516774	0.323363	0.10132	0.0103181	0.0325261	0.0929702	0.0187608	0.054552	0.042857	0.0805352	0.054804	0.0115812	0.881863	0.0625065	0.0756224	0.0332918	0.0308675	0.152193	0.190785	0.00669413	0.158682	0.880892	0.291849	0.0820068	0.064134	0.0233626	0.906875	0.0389472	0.0458487	0.00771763	0.0530821	0.8552	0.0352279	0.0690989	0.0242295	0.0210983	0.609698	0.011209	0.0334254	0.113024	0.0446205	0.413624	0.0328003	0.00856629	0.0406858	0.247003	0.0300796	0.0655511	0.0403663	0.0115702	0.105944	0.016656	0.0421081	0.00872543	0.916908	0.0305953	0.105593	0.892066	0.0176185	0.00967132	0.0112888	0.0109338	0.148884	0.0188923	0.866437	0.910948	0.0214227	0.0252231	0.132931	0.922409	0.0394033	0.0269718	0.0448584	0.0514971	0.0843981	0.915307	0.0411251	0.0354873	0.0488869	0.0890159	0.0647621	0.0345903	0.0363006	0.902434	0.0449313	0.0107601	0.0207992	0.0334328	0.057903	0.00705863	0.92251	0.00960735	0.694123	0.0475865	0.0126327	0.0403218	0.00646453	0.0397243	0.0728818	0.937058	0.0267445	0.0106007	0.0432992	0.0314982	0.0419929	0.249254	0.0909885	0.00717802
V16_S6	0.202645	0.0466162	0.22001	0.158544	0.861468	0.2712	0.260651	0.118787	0.209209	0.254812	0.94701	0.915433	0.164324	0.200141	0.29223	0.191312	0.0876346	0.29497	0.125973	0.303152	0.167241	0.0169018	0.227247	0.918304	0.21113	0.251751	0.156904	0.164467	0.229188	0.333311	0.206516	0.874516	0.243928	0.19158	0.14151	0.1348	0.35447	0.201256	0.213668	0.254492	0.104168	0.424826	0.410522	0.230458	0.158648	0.18212	0.209611	0.129937	0.199706	0.185427	0.209323	0.223094	0.910858	0.222976	0.168684	0.270629	0.407374	0.16416	0.304963	0.270895	0.275695	0.845755	0.356002	0.143562	0.246176	0.179892	0.914049	0.270769	0.154903	0.210902	0.195197	0.82075	0.207777	0.234261	0.19836	0.0190433	0.630989	0.486329	0.180208	0.243587	0.150443	0.530165	0.209484	0.0102902	0.0410786	0.351598	0.160762	0.167247	0.0883448	0.0512767	0.267209	0.0223599	0.227633	0.0099487	0.888834	0.0323644	0.26968	0.901859	0.0511453	0.178952	0.226796	0.227724	0.0850588	0.208977	0.831151	0.907825	0.0131985	0.222189	0.186802	0.889171	0.193526	0.0315393	0.167192	0.103131	0.355411	0.895635	0.288861	0.120078	0.238803	0.179428	0.208398	0.22311	0.285582	0.90703	0.045512	0.0102926	0.253785	0.154735	0.330075	0.0872245	0.922994	0.0102323	0.671653	0.225801	0.0415551	0.217205	0.013116	0.192991	0.18747	0.908261	0.109759	0.167439	0.156419	0.192568	0.229654	0.258424	0.26625	0.0898165
V16_S7	0.0339653	0.0619402	0.0614547	0.164173	0.861246	0.179617	0.0452544	0.0643272	0.0463638	0.0975212	0.936958	0.888322	0.0931307	0.0734124	0.0289962	0.153273	0.0618662	0.0406726	0.026265	0.107408	0.048348	0.0168888	0.167473	0.911408	0.0443916	0.0984874	0.0590927	0.0517879	0.0534375	0.0232086	0.0707027	0.891853	0.119222	0.0628127	0.0596425	0.19677	0.325164	0.0748473	0.0635173	0.106557	0.0676551	0.368174	0.13348	0.0550116	0.0688908	0.122683	0.0474341	0.0749167	0.0692575	0.0967414	0.0743734	0.0430729	0.854996	0.0864524	0.089149	0.0381487	0.100096	0.18014	0.108677	0.00931165	0.146205	0.890699	0.325482	0.0846409	0.0969104	0.036877	0.901171	0.0624318	0.0649765	0.0312386	0.0664947	0.838919	0.041479	0.0933519	0.0320509	0.01913	0.608057	0.0624617	0.0740865	0.21531	0.0658411	0.534845	0.04831	0.0197494	0.0419235	0.267872	0.0453236	0.0807764	0.0564567	0.0132636	0.108844	0.0172285	0.0834473	0.0192222	0.898762	0.0283045	0.110498	0.893342	0.0171985	0.0108717	0.0395737	0.0175499	0.0848569	0.0454737	0.87303	0.894523	0.0198812	0.0350621	0.138617	0.908836	0.0529844	0.0508619	0.0691657	0.0673019	0.187652	0.900639	0.0511387	0.0485212	0.0625813	0.0973758	0.0866032	0.0461006	0.0480703	0.898724	0.0596134	0.0100962	0.0439338	0.0574459	0.058292	0.00936207	0.927248	0.0223126	0.663485	0.0599588	0.0145283	0.0942148	0.00854158	0.0536935	0.0882309	0.929433	0.0718608	0.0298773	0.0603527	0.0379526	0.069334	0.282504	0.11273	0.00932092
V16_S9	0.00840601	0.0396155	0.0401564	0.0627323	0.886435	0.135784	0.0239124	0.0511326	0.0194871	0.0660169	0.948369	0.909977	0.0588576	0.0598901	0.00924472	0.107442	0.0488943	0.0341161	0.0112015	0.100285	0.0284901	0.00997881	0.143207	0.916338	0.0187792	0.0421168	0.0452319	0.0275786	0.0378686	0.0123148	0.0401521	0.882205	0.0588185	0.0433792	0.0276424	0.110723	0.318621	0.0605408	0.0387294	0.0860471	0.0493118	0.335825	0.0739178	0.0121397	0.03385	0.0647467	0.0192704	0.0564177	0.036095	0.0727958	0.0501216	0.0103057	0.91891	0.0565312	0.0761222	0.0188535	0.0497043	0.135916	0.0956845	0.00672764	0.116456	0.897921	0.315891	0.0758522	0.0608674	0.0245191	0.917791	0.0392884	0.0333107	0.00840132	0.0497594	0.868112	0.0262709	0.0639506	0.0221964	0.0154692	0.594622	0.00675546	0.027379	0.101381	0.033455	0.483853	0.030128	0.00702204	0.0297482	0.27633	0.0242409	0.0591801	0.037289	0.00685491	0.095392	0.0090457	0.0370829	0.00745106	0.920427	0.0323935	0.0944596	0.883975	0.0133525	0.0100988	0.0102991	0.0138113	0.0677953	0.0192918	0.87293	0.902513	0.020945	0.0208333	0.104042	0.9286	0.0361441	0.0247291	0.0399818	0.0499112	0.0888252	0.907219	0.0520463	0.0273156	0.0396272	0.0798214	0.0679118	0.0306621	0.0331289	0.92532	0.0386317	0.00950341	0.0187768	0.0337749	0.0491398	0.00434039	0.928952	0.00876168	0.705568	0.025001	0.0104109	0.031273	0.00809354	0.03585	0.0664976	0.930923	0.0302209	0.0136898	0.155728	0.04146	0.0403347	0.270244	0.0890701	0.00442223
V17_S1	0.00545754	0.0380338	0.0391251	0.0715118	0.886044	0.138048	0.0232416	0.0401534	0.0182804	0.0650748	0.933987	0.881404	0.0578963	0.0567969	0.00794774	0.0965378	0.0460409	0.0309565	0.00812391	0.0883547	0.0331198	0.0113726	0.167925	0.895152	0.0180858	0.0278729	0.0361114	0.0180849	0.0287175	0.0120888	0.0415584	0.889877	0.0484801	0.0465841	0.0264718	0.0853914	0.27075	0.0572148	0.0321266	0.0776385	0.0480029	0.482941	0.0765807	0.00820573	0.0309262	0.0878438	0.018214	0.0514697	0.042285	0.0686624	0.0460298	0.00688224	0.896198	0.0574609	0.0696032	0.0129179	0.034312	0.129328	0.0892804	0.007589	0.0894172	0.889198	0.271307	0.0682486	0.0554628	0.0208952	0.89173	0.0373048	0.0338291	0.00522797	0.0446266	0.845665	0.0265082	0.0586392	0.0177069	0.0134437	0.578538	0.00877402	0.0214832	0.0970942	0.0337265	0.439932	0.033266	0.00692101	0.0356931	0.193336	0.0225155	0.0532984	0.0408725	0.00503363	0.0774982	0.0423016	0.0370798	0.00675031	0.89294	0.0250204	0.0768706	0.874815	0.0117129	0.0083913	0.00724003	0.00817988	0.0528924	0.0184005	0.864251	0.894458	0.0204615	0.0241855	0.0990217	0.923852	0.0344905	0.0232655	0.0419371	0.0480805	0.0884	0.900019	0.0481099	0.0258771	0.0336287	0.0776368	0.061085	0.0262756	0.0388241	0.901939	0.0402848	0.00928596	0.0403711	0.0310924	0.0437933	0.00448468	0.920201	0.00598793	0.683005	0.0223356	0.00760385	0.0357606	0.00830474	0.0351548	0.0603717	0.921938	0.0157967	0.00654207	0.0355229	0.028676	0.0414246	0.304567	0.0873002	0.00451588
V17_S16	0.0118943	0.0420565	0.0502291	0.0852927	0.871912	0.115778	0.0215637	0.0432822	0.0203075	0.0603462	0.937651	0.881982	0.0549423	0.0585785	0.00689466	0.0848947	0.0390424	0.0250626	0.00484968	0.0861932	0.0282633	0.00967074	0.158635	0.904462	0.0208068	0.0273041	0.0341548	0.0382999	0.0288974	0.00861903	0.0430209	0.888107	0.0514382	0.0376361	0.0224859	0.0588602	0.26509	0.0576753	0.0356792	0.0772486	0.0419497	0.345064	0.100198	0.0086285	0.0289854	0.0817677	0.0203834	0.0404426	0.0368631	0.066674	0.0476461	0.00588432	0.912488	0.0452141	0.0701635	0.0169786	0.0257049	0.1233	0.0871853	0.00428242	0.0928625	0.896367	0.264841	0.0660746	0.0664252	0.0210023	0.90704	0.0340868	0.0346442	0.0102543	0.0400303	0.851788	0.0209983	0.0560589	0.0116028	0.0149379	0.62218	0.00769971	0.0304653	0.110187	0.0323926	0.424072	0.0270844	0.00625201	0.0332665	0.214115	0.0220751	0.048259	0.0352046	0.00315154	0.0801294	0.00690998	0.0331097	0.00692289	0.91579	0.0285308	0.0788385	0.883962	0.0112408	0.00739505	0.00602214	0.0062224	0.0427593	0.0198765	0.875683	0.89031	0.0184065	0.0169372	0.0817765	0.920274	0.036286	0.0177836	0.0349298	0.0418788	0.1969	0.92533	0.048253	0.0253216	0.0366224	0.0641628	0.0578371	0.0213437	0.0189235	0.910677	0.0420099	0.0038703	0.0163841	0.0243963	0.0518745	0.00235027	0.922711	0.00763142	0.666064	0.0347223	0.00470171	0.0358085	0.00433463	0.0380736	0.0558226	0.928413	0.0149991	0.00692138	0.0356696	0.0139403	0.0396295	0.27827	0.0764887	0.0024692
V17_S18	0.00741138	0.0486706	0.0339168	0.0826633	0.879531	0.122183	0.0192904	0.0382474	0.0176646	0.0580622	0.918232	0.88333	0.0509806	0.0555638	0.00595275	0.106718	0.0475562	0.022482	0.00428423	0.0806287	0.0256439	0.00948546	0.163464	0.896477	0.0173349	0.0253407	0.0382195	0.0254445	0.0322848	0.00773992	0.0363404	0.892657	0.0460527	0.0437231	0.0209544	0.0641936	0.300274	0.0553525	0.033236	0.073133	0.0404498	0.361728	0.0773617	0.00766938	0.0304575	0.059126	0.0185727	0.0445453	0.0347354	0.068893	0.0408249	0.00629585	0.892813	0.0459298	0.0669555	0.0106455	0.0240497	0.175605	0.0789123	0.00222957	0.114092	0.884751	0.300513	0.0786308	0.0663738	0.0194699	0.88352	0.0339349	0.0342678	0.00722965	0.0435337	0.851106	0.018163	0.0593958	0.0175248	0.00675076	0.608601	0.00597309	0.0216062	0.0598171	0.0341025	0.507915	0.0216148	0.00454451	0.0306617	0.207834	0.0178934	0.0514784	0.0340611	0.00354043	0.0958144	0.00568844	0.0448887	0.0044671	0.902601	0.0189963	0.0942677	0.858126	0.00834689	0.00560955	0.00638936	0.0051459	0.0679355	0.0178307	0.87176	0.8783	0.0215395	0.0172144	0.108381	0.910234	0.0367411	0.0191295	0.0345017	0.0397471	0.174131	0.91567	0.0406133	0.0266977	0.0412957	0.069057	0.0590205	0.0234669	0.0327594	0.894413	0.050264	0.00435226	0.0552577	0.0332916	0.0734914	0.00199669	0.919002	0.00687897	0.698231	0.0223309	0.0055432	0.0303074	0.00249252	0.0367185	0.0552599	0.922526	0.0121931	0.00696938	0.0342833	0.0147601	0.0429921	0.31423	0.0995571	0.00224673
V17_S19	0.00785038	0.0530037	0.0466266	0.0945271	0.876555	0.126972	0.0321884	0.0336026	0.0179368	0.0761339	0.923312	0.889537	0.0653354	0.0557666	0.00974097	0.104042	0.0656888	0.0444021	0.00247637	0.0845588	0.0301547	0.00394655	0.166453	0.916467	0.0186763	0.0260276	0.0357966	0.0250347	0.0346432	0.0112273	0.0406619	0.87624	0.0739015	0.0391065	0.0220365	0.104961	0.270703	0.055139	0.0357866	0.0616393	0.0389259	0.256837	0.125482	0.0115649	0.032712	0.0852363	0.017806	0.0507872	0.0435516	0.0730822	0.0409172	0.00540763	0.886481	0.0512479	0.0843792	0.0181204	0.0170349	0.143245	0.0852763	0.00318269	0.144619	0.882496	0.269706	0.0837814	0.0770215	0.0213969	0.905098	0.0484934	0.0446999	0.00762489	0.0423959	0.840538	0.0209095	0.0535592	0.0217586	0.0113368	0.638117	0.00631462	0.0371445	0.105597	0.0449895	0.558857	0.0181527	0.00486371	0.0869929	0.253312	0.0231179	0.0771502	0.0343945	0.00642886	0.105881	0.00774315	0.0352331	0.00487332	0.901703	0.0169047	0.10525	0.860938	0.00873616	0.00817439	0.00689224	0.0059418	0.14794	0.0187813	0.852164	0.87819	0.0555947	0.012266	0.108975	0.921667	0.0413274	0.0176734	0.0335483	0.0391329	0.0695414	0.89187	0.0618357	0.0264358	0.0361174	0.082672	0.0743334	0.0253298	0.0127506	0.902442	0.0554711	0.00508503	0.0326795	0.0282988	0.0530073	0.00373083	0.926119	0.0196266	0.679769	0.0255525	0.0110208	0.0269799	0.00894296	0.0412204	0.0572332	0.914655	0.0272667	0.0110524	0.053416	0.019175	0.0406356	0.281976	0.0687442	0.0041392
V17_S2	0.00840065	0.0436652	0.0412652	0.101358	0.869406	0.120502	0.0357832	0.038752	0.0265841	0.0613017	0.93128	0.885262	0.0554224	0.0446745	0.0128519	0.0944734	0.0469412	0.0410274	0.0239861	0.0937126	0.0371539	0.0148379	0.152887	0.881362	0.0272521	0.0604418	0.0357864	0.0270218	0.0407363	0.0214292	0.0432225	0.898946	0.062548	0.0444041	0.0332249	0.144005	0.296363	0.0443199	0.0423994	0.0745173	0.0544424	0.275494	0.0717419	0.0174723	0.0553994	0.0829999	0.0263357	0.0434825	0.0384709	0.0638119	0.0586456	0.0124039	0.886681	0.0568733	0.0721423	0.0248429	0.0289742	0.127794	0.0958128	0.00975726	0.121734	0.818565	0.297399	0.0696145	0.0590683	0.025231	0.897134	0.0368531	0.0375435	0.00864305	0.04331	0.822866	0.0323732	0.0578786	0.0235799	0.0282932	0.59363	0.00954789	0.0409693	0.110856	0.0367487	0.403529	0.0271137	0.00925695	0.0263582	0.222405	0.0376271	0.0543391	0.0391138	0.0100077	0.0882367	0.00719354	0.0286262	0.00908881	0.916597	0.0300565	0.0882091	0.870472	0.0283411	0.00493028	0.0130212	0.0196411	0.047429	0.0265538	0.853608	0.857746	0.0163062	0.0259259	0.0997921	0.89942	0.0318233	0.0267486	0.045597	0.0542165	0.122264	0.878239	0.0418035	0.0247115	0.0410902	0.0734309	0.0631273	0.0289936	0.0326887	0.906971	0.0454816	0.0157079	0.0238354	0.0316104	0.0598255	0.00858765	0.922867	0.00960468	0.652492	0.0315206	0.0119147	0.0596719	0.00969283	0.0320198	0.0610878	0.878632	0.0510763	0.0114864	0.0389603	0.0342451	0.0437428	0.227451	0.090899	0.00848061
V17_S20	0.0472157	0.0615395	0.0628562	0.515349	0.842449	0.163718	0.0746837	0.0611956	0.0491978	0.10032	0.916583	0.909007	0.102654	0.0619958	0.0469482	0.150969	0.0549265	0.0485668	0.012151	0.127693	0.0368674	0.0230875	0.158782	0.879974	0.0472398	0.106559	0.0683006	0.0479894	0.0447224	0.0604567	0.066702	0.901255	0.125977	0.0460554	0.0792594	0.65705	0.415405	0.0625232	0.0496688	0.0984823	0.0781011	0.362805	0.14203	0.0467412	0.0847904	0.203523	0.0497581	0.0782742	0.0742574	0.0792488	0.0743342	0.0264909	0.894675	0.0936852	0.0908881	0.0857669	0.0271157	0.185577	0.120619	0.0284546	0.143379	0.747613	0.413236	0.0866494	0.0917781	0.0459271	0.864465	0.0467933	0.0615749	0.0489719	0.0817705	0.774383	0.0695653	0.0962701	0.046063	0.0391399	0.656914	0.0200016	0.0579092	0.181024	0.0643879	0.466362	0.0285595	0.0224926	0.0812397	0.242317	0.0717275	0.0889288	0.0488544	0.0419531	0.136117	0.0144907	0.0608353	0.024379	0.911734	0.0388587	0.136188	0.900706	0.0226237	0.0427943	0.0250345	0.0277455	0.232055	0.0485253	0.639704	0.858805	0.0171338	0.0739605	0.139939	0.910301	0.0495836	0.0569569	0.0508848	0.0779689	0.214624	0.80216	0.0440343	0.0636996	0.0670122	0.0948022	0.110549	0.0612476	0.0847991	0.777072	0.0617548	0.0143141	0.100146	0.0759723	0.0716593	0.0228064	0.924262	0.0175458	0.577345	0.0670891	0.040001	0.082739	0.0374341	0.0483108	0.0832776	0.832031	0.131975	0.033409	0.0644521	0.034891	0.0588467	0.194208	0.148621	0.0211628
V17_S3	0.0124	0.0420213	0.0468751	0.0783194	0.871166	0.122847	0.0398482	0.0352522	0.0211644	0.0611971	0.929125	0.890309	0.0559856	0.0574724	0.0068909	0.0997157	0.0384733	0.0275513	0.00926613	0.0843121	0.029859	0.0163222	0.138443	0.889442	0.0212254	0.039865	0.0342791	0.0298756	0.0316545	0.00979446	0.0429313	0.894566	0.0537383	0.0419972	0.0315285	0.152053	0.317703	0.057187	0.0327271	0.0769197	0.0483162	0.339792	0.0983414	0.0125842	0.0478684	0.0709737	0.0210011	0.043569	0.0338158	0.0689451	0.0480519	0.00749095	0.886298	0.0487667	0.0654598	0.0263489	0.0214289	0.128209	0.0835988	0.00354759	0.0987005	0.883973	0.318153	0.0735631	0.051699	0.0246263	0.891139	0.036834	0.0273587	0.0114183	0.0478335	0.83442	0.0223157	0.0622952	0.0157781	0.01328	0.587589	0.00960685	0.0247066	0.11849	0.0277681	0.46346	0.029787	0.00811415	0.0600642	0.188279	0.0209357	0.0547343	0.0356139	0.00686651	0.0675551	0.0485908	0.0263666	0.00855352	0.910831	0.0245583	0.0661928	0.866609	0.0124373	0.00597163	0.00747512	0.00851295	0.0891294	0.0210588	0.861533	0.886122	0.0126942	0.0231827	0.0883906	0.90094	0.0364148	0.0268088	0.0391227	0.0485662	0.25584	0.882599	0.0456176	0.0308261	0.0503693	0.0710416	0.0631147	0.0244511	0.0291523	0.9089	0.0419162	0.003315	0.0465585	0.0262232	0.0457436	0.00260759	0.920079	0.00746782	0.69348	0.0187802	0.00775769	0.0380077	0.00923869	0.0367706	0.0623134	0.921301	0.0263526	0.00789847	0.0363145	0.020155	0.0409718	0.292792	0.0857266	0.00265743
V17_S5	0.00481014	0.0451559	0.0521959	0.0836368	0.859343	0.121544	0.0197144	0.0341021	0.0200189	0.0601941	0.908802	0.88185	0.0567442	0.0591018	0.00925427	0.0945014	0.0444349	0.0291942	0.0142566	0.129853	0.0305203	0.0246746	0.150656	0.906571	0.0203134	0.0317844	0.0341367	0.0272471	0.0328848	0.0114488	0.0394991	0.86357	0.0493371	0.0469873	0.0282142	0.110374	0.271754	0.0587735	0.038639	0.0819843	0.0488666	0.307869	0.0695618	0.0125753	0.0385971	0.0924353	0.0204475	0.044904	0.0349554	0.0730474	0.0457752	0.0118378	0.879831	0.0512124	0.0665241	0.0151589	0.049559	0.123217	0.136702	0.0111463	0.129108	0.863484	0.272104	0.0707476	0.0672036	0.0235823	0.891904	0.0393022	0.0373394	0.00470422	0.0380813	0.840169	0.0286523	0.0563033	0.0225757	0.0298026	0.641909	0.00566478	0.0417824	0.112769	0.0369031	0.427831	0.0264824	0.0110465	0.0214984	0.209132	0.0183981	0.0543573	0.0403586	0.0094918	0.0753458	0.0346094	0.039818	0.0115133	0.889261	0.0255246	0.0751364	0.869478	0.0150145	0.0195326	0.0119805	0.0116812	0.0556216	0.0207912	0.852344	0.852701	0.0158524	0.0270052	0.100057	0.912557	0.0365311	0.0247365	0.0410223	0.0482867	0.329411	0.885167	0.0429304	0.0283533	0.0423791	0.0600117	0.0629069	0.0298185	0.0307075	0.883086	0.0466864	0.0160193	0.0237548	0.0287536	0.0408194	0.00785258	0.917532	0.0093197	0.703586	0.024095	0.00883035	0.0318276	0.0141453	0.0361923	0.0643553	0.914556	0.0245006	0.0114767	0.0351478	0.0439291	0.0376821	0.269395	0.0764076	0.00818686
V17_S8	0.0134836	0.0478477	0.0487547	0.227152	0.853227	0.135701	0.138089	0.0488169	0.0362778	0.0717352	0.945649	0.875674	0.083891	0.0676868	0.0467158	0.14219	0.0554551	0.0237105	0.005498	0.108868	0.0555168	0.0145863	0.170009	0.897619	0.0382994	0.0476142	0.0530513	0.0364119	0.0417874	0.0351135	0.0573799	0.894148	0.0998784	0.0409085	0.0577066	0.340274	0.394295	0.0677721	0.0519607	0.0858925	0.0569263	0.30295	0.157039	0.0245804	0.0345469	0.146318	0.0373086	0.0651547	0.0523381	0.0824119	0.0596976	0.0155222	0.894132	0.0730777	0.0860966	0.0661669	0.0239045	0.146942	0.110364	0.0414426	0.124556	0.818789	0.395245	0.0755049	0.0786799	0.0282188	0.892162	0.0398395	0.0538219	0.0130685	0.0530671	0.843628	0.0491521	0.0663993	0.0252475	0.0191213	0.594072	0.0784262	0.0436802	0.11247	0.0541538	0.513409	0.0276551	0.0253042	0.025268	0.254237	0.0382554	0.0732277	0.0328714	0.0198644	0.105216	0.00579467	0.0572302	0.0259359	0.889688	0.0238878	0.103556	0.88862	0.0203864	0.0125494	0.0154138	0.0314158	0.147397	0.0368264	0.807382	0.880217	0.0239836	0.0691358	0.1388	0.904732	0.0366218	0.0245064	0.0367988	0.0576328	0.114228	0.854015	0.040896	0.0447379	0.0511331	0.0730332	0.109555	0.0441242	0.0934269	0.847309	0.0478393	0.0128584	0.0606041	0.037676	0.0930001	0.00785018	0.911956	0.00451069	0.64507	0.0367335	0.0166513	0.110183	0.0160679	0.0358748	0.0773547	0.902343	0.0566714	0.0400358	0.0498282	0.0191408	0.054078	0.278805	0.0943574	0.00802057
V19_S1	0.0130535	0.0502154	0.0209867	0.157614	0.87107	0.0929434	0.0300963	0.0334354	0.0208201	0.0490619	0.952476	0.912339	0.0656095	0.0516188	0.0135284	0.0711105	0.0619132	0.0273315	0.00724036	0.112535	0.0393754	0.0113143	0.149756	0.91335	0.0208175	0.0460915	0.0449594	0.0251379	0.0405025	0.0295513	0.0353504	0.856016	0.0653793	0.0668904	0.0327018	0.163729	0.363069	0.0515328	0.0510907	0.0787542	0.0435474	0.284386	0.103927	0.0178094	0.0363042	0.0820469	0.0215203	0.0481934	0.0407193	0.0645114	0.120746	0.0117486	0.923218	0.0573217	0.0910266	0.0244878	0.0365617	0.17496	0.115264	0.00848471	0.103048	0.901771	0.360508	0.0775961	0.0993262	0.0194414	0.923489	0.0608403	0.0464732	0.0139928	0.0490707	0.849073	0.0300272	0.0575731	0.0166207	0.0198846	0.616501	0.0112402	0.0283625	0.138757	0.0469804	0.541705	0.0510541	0.00846196	0.0535705	0.202882	0.0387311	0.0856955	0.0256398	0.0156232	0.11261	0.0096257	0.0606496	0.00845621	0.917919	0.0379537	0.112986	0.884664	0.0121993	0.013085	0.0117638	0.016378	0.0995816	0.0211899	0.870925	0.9025	0.008058	0.0355011	0.0756401	0.926253	0.0332462	0.019635	0.058938	0.0425159	0.0753521	0.922648	0.0486398	0.0344747	0.0280274	0.0431449	0.0614447	0.0331452	0.0430505	0.916764	0.0491591	0.0104329	0.0440723	0.0294158	0.0620511	0.00635738	0.933781	0.00886198	0.730077	0.0198804	0.0167369	0.0429565	0.0138987	0.0323293	0.0577541	0.924881	0.047165	0.01598	0.0416666	0.023605	0.0467794	0.310539	0.0621908	0.00631024
V19_S10	0.031839	0.0455352	0.0356018	0.153446	0.864753	0.144473	0.0290498	0.0451403	0.0226971	0.0714614	0.933084	0.881288	0.0770442	0.0742312	0.019936	0.130674	0.0605091	0.0369805	0.0126565	0.0955239	0.0333218	0.0163302	0.174161	0.893838	0.0225774	0.0504176	0.0518374	0.0350141	0.0396977	0.0437938	0.044217	0.902897	0.0701426	0.0484901	0.0477969	0.130187	0.33422	0.0749433	0.0380659	0.089091	0.0607013	0.41984	0.0811424	0.0404389	0.0593146	0.119324	0.022595	0.0609141	0.0494288	0.0801316	0.0579163	0.0188265	0.909455	0.063291	0.0830486	0.0503977	0.0553235	0.15082	0.0914594	0.0132261	0.111264	0.862493	0.33728	0.0721598	0.0524541	0.0298324	0.901654	0.0354936	0.041787	0.0346325	0.057977	0.854418	0.0412683	0.068185	0.0305452	0.0244974	0.593984	0.0206259	0.0500715	0.219345	0.0423555	0.485337	0.0263478	0.0114339	0.0345932	0.24408	0.0383187	0.0661768	0.0419151	0.0158039	0.0768387	0.00981285	0.0481392	0.0109823	0.907201	0.0291902	0.0773025	0.880301	0.0179835	0.0193676	0.0204602	0.0240191	0.129241	0.0222292	0.865247	0.888255	0.0172621	0.0395464	0.127066	0.916585	0.0330216	0.0362295	0.0473512	0.0601348	0.129469	0.886688	0.0456773	0.0344188	0.0446058	0.0797546	0.0788348	0.0427506	0.0582807	0.889232	0.044856	0.0140837	0.0459098	0.0330315	0.043276	0.0106145	0.912778	0.00749765	0.610729	0.0392245	0.0183709	0.0477725	0.00653407	0.0321494	0.0754709	0.924501	0.0724952	0.0182342	0.0485236	0.0461696	0.0424832	0.248936	0.08979	0.0104254
V19_S11	0.0139003	0.0471273	0.0377563	0.109435	0.880203	0.147987	0.0392954	0.0466145	0.0265126	0.0725163	0.941955	0.898113	0.0673686	0.0642796	0.0142622	0.121651	0.0778969	0.0295454	0.0164316	0.153467	0.037412	0.0166389	0.178705	0.92239	0.026449	0.0628666	0.0484527	0.0314064	0.0380016	0.0215729	0.0453183	0.903772	0.0717121	0.0516884	0.0409114	0.104064	0.318519	0.0636622	0.0450104	0.0864327	0.0569212	0.350648	0.109422	0.0167171	0.0354813	0.105735	0.0275336	0.0609167	0.0490676	0.080618	0.0559459	0.0146727	0.910287	0.0637606	0.0838044	0.0243194	0.0568389	0.132854	0.15688	0.0138347	0.159098	0.90042	0.320551	0.0779565	0.0749503	0.027868	0.908627	0.0479816	0.0515966	0.0134906	0.0554978	0.87489	0.0357483	0.0648581	0.0259738	0.0191735	0.612224	0.0109715	0.0355401	0.107976	0.0523426	0.494184	0.0360845	0.0129152	0.0466394	0.229971	0.0311514	0.0706222	0.0411961	0.0125707	0.104546	0.0206137	0.0462625	0.0131295	0.909656	0.0361084	0.105534	0.882579	0.0205063	0.0197074	0.0140908	0.0174271	0.130244	0.0267634	0.8811	0.897065	0.0199947	0.0382166	0.120605	0.925565	0.0426175	0.0329985	0.0444807	0.0566791	0.0931482	0.908373	0.0556037	0.0380995	0.053301	0.069635	0.0763014	0.039847	0.0724545	0.906918	0.0486922	0.0130356	0.0324253	0.034113	0.0648708	0.00738037	0.929513	0.0165892	0.736261	0.038378	0.0134053	0.0614108	0.0108416	0.0430107	0.0759989	0.926404	0.0380501	0.0121252	0.0478994	0.0468704	0.0494738	0.294699	0.107198	0.00695086
V19_S12	0.0118638	0.0487657	0.0457467	0.10494	0.858246	0.157493	0.0272358	0.0459036	0.022459	0.0698011	0.937671	0.884312	0.0704765	0.0641841	0.0192893	0.11228	0.0481189	0.0290661	0.0194711	0.108494	0.0342588	0.0216881	0.172684	0.902147	0.0220116	0.0453469	0.0524423	0.0294381	0.0548383	0.0310659	0.043351	0.89536	0.0628697	0.0482914	0.0303583	0.0956109	0.224579	0.0642745	0.0378874	0.0852595	0.0544198	0.33099	0.11331	0.018522	0.0345902	0.0877571	0.0217639	0.0578567	0.0430474	0.0766006	0.0585504	0.0154764	0.90436	0.0600062	0.0774168	0.025642	0.0558724	0.144968	0.109132	0.012783	0.118638	0.827903	0.227291	0.0734925	0.0610735	0.024394	0.921751	0.0418643	0.0456975	0.0108791	0.0474839	0.861645	0.0425347	0.070013	0.0283317	0.0299361	0.506943	0.0167006	0.0299919	0.12886	0.0460601	0.391669	0.0301998	0.0127087	0.051026	0.234774	0.0319827	0.0567744	0.0422468	0.0127775	0.0849183	0.0216397	0.0587745	0.0127349	0.906623	0.03462	0.0857877	0.877268	0.0212038	0.0186039	0.0151841	0.0187659	0.0680185	0.0219929	0.883089	0.886599	0.0263876	0.0500759	0.114143	0.919022	0.0364142	0.0380018	0.046715	0.0536413	0.0880169	0.918392	0.0384817	0.0371489	0.0486676	0.0750655	0.0663088	0.0382772	0.0555063	0.908567	0.0494864	0.0178712	0.0227256	0.0325806	0.0696049	0.00758644	0.926649	0.00890185	0.661883	0.0412753	0.0127202	0.0585504	0.00692494	0.0356211	0.0688017	0.916326	0.0484492	0.0154486	0.0485779	0.0547635	0.0477206	0.239911	0.094997	0.00772086
V19_S2	0.676983	0.626602	0.659128	0.622159	0.505646	0.658852	0.37266	0.603249	0.63569	0.67026	0.921843	0.90594	0.673195	0.649769	0.659798	0.524128	0.661669	0.70015	0.642514	0.721384	0.532091	0.735049	0.583592	0.451312	0.635935	0.729545	0.741465	0.686454	0.570576	0.690439	0.574695	0.789841	0.680019	0.571472	0.393717	0.0251796	0.665026	0.651918	0.659429	0.615223	0.509093	0.638136	0.724384	0.569697	0.483173	0.585039	0.635037	0.565139	0.539312	0.574088	0.561019	0.642365	0.895628	0.364728	0.57009	0.703023	0.697619	0.556921	0.723623	0.725342	0.635891	0.646866	0.664839	0.501913	0.623779	0.678253	0.824296	0.655093	0.5684	0.673018	0.640916	0.448725	0.609883	0.633828	0.610776	0.578223	0.737858	0.788834	0.427918	0.536248	0.571497	0.726159	0.658169	0.605589	0.683867	0.669595	0.602028	0.624879	0.56008	0.600728	0.616242	0.726736	0.677892	0.604504	0.640207	0.0118328	0.610141	0.892564	0.41393	0.657972	0.64292	0.0703825	0.0726063	0.635871	0.781261	0.885292	0.0134212	0.609114	0.522889	0.87909	0.532905	0.697931	0.485811	0.509749	0.722401	0.719422	0.662662	0.739938	0.623513	0.650432	0.524721	0.68201	0.774178	0.8472	0.626507	0.00740282	0.702902	0.580381	0.535697	0.522935	0.87401	0.527455	0.262934	0.632442	0.558471	0.435147	0.0441617	0.530764	0.482906	0.722997	0.696931	0.37633	0.660942	0.68003	0.622517	0.452251	0.669167	0.522024
V19_S3	0.0160392	0.0476195	0.0453539	0.0892021	0.850758	0.128606	0.0279313	0.043135	0.0241889	0.0681123	0.921814	0.899638	0.0646084	0.0609583	0.0159226	0.0997013	0.0470559	0.030752	0.0204434	0.0848684	0.0290518	0.0319208	0.180732	0.901039	0.0244925	0.0489475	0.0523957	0.0249068	0.047457	0.0213822	0.0435039	0.878555	0.0668893	0.0518322	0.033025	0.050919	0.328995	0.0612487	0.0440613	0.088339	0.0579485	0.471689	0.111377	0.0201086	0.0486952	0.067147	0.0240765	0.0545389	0.0391404	0.0816622	0.0541776	0.014505	0.85959	0.05744	0.0768552	0.0241228	0.0573772	0.13862	0.0871116	0.011996	0.114822	0.836732	0.328488	0.0762624	0.0663192	0.0310744	0.902543	0.0447366	0.0441796	0.0141234	0.0478651	0.848685	0.0359326	0.0644795	0.0303985	0.0199959	0.6126	0.0445899	0.0449892	0.151762	0.0437001	0.42661	0.0291332	0.0166871	0.0545267	0.241553	0.0290306	0.0651955	0.0444834	0.00984785	0.0939845	0.016289	0.0442357	0.015081	0.899859	0.024941	0.0934637	0.872315	0.0151939	0.0145528	0.0130011	0.0192296	0.0931575	0.0239831	0.863022	0.881987	0.0158893	0.0385241	0.103338	0.928419	0.0437435	0.0400587	0.0476213	0.0570363	0.160931	0.885848	0.0419155	0.0308651	0.0435108	0.0726163	0.0708976	0.0341433	0.0353792	0.891626	0.0471534	0.0129857	0.0257275	0.0344232	0.060162	0.011218	0.913056	0.0105855	0.663793	0.042482	0.0132043	0.061121	0.00751732	0.0446402	0.0677071	0.906749	0.0361522	0.0142646	0.0423628	0.0375806	0.0479114	0.264292	0.0851711	0.0105107
V19_S5	0.0502296	0.117847	0.0753948	0.134312	0.842001	0.135122	0.0699603	0.0627591	0.0679621	0.0812036	0.925356	0.857652	0.0845763	0.110995	0.0884693	0.125307	0.0646905	0.0542537	0.0457114	0.159716	0.0447533	0.0480996	0.164043	0.89475	0.0687907	0.082467	0.0774202	0.056948	0.0664246	0.0820959	0.0634446	0.882322	0.093982	0.071925	0.0578348	0.089464	0.287668	0.109349	0.068943	0.101406	0.0778447	0.358227	0.127651	0.0536167	0.090016	0.0928978	0.0679158	0.0545776	0.0614566	0.0919777	0.0657354	0.0403301	0.904362	0.0710919	0.0858746	0.0838223	0.153596	0.14518	0.161614	0.0436511	0.129836	0.839323	0.291033	0.0957349	0.0970881	0.061441	0.893921	0.0645719	0.0598713	0.0487286	0.0634089	0.82535	0.0478904	0.0905712	0.0481919	0.0392615	0.556445	0.115467	0.0502025	0.137317	0.0590471	0.374929	0.079636	0.0482353	0.0933468	0.245823	0.072696	0.0687062	0.0583689	0.0148936	0.120689	0.0273577	0.0675229	0.048317	0.891761	0.0352922	0.12027	0.856585	0.0452061	0.0816636	0.040679	0.0758965	0.104548	0.0666063	0.841975	0.88536	0.0169527	0.0562981	0.119458	0.917541	0.0596101	0.0592291	0.0775065	0.0760999	0.113596	0.904197	0.0696759	0.0634375	0.0887065	0.0726557	0.0972684	0.0650681	0.0688296	0.894837	0.119431	0.014754	0.0619791	0.0593281	0.0650438	0.0222353	0.916619	0.0294158	0.664899	0.0631931	0.0545402	0.0785667	0.0174173	0.0597143	0.0869141	0.903934	0.0661996	0.0376488	0.0853454	0.0706423	0.0764299	0.231724	0.100478	0.0227137
V19_S6	0.0127012	0.0479581	0.0532888	0.07813	0.859556	0.134619	0.0326535	0.0509398	0.0313701	0.0685795	0.924135	0.876676	0.0590225	0.0656063	0.0120192	0.107418	0.0480647	0.0416758	0.021424	0.0995728	0.0347443	0.0213849	0.172617	0.87181	0.030163	0.0472034	0.0428895	0.0241011	0.0446406	0.0191153	0.0490746	0.86587	0.0603347	0.051472	0.0298835	0.0822083	0.295988	0.0649342	0.0423769	0.10592	0.0513264	0.313317	0.155017	0.0147471	0.0479483	0.0852172	0.0307977	0.0559018	0.0443004	0.0769954	0.0515581	0.0137794	0.86883	0.0562862	0.078622	0.0233763	0.0510373	0.14768	0.0987595	0.00737581	0.141938	0.868693	0.293793	0.08147	0.0705452	0.0259126	0.897402	0.0447711	0.0422565	0.0119738	0.0524221	0.850528	0.0327067	0.0630757	0.0272065	0.0133195	0.624143	0.0128432	0.0308679	0.117313	0.0421022	0.478758	0.0361057	0.011177	0.0338757	0.22749	0.0256153	0.0610381	0.0451977	0.0082191	0.0810575	0.0106325	0.0438912	0.0108948	0.889635	0.0331783	0.0824058	0.887874	0.0162885	0.0115001	0.011098	0.0131945	0.0766346	0.029664	0.861694	0.871532	0.0219145	0.0319263	0.109148	0.911308	0.0484796	0.0290229	0.0455102	0.0514106	0.0947586	0.898178	0.0552689	0.0305788	0.042153	0.0748508	0.069664	0.0264555	0.0253477	0.899326	0.0466246	0.0160087	0.0180707	0.0335388	0.055073	0.00770585	0.912577	0.0184334	0.694797	0.03271	0.0100828	0.0380309	0.0118716	0.0492595	0.0682629	0.903956	0.0321602	0.0172635	0.0376231	0.0517344	0.0517799	0.288291	0.0933864	0.00720456
V19_S7	0.087963	0.182383	0.123095	0.365733	0.803928	0.278248	0.210374	0.0571687	0.227139	0.189618	0.931041	0.883088	0.226514	0.170126	0.186694	0.221178	0.15676	0.091053	0.012446	0.416989	0.1038	0.0199963	0.225729	0.875314	0.226952	0.190054	0.141997	0.0831726	0.146784	0.27218	0.152808	0.859979	0.277258	0.105984	0.115581	0.337365	0.486731	0.170361	0.192924	0.263264	0.157806	0.399636	0.383119	0.252892	0.268996	0.282228	0.226219	0.152703	0.162168	0.135912	0.200937	0.0745238	0.864362	0.233232	0.173358	0.230271	0.355059	0.248764	0.424098	0.34152	0.288156	0.757942	0.488853	0.197526	0.260654	0.0790128	0.89763	0.165851	0.134355	0.0874741	0.208064	0.800233	0.196535	0.244176	0.0881637	0.138353	0.591571	0.520138	0.200752	0.204214	0.135057	0.469617	0.19245	0.103354	0.269001	0.329927	0.129844	0.177784	0.131825	0.124199	0.269817	0.0146708	0.175634	0.104015	0.891487	0.026953	0.268626	0.880366	0.0557492	0.246557	0.07574	0.198661	0.370631	0.227916	0.84737	0.871228	0.0149131	0.15973	0.233216	0.909058	0.15475	0.0357014	0.132188	0.157743	0.313666	0.846477	0.0883456	0.213522	0.071527	0.143798	0.22351	0.243646	0.367107	0.869027	0.184338	0.0124795	0.323666	0.187229	0.074123	0.112154	0.902776	0.0138637	0.636762	0.221978	0.0380184	0.263364	0.0269041	0.154265	0.197551	0.858922	0.289205	0.25326	0.20295	0.0387034	0.190591	0.269182	0.206617	0.110641
V19_S9	0.01492	0.0494304	0.03769	0.0866567	0.862248	0.132353	0.0291107	0.0425853	0.0234087	0.0748762	0.932479	0.864489	0.0670268	0.0724031	0.0183885	0.113734	0.0465681	0.0371734	0.013655	0.12792	0.0315756	0.0235704	0.147178	0.898952	0.0231706	0.0396501	0.0495928	0.0266455	0.0376302	0.0256485	0.0425822	0.86606	0.0661961	0.0496457	0.0351151	0.116079	0.25732	0.0725849	0.0412595	0.0924467	0.0540787	0.333517	0.107948	0.0200095	0.0359678	0.0900036	0.0228525	0.0571354	0.0455015	0.0757608	0.0554014	0.0126487	0.901799	0.0628244	0.0772423	0.0315821	0.0306348	0.150512	0.127081	0.0133485	0.138261	0.875995	0.257583	0.0788319	0.0697821	0.0245617	0.907814	0.0381818	0.0431694	0.0145072	0.0560878	0.849418	0.0399084	0.0700874	0.025834	0.0216781	0.587251	0.0157738	0.0382368	0.0877554	0.0425035	0.455517	0.0295603	0.0112486	0.0442894	0.235958	0.0340206	0.0730487	0.0431201	0.0102934	0.0918019	0.0185942	0.0365622	0.0111602	0.87347	0.025899	0.0911007	0.867694	0.0146002	0.0113904	0.0130721	0.014824	0.106389	0.0233358	0.857008	0.885646	0.0182	0.0438212	0.117407	0.912535	0.0370334	0.0302705	0.0426406	0.0549651	0.100857	0.888834	0.0503073	0.0368949	0.0521198	0.0775687	0.0744921	0.0371457	0.0816575	0.901622	0.0507982	0.0181215	0.0374064	0.0386714	0.0643655	0.00599289	0.916252	0.0092786	0.608969	0.0258347	0.0166586	0.0612011	0.00867046	0.037312	0.0774575	0.91181	0.0429194	0.0168186	0.0461011	0.0387454	0.0476493	0.24536	0.0907741	0.00597703
V20_S1	0.0313703	0.111558	0.107421	0.126874	0.867476	0.178954	0.0973401	0.0896578	0.116	0.108823	0.921415	0.893571	0.128044	0.148203	0.140134	0.144986	0.113109	0.073772	0.0434771	0.249945	0.0656169	0.1113	0.211159	0.907476	0.116345	0.0968678	0.0692549	0.1001	0.074055	0.109238	0.0802489	0.882178	0.13853	0.127082	0.117025	0.0485407	0.325989	0.149727	0.092216	0.144183	0.0803915	0.321864	0.177878	0.0976848	0.088363	0.121647	0.117379	0.0736659	0.0608524	0.108823	0.109997	0.0952832	0.906986	0.11188	0.0941373	0.137821	0.181612	0.177767	0.250972	0.178063	0.174506	0.884353	0.323313	0.0950757	0.104205	0.100642	0.895894	0.112554	0.058252	0.0292341	0.0892779	0.858838	0.0469736	0.109598	0.0802679	0.0941655	0.609315	0.0165804	0.0629238	0.147894	0.0573205	0.460455	0.0596496	0.0817751	0.120046	0.306627	0.0911945	0.0804338	0.0788074	0.0315514	0.15646	0.150754	0.0959083	0.0865178	0.912688	0.0246152	0.157524	0.88944	0.0133986	0.111088	0.0969757	0.0130827	0.0364658	0.116872	0.860027	0.879125	0.023097	0.0496426	0.147707	0.913328	0.0725894	0.100593	0.0883476	0.082003	0.282984	0.909844	0.0633083	0.104297	0.0918882	0.110383	0.100528	0.0949545	0.152028	0.894745	0.115712	0.00926622	0.0812107	0.0649799	0.117083	0.00609684	0.918997	0.0381074	0.677553	0.0463792	0.0515701	0.174567	0.0221406	0.0669623	0.105874	0.922022	0.0724136	0.0904468	0.14426	0.116715	0.0941728	0.25674	0.110165	0.00635637
V20_S10	0.0296068	0.0679623	0.0302542	0.593289	0.819692	0.138149	0.0473546	0.0608537	0.0280835	0.0740498	0.92565	0.912969	0.114852	0.0684386	0.031827	0.188347	0.0557849	0.0301884	0.0144024	0.139297	0.037938	0.0103953	0.13899	0.896285	0.0288663	0.0776864	0.063884	0.0411533	0.0418614	0.07205	0.0525718	0.883887	0.11959	0.0404115	0.100848	0.626355	0.402385	0.06768	0.0352447	0.0798824	0.0852614	0.404863	0.0796966	0.0564398	0.0838442	0.271487	0.0275597	0.0673919	0.0587992	0.0741004	0.0675679	0.0254881	0.902791	0.0822378	0.0860782	0.0860468	0.043276	0.16701	0.13995	0.0286242	0.107652	0.65533	0.400923	0.0754877	0.0647377	0.0303139	0.890143	0.0331638	0.061518	0.0281651	0.0638333	0.8059	0.0590823	0.0741013	0.0389729	0.0476685	0.597304	0.0302671	0.0591336	0.161397	0.0617237	0.475757	0.0331813	0.0204503	0.0857006	0.257921	0.0808981	0.0855708	0.0424189	0.0742728	0.0931836	0.0267414	0.0470213	0.022056	0.894663	0.0390467	0.093674	0.888154	0.042914	0.0189478	0.0247207	0.0467844	0.329841	0.0279352	0.63346	0.885665	0.00947087	0.0512689	0.180308	0.919803	0.0320653	0.0455625	0.051462	0.0850393	0.190945	0.717247	0.0411318	0.0520327	0.0563704	0.0738276	0.0992828	0.0869361	0.0442705	0.828353	0.0675565	0.0210016	0.098944	0.0198075	0.0451507	0.0179014	0.926582	0.00720917	0.558839	0.0218007	0.0461555	0.0614097	0.0216685	0.0322383	0.0884714	0.812648	0.128705	0.0251607	0.0506388	0.0377396	0.0406486	0.178245	0.110177	0.0187089
V20_S11	0.011248	0.0454831	0.053279	0.0904021	0.869313	0.112939	0.0273129	0.0460714	0.0214233	0.062613	0.92033	0.891786	0.0570655	0.0701829	0.00827769	0.110158	0.0408461	0.025365	0.0187276	0.11175	0.0308151	0.00644161	0.156247	0.906473	0.0221626	0.0443054	0.0489599	0.0283607	0.0373096	0.0206486	0.0423575	0.875101	0.0608198	0.0417968	0.0331836	0.0807533	0.260463	0.0716046	0.0403337	0.100328	0.0476567	0.339213	0.0887647	0.015786	0.0434856	0.0861746	0.021966	0.0469603	0.0373633	0.074739	0.0555016	0.0094853	0.867342	0.0541827	0.0778629	0.0229534	0.0267613	0.124707	0.106311	0.00687038	0.117097	0.870206	0.260856	0.0796417	0.0677603	0.0220612	0.910265	0.0429365	0.0446214	0.0115282	0.056329	0.826375	0.0319798	0.0629875	0.0220029	0.0273116	0.590148	0.0134259	0.0270414	0.0899621	0.044484	0.453406	0.0270339	0.00872366	0.023911	0.229218	0.0204755	0.0594426	0.0400284	0.00853642	0.0917132	0.00426899	0.0497359	0.00841788	0.899573	0.0255487	0.0909722	0.875092	0.0178686	0.0117256	0.00849894	0.0127262	0.144999	0.0215721	0.849792	0.870668	0.0172049	0.0381342	0.112251	0.914133	0.0374434	0.0277173	0.0419005	0.047933	0.184989	0.912539	0.0467798	0.0293988	0.0526232	0.101657	0.0662711	0.0296661	0.0666836	0.899481	0.0441301	0.0172375	0.0255335	0.0310821	0.0738633	0.00722315	0.923174	0.0100386	0.661752	0.0200162	0.0124303	0.0430478	0.00990617	0.038302	0.0709964	0.928001	0.0181202	0.0126597	0.048195	0.0241034	0.0456349	0.221634	0.0801313	0.00696133
V20_S12	0.0231585	0.0684785	0.0708759	0.13278	0.879046	0.163889	0.0355985	0.0462139	0.0352611	0.0844521	0.948399	0.916234	0.0927924	0.0863991	0.0280777	0.120542	0.0709547	0.0410254	0.0159316	0.109748	0.049452	0.0214742	0.20385	0.905736	0.0346186	0.0491895	0.0616455	0.0369883	0.0415118	0.0338103	0.0549678	0.887867	0.0906448	0.0559365	0.0441003	0.165168	0.217133	0.0869343	0.050493	0.113636	0.0670264	0.359332	0.126608	0.0223195	0.0469902	0.112106	0.0359537	0.0647589	0.0611302	0.0879517	0.0663549	0.0213869	0.880504	0.0774167	0.0969693	0.0414092	0.0713386	0.14442	0.105921	0.01864	0.111825	0.882919	0.218268	0.0860738	0.0887782	0.0341838	0.91562	0.0600904	0.0579291	0.0191162	0.0699483	0.88087	0.0450514	0.082436	0.030849	0.0313494	0.527932	0.0256702	0.0449579	0.130947	0.057588	0.401511	0.053417	0.0227856	0.058519	0.243773	0.043037	0.0835786	0.0552016	0.0166012	0.122193	0.0413467	0.0579649	0.0224788	0.90805	0.0299199	0.121405	0.894582	0.0219808	0.0157357	0.0209645	0.0267945	0.188263	0.0361675	0.873042	0.905212	0.0171269	0.0548213	0.11196	0.925161	0.0580622	0.0419837	0.054827	0.066837	0.110776	0.892525	0.0581255	0.0549446	0.0581509	0.0834278	0.0827571	0.0449098	0.0728972	0.916942	0.0671958	0.0115699	0.0521656	0.037118	0.086818	0.0134844	0.939845	0.0196908	0.736944	0.0479368	0.01586	0.0649721	0.0231916	0.0586704	0.0792695	0.919493	0.0550702	0.0255473	0.0574122	0.0421655	0.0618767	0.285556	0.10606	0.013053
V20_S2	0.00813173	0.241332	0.264244	0.337225	0.721174	0.426574	0.324343	0.0639126	0.336837	0.175907	0.904585	0.886188	0.405182	0.0644891	0.018686	0.274709	0.0609651	0.364116	0.042936	0.336082	0.342398	0.00801193	0.230592	0.892505	0.336718	0.491523	0.209491	0.0661388	0.103325	0.0136897	0.111637	0.857248	0.0599136	0.192743	0.29171	0.0577131	0.480572	0.0641202	0.410457	0.26071	0.203079	0.535599	0.356036	0.111157	0.0548202	0.432493	0.336354	0.241622	0.180374	0.228882	0.101885	0.17214	0.840647	0.301561	0.245466	0.615295	0.0228374	0.27625	0.331649	0.398945	0.292803	0.737865	0.479247	0.104564	0.261277	0.0478165	0.840262	0.36837	0.299573	0.0084661	0.317379	0.646145	0.0335523	0.354524	0.29215	0.133828	0.695331	0.00586851	0.317086	0.210317	0.297682	0.540041	0.376667	0.0981401	0.364921	0.488422	0.058415	0.22632	0.132525	0.00760704	0.388581	0.195776	0.359002	0.095599	0.813334	0.0254054	0.386304	0.890877	0.0132399	0.357	0.172256	0.0100633	0.10614	0.336769	0.756873	0.892119	0.0142523	0.0349943	0.270281	0.904805	0.228063	0.421068	0.138005	0.202981	0.517412	0.893586	0.30758	0.485504	0.358064	0.263007	0.154447	0.478088	0.46058	0.794025	0.237727	0.00723049	0.429162	0.172912	0.060268	0.0055727	0.924264	0.00950852	0.508652	0.37586	0.009343	0.399827	0.0161194	0.234545	0.0908921	0.889818	0.339557	0.00837314	0.232636	0.0228174	0.236996	0.348763	0.407304	0.00578413
V20_S3	0.0141481	0.0618555	0.0435917	0.078652	0.881943	0.128394	0.0246219	0.0492351	0.0316279	0.0676066	0.937825	0.889894	0.0603359	0.0718351	0.0270992	0.0965914	0.0635536	0.0439894	0.0270338	0.122391	0.0269021	0.0195912	0.134095	0.90016	0.0298123	0.0356546	0.047443	0.031664	0.0417169	0.0340636	0.041963	0.885979	0.0607336	0.0440376	0.0302077	0.0818155	0.311509	0.072579	0.0511862	0.0938615	0.0451291	0.309322	0.128661	0.0187386	0.0379853	0.0726694	0.0320235	0.0462085	0.0400536	0.0862556	0.0475502	0.0165026	0.862246	0.0554951	0.0755507	0.0282077	0.0554296	0.124801	0.125777	0.015653	0.137615	0.888514	0.310364	0.079255	0.0782572	0.0224013	0.904991	0.0454022	0.0384481	0.0138218	0.0536906	0.870115	0.0307277	0.0672053	0.0241765	0.0286134	0.582946	0.00973888	0.0204501	0.120911	0.0404814	0.485005	0.02793	0.0141998	0.0376973	0.258634	0.0286957	0.0620734	0.0311998	0.0127895	0.101425	0.00856535	0.0483687	0.0156099	0.88627	0.020441	0.0999862	0.881283	0.0181806	0.0195541	0.0164669	0.00870311	0.0591838	0.0306724	0.859004	0.876155	0.0178615	0.0341615	0.0903196	0.917821	0.0479173	0.0319691	0.0528	0.0451985	0.430968	0.898459	0.0548161	0.0353839	0.037924	0.0727415	0.0680105	0.0343803	0.0400383	0.914341	0.0635677	0.00810599	0.0224256	0.0389866	0.0464708	0.00900843	0.925769	0.0255775	0.705959	0.0462098	0.0135276	0.0484873	0.00868841	0.0473791	0.0573475	0.925344	0.0349262	0.0131637	0.0462193	0.036777	0.0456071	0.260668	0.0924417	0.00967926
V20_S4	0.0659458	0.150989	0.100099	0.284082	0.869205	0.216782	0.0545218	0.128976	0.106117	0.133904	0.950626	0.904343	0.161916	0.131443	0.126821	0.201622	0.116895	0.0599929	0.0643109	0.227931	0.0919306	0.0887356	0.216426	0.904754	0.110404	0.149488	0.139052	0.076908	0.0998499	0.0893893	0.0883345	0.903471	0.177731	0.12878	0.135162	0.345384	0.363152	0.130901	0.111408	0.152525	0.120606	0.404894	0.182236	0.101852	0.068041	0.180309	0.108693	0.0987539	0.127016	0.132155	0.110997	0.109841	0.912094	0.129759	0.135352	0.214794	0.282883	0.189652	0.2237	0.126882	0.218275	0.872751	0.362413	0.126273	0.12628	0.0817457	0.914192	0.108737	0.101448	0.065915	0.103032	0.861092	0.110121	0.142893	0.10537	0.0752217	0.601243	0.0223674	0.130877	0.131793	0.102081	0.51713	0.0822337	0.0597685	0.152411	0.310993	0.131257	0.141102	0.0923676	0.054058	0.157346	0.0802058	0.107594	0.0626463	0.903012	0.0471565	0.159803	0.899142	0.103867	0.126568	0.102539	0.0366268	0.0608032	0.1098	0.838341	0.89469	0.0187144	0.105228	0.193637	0.931948	0.0839299	0.100008	0.099216	0.120786	0.210319	0.886814	0.0750947	0.124303	0.102028	0.120234	0.155985	0.0939984	0.190634	0.894216	0.148631	0.0154489	0.181574	0.0657616	0.0587169	0.0713763	0.921814	0.00875091	0.646285	0.0930566	0.0719829	0.13061	0.0158017	0.085514	0.12997	0.898848	0.144621	0.0816881	0.101074	0.111594	0.118991	0.298372	0.141841	0.0680653
V20_S5	0.0095661	0.177909	0.14859	0.179247	0.817333	0.256177	0.1453	0.0872962	0.701103	0.212973	0.927873	0.876309	0.164253	0.186184	0.32175	0.187057	0.252391	0.13348	0.24684	0.35259	0.162687	0.237975	0.23889	0.886807	0.698413	0.177248	0.190784	0.216554	0.14533	0.319792	0.167429	0.84954	0.248247	0.21248	0.207106	0.132883	0.333241	0.183686	0.242197	0.206128	0.128783	0.29123	0.363525	0.226655	0.18068	0.189822	0.699606	0.10828	0.186632	0.194237	0.15633	0.297489	0.892772	0.168864	0.169727	0.35905	0.509003	0.186607	0.344255	0.23937	0.247917	0.829343	0.3328	0.16171	0.177047	0.216732	0.896932	0.285802	0.160904	0.00886948	0.106147	0.810719	0.0884553	0.225322	0.192313	0.153742	0.598033	0.483068	0.180355	0.129156	0.157806	0.40363	0.106481	0.110331	0.26523	0.317126	0.140962	0.10944	0.120896	0.156814	0.279713	0.0992113	0.200521	0.11201	0.866498	0.0304183	0.274489	0.861307	0.192476	0.222029	0.300004	0.215764	0.0915182	0.702046	0.812562	0.897162	0.0151015	0.0349301	0.183709	0.911881	0.139867	0.154649	0.114357	0.129257	0.275442	0.847123	0.122759	0.165146	0.153044	0.161511	0.236339	0.19278	0.273305	0.884961	0.177306	0.00592964	0.234972	0.154673	0.201579	0.0069222	0.910996	0.209075	0.668528	0.0858524	0.0663814	0.246238	0.0150472	0.140536	0.144199	0.901195	0.234083	0.15528	0.268439	0.306944	0.143195	0.27602	0.209904	0.00719649
V20_S6	0.20692	0.355969	0.185485	0.0812639	0.761449	0.369374	0.345713	0.252803	0.403036	0.299529	0.932688	0.886873	0.383137	0.356876	0.309778	0.236372	0.292415	0.228912	0.25071	0.503618	0.231738	0.440311	0.341925	0.899181	0.403061	0.345485	0.379217	0.330869	0.126615	0.435453	0.231659	0.890971	0.345631	0.320355	0.258608	0.0723449	0.445339	0.353487	0.330396	0.247455	0.156497	0.331233	0.419756	0.275359	0.379821	0.3314	0.404936	0.189891	0.249099	0.273989	0.229191	0.326782	0.890497	0.104501	0.266902	0.532124	0.596887	0.253706	0.509466	0.41456	0.298445	0.853868	0.445542	0.25091	0.320447	0.337272	0.899174	0.328183	0.237299	0.216442	0.261798	0.72585	0.273942	0.357813	0.332564	0.381281	0.613986	0.64007	0.328439	0.274177	0.232464	0.535723	0.291328	0.379092	0.469209	0.434956	0.187184	0.250184	0.286604	0.133367	0.297334	0.0707006	0.337466	0.37856	0.841325	0.0213807	0.300474	0.880474	0.187176	0.42369	0.327432	0.0114868	0.0722467	0.403027	0.75436	0.852803	0.0177164	0.263699	0.260956	0.918819	0.248185	0.387293	0.247182	0.158277	0.383449	0.863729	0.224798	0.426277	0.413643	0.211417	0.296215	0.294661	0.431928	0.873297	0.367543	0.0121924	0.406083	0.235621	0.0587685	0.212918	0.917884	0.17931	0.563288	0.297532	0.20099	0.366563	0.0135743	0.250852	0.22393	0.888189	0.363843	0.258864	0.456518	0.326072	0.257766	0.314091	0.424022	0.217869
V20_S7	0.00652396	0.0589395	0.0443613	0.0513786	0.856655	0.128567	0.0354664	0.0395577	0.043893	0.0701696	0.938612	0.880115	0.0611272	0.0705661	0.023973	0.0957016	0.0589824	0.0451199	0.0262014	0.131886	0.0352208	0.0240607	0.168414	0.904552	0.0434833	0.0417028	0.0475022	0.030802	0.0373126	0.0207068	0.0393847	0.833819	0.0688954	0.0418167	0.0320483	0.0550634	0.20381	0.0708263	0.0401808	0.0962738	0.0462915	0.331841	0.125816	0.00965563	0.0335962	0.0586448	0.0429495	0.0457905	0.0387144	0.0710551	0.0466321	0.0344802	0.873597	0.0515471	0.0722811	0.0152952	0.0525761	0.139005	0.131579	0.0197646	0.12246	0.880871	0.202416	0.0725785	0.0670132	0.0349857	0.902831	0.0425383	0.0454027	0.00665909	0.052856	0.860485	0.0298998	0.0665247	0.0342992	0.0174231	0.549126	0.00940648	0.0347436	0.0850431	0.0465218	0.395767	0.0323595	0.0264988	0.0641048	0.233383	0.0196775	0.0614257	0.0385529	0.00660874	0.100318	0.0477538	0.0439355	0.0263859	0.869734	0.0266922	0.0988675	0.866658	0.0115356	0.0263188	0.0345114	0.00732144	0.037953	0.041895	0.882696	0.894713	0.0192241	0.0215407	0.0954436	0.906838	0.0446339	0.0260709	0.0449723	0.046462	0.158994	0.913022	0.058572	0.0352742	0.0499637	0.0667292	0.0679486	0.0292673	0.0447212	0.89347	0.0600796	0.00915877	0.0411622	0.0355816	0.0457369	0.0138363	0.918016	0.0167817	0.706994	0.0412723	0.00610613	0.0485017	0.00374485	0.0442363	0.0604424	0.919189	0.018372	0.0232767	0.0504355	0.0478919	0.0474837	0.303225	0.0821737	0.0119663
V20_S8	0.0163409	0.0600864	0.0363305	0.0968907	0.882092	0.129799	0.0217014	0.0366968	0.0342718	0.0707356	0.94305	0.883339	0.0666691	0.0625929	0.0357423	0.104583	0.0681493	0.0478258	0.0192769	0.102158	0.038942	0.0398834	0.177725	0.903317	0.0362561	0.0524202	0.0649341	0.0398566	0.0427056	0.0116258	0.051791	0.886961	0.0743368	0.0502426	0.0238047	0.0689535	0.226327	0.063248	0.0531726	0.0936986	0.0474482	0.292314	0.107843	0.0178838	0.0445319	0.0669504	0.0333474	0.0486304	0.0410156	0.0722015	0.0622558	0.0311191	0.907357	0.0583492	0.0786407	0.0370174	0.0696013	0.11741	0.103562	0.0406041	0.124891	0.852131	0.226342	0.0670882	0.0850001	0.0320358	0.895987	0.0715294	0.0416826	0.0140432	0.0468748	0.867247	0.0339619	0.0695337	0.0257377	0.0367818	0.518684	0.00988054	0.0413845	0.0748096	0.042106	0.423548	0.0286593	0.00743879	0.0663705	0.20423	0.0322649	0.0510894	0.0450602	0.00675281	0.11381	0.013708	0.0399563	0.00801728	0.893794	0.0247146	0.114636	0.898691	0.00910756	0.0266623	0.0303069	0.0164286	0.065976	0.0354043	0.849169	0.888626	0.014112	0.0349472	0.0984687	0.904234	0.0435873	0.0336099	0.049545	0.0475777	0.0966718	0.915621	0.0725296	0.0410235	0.0577794	0.0756085	0.0687358	0.0496931	0.0534164	0.915931	0.0592034	0.0103925	0.0338507	0.0565706	0.0445723	0.0275449	0.925542	0.0102091	0.733314	0.0448229	0.00894914	0.0609289	0.00868655	0.0453441	0.0720512	0.917653	0.0517341	0.0174802	0.0483243	0.0341039	0.0519058	0.225463	0.0705344	0.0280926
V20_S9	0.0272349	0.0757818	0.0502733	0.32437	0.818097	0.143942	0.0471383	0.05808	0.0306089	0.078456	0.93216	0.88743	0.0948925	0.0737793	0.0295204	0.141781	0.0492925	0.0387963	0.0195955	0.115339	0.0375696	0.0156267	0.144528	0.894444	0.030308	0.0647553	0.0686176	0.0377362	0.0432915	0.0729831	0.0522143	0.898089	0.102568	0.0418353	0.0774756	0.41673	0.415759	0.0737235	0.0526308	0.0934473	0.0778023	0.284254	0.111052	0.0419282	0.0592837	0.146585	0.0288138	0.0699968	0.0651682	0.0788103	0.061565	0.0264727	0.898425	0.0795454	0.0845774	0.0721649	0.0476524	0.134825	0.119495	0.0234362	0.123037	0.842724	0.415841	0.0827584	0.0711143	0.0330608	0.889876	0.0408512	0.0563543	0.0279314	0.0773659	0.846117	0.0585768	0.0748009	0.0347715	0.0511735	0.526672	0.0285515	0.0589256	0.166567	0.054498	0.381489	0.0287057	0.0236255	0.0944615	0.284068	0.0673486	0.0903138	0.0457511	0.0533519	0.113822	0.0727121	0.0464014	0.022951	0.901729	0.0420548	0.114522	0.891409	0.0349518	0.0179016	0.0245997	0.0361297	0.306	0.0299367	0.782364	0.877709	0.0139906	0.0536661	0.154241	0.905155	0.0473376	0.042673	0.0512947	0.0775884	0.140602	0.838772	0.0457029	0.0474546	0.0636841	0.0703611	0.0930853	0.0531212	0.0570594	0.893964	0.078418	0.0185247	0.075443	0.0355728	0.0709603	0.0134484	0.915567	0.0225567	0.656671	0.0376538	0.040204	0.0675036	0.0361597	0.046905	0.088948	0.888469	0.0997088	0.0281212	0.0479989	0.0434363	0.049275	0.188616	0.109166	0.0136773
V21_S11	0.496833	0.583611	0.610595	0.455124	0.655694	0.395049	0.0231073	0.328892	0.513951	0.443244	0.924682	0.90073	0.514542	0.117439	0.0888766	0.261847	0.130069	0.613435	0.0450533	0.560757	0.320613	0.738783	0.334741	0.652611	0.514277	0.522948	0.335195	0.0580513	0.0365142	0.369057	0.144158	0.848014	0.0386757	0.371105	0.0414159	0.127839	0.583894	0.116994	0.321284	0.384602	0.258986	0.614926	0.55027	0.440007	0.0256969	0.555703	0.513248	0.30796	0.130816	0.255298	0.205768	0.540966	0.861351	0.0431368	0.29176	0.466531	0.555639	0.266974	0.560599	0.642236	0.534678	0.774603	0.583192	0.0903534	0.0370504	0.152608	0.817358	0.648548	0.327167	0.497959	0.277073	0.681675	0.0925001	0.410514	0.0782778	0.294569	0.717156	0.0114609	0.0215719	0.492401	0.328151	0.682271	0.540848	0.546074	0.478185	0.509579	0.0880375	0.278811	0.454718	0.122702	0.533533	0.667056	0.554744	0.542924	0.662581	0.0248344	0.536847	0.880267	0.0153965	0.0887932	0.541813	0.0120562	0.106515	0.512665	0.716131	0.883445	0.0146304	0.110841	0.268387	0.770198	0.16458	0.640285	0.331252	0.259256	0.550633	0.903007	0.555956	0.429483	0.585898	0.299754	0.287317	0.538136	0.641694	0.842881	0.58075	0.0137563	0.609495	0.0316748	0.179415	0.293824	0.90999	0.321824	0.44588	0.615092	0.478429	0.0280793	0.0233938	0.163518	0.274333	0.747698	0.458032	0.215744	0.56549	0.148527	0.483602	0.414679	0.612863	0.294713
V21_S12	0.0216959	0.0598225	0.0791207	0.0872442	0.886005	0.139945	0.026233	0.0415473	0.047737	0.0853202	0.960857	0.899643	0.0837728	0.0758758	0.0535472	0.126332	0.0486273	0.0435019	0.0176619	0.150623	0.0432365	0.033562	0.19999	0.917463	0.0461216	0.0671511	0.0566566	0.0379184	0.0471476	0.023116	0.0450254	0.914311	0.0716952	0.0587797	0.0295909	0.0688432	0.268961	0.0755599	0.0551321	0.101757	0.0588807	0.399829	0.115112	0.0280174	0.0395189	0.0869078	0.0469946	0.0574034	0.0558958	0.0919759	0.0591177	0.0410513	0.922667	0.0607318	0.0815904	0.040791	0.0752449	0.140852	0.156149	0.0329704	0.155375	0.883148	0.268449	0.082924	0.0811954	0.0342635	0.931671	0.0592426	0.0477401	0.0184299	0.0599645	0.878173	0.044163	0.0857303	0.0247662	0.0317495	0.62809	0.0128341	0.0271834	0.136797	0.0482841	0.511742	0.0382055	0.0224688	0.0653026	0.250984	0.0255025	0.0637091	0.0500172	0.0147253	0.117694	0.0453679	0.055973	0.0214493	0.929203	0.0287553	0.117546	0.906062	0.0192095	0.0467047	0.041943	0.0120372	0.0611856	0.0463753	0.886584	0.919942	0.0297333	0.0513552	0.128925	0.93476	0.050571	0.0500951	0.0699485	0.0590942	0.183324	0.92623	0.0572355	0.0436682	0.0736631	0.0901413	0.0884593	0.0455515	0.0587393	0.927724	0.0643026	0.0123422	0.0528367	0.0381782	0.0752997	0.00932466	0.935662	0.0184199	0.760868	0.0634497	0.021168	0.0263889	0.00821275	0.0502731	0.0786224	0.941325	0.0512506	0.0163531	0.0694745	0.0517685	0.0579263	0.296028	0.11345	0.00876755
V21_S13	0.137887	0.148412	0.181748	0.422205	0.80307	0.285566	0.0464693	0.0580755	0.139789	0.150922	0.915407	0.904502	0.140974	0.164712	0.0721531	0.235929	0.0491059	0.113583	0.0047323	0.282592	0.114976	0.207063	0.239039	0.902865	0.141257	0.201134	0.17204	0.037155	0.131157	0.0543897	0.179907	0.868685	0.107237	0.14116	0.115992	0.41034	0.456659	0.164723	0.221638	0.209322	0.156587	0.495396	0.403751	0.164341	0.163185	0.270762	0.139233	0.181024	0.156885	0.129406	0.0571195	0.138446	0.865126	0.152111	0.172783	0.278263	0.244962	0.237222	0.285186	0.168778	0.273925	0.82906	0.456495	0.108173	0.212203	0.0996296	0.890244	0.176164	0.0966378	0.132617	0.152198	0.81103	0.0618613	0.232529	0.0307425	0.164019	0.624087	0.361563	0.0427787	0.224956	0.0975302	0.540603	0.149974	0.155692	0.272824	0.349897	0.135549	0.143596	0.133383	0.0428489	0.244289	0.236642	0.143812	0.155046	0.894121	0.0340362	0.24685	0.897296	0.0348427	0.0926299	0.137674	0.0293516	0.415909	0.139173	0.815631	0.898477	0.0145981	0.0554703	0.231125	0.913572	0.130024	0.185929	0.115025	0.157574	0.339522	0.846851	0.129172	0.228382	0.139577	0.105662	0.230898	0.225944	0.206591	0.873173	0.146655	0.00706453	0.225958	0.0251211	0.161626	0.0805269	0.922106	0.00641058	0.575001	0.132754	0.11034	0.0460133	0.0241273	0.130274	0.149523	0.859156	0.252107	0.0648074	0.256202	0.278418	0.128053	0.294499	0.185325	0.0811337
V21_S14	0.0230896	0.0762116	0.103515	0.0899866	0.892303	0.164515	0.0502448	0.0785419	0.0563069	0.0916955	0.955712	0.89492	0.0951426	0.072502	0.0331332	0.0999731	0.0732593	0.0691139	0.0286236	0.140873	0.0565802	0.0385217	0.151337	0.921244	0.0568637	0.0620898	0.0807108	0.0451503	0.0407843	0.0219313	0.0655305	0.90211	0.105437	0.0667251	0.0320343	0.0759322	0.325792	0.0724367	0.0746701	0.14957	0.0568155	0.332098	0.15055	0.0158126	0.0530697	0.081667	0.0550258	0.078198	0.0663706	0.101507	0.066119	0.0226611	0.898213	0.0776135	0.107243	0.0509437	0.0733596	0.160263	0.136573	0.0405972	0.23906	0.918719	0.325617	0.0885756	0.121037	0.0366929	0.918915	0.0836011	0.0723053	0.0203352	0.0744751	0.864574	0.0424001	0.100226	0.0279503	0.0508355	0.59443	0.0500067	0.0349507	0.106686	0.0698338	0.5043	0.0361754	0.0216659	0.0778385	0.286427	0.0445292	0.0861485	0.0546876	0.0105275	0.186255	0.0231641	0.116659	0.0205681	0.920157	0.0355431	0.184222	0.90743	0.00670842	0.0384925	0.0232069	0.00855604	0.1501	0.0564401	0.870074	0.907755	0.0198874	0.0538413	0.101745	0.934101	0.0649155	0.0448146	0.0585225	0.0575906	0.210829	0.930114	0.0905546	0.0671929	0.077595	0.13901	0.0998586	0.0424898	0.0481671	0.925203	0.0788664	0.00300663	0.0352951	0.0446919	0.142513	0.022666	0.940376	0.021677	0.663491	0.0568842	0.0146626	0.0565343	0.00763344	0.0629391	0.0858032	0.940913	0.0551004	0.0210642	0.0845527	0.0427918	0.064262	0.289651	0.0790983	0.0212751
V21_S15	0.0378798	0.104584	0.0839762	0.172686	0.871194	0.183918	0.0309422	0.0785369	0.0771056	0.0965544	0.942471	0.905952	0.137036	0.0903023	0.116073	0.170994	0.0997299	0.0697283	0.0159569	0.218328	0.0749829	0.109142	0.225673	0.917654	0.0735368	0.0998095	0.135068	0.0493273	0.0670457	0.0396722	0.0862787	0.886594	0.0944573	0.0812442	0.0641117	0.156841	0.376859	0.0905427	0.0825793	0.14345	0.0928336	0.385245	0.217695	0.105268	0.0517021	0.125852	0.0743207	0.0858848	0.091867	0.106758	0.0834055	0.0864473	0.893705	0.0947014	0.113096	0.120684	0.115495	0.200496	0.212096	0.100598	0.150704	0.891069	0.377869	0.0919644	0.0978041	0.0537474	0.913211	0.100168	0.0484409	0.0406518	0.105308	0.878298	0.0569288	0.119944	0.0359181	0.0505093	0.594389	0.0137152	0.0374149	0.167941	0.0482272	0.499231	0.0682757	0.0800462	0.106198	0.265283	0.0794952	0.0940267	0.0977531	0.0593601	0.120737	0.133827	0.0898591	0.0803383	0.92221	0.028474	0.122359	0.897558	0.0208775	0.053888	0.0838087	0.024846	0.0759088	0.0750904	0.851126	0.911552	0.0191971	0.0610906	0.17244	0.921414	0.0800621	0.123134	0.0833671	0.0924626	0.129864	0.905528	0.0913367	0.12236	0.104386	0.121489	0.124468	0.102708	0.163978	0.908181	0.101492	0.0140001	0.111339	0.0627544	0.0880624	0.00965439	0.939163	0.0326367	0.705698	0.0655291	0.0529701	0.050479	0.0235319	0.0801798	0.111496	0.923222	0.111275	0.0667384	0.0991964	0.123896	0.0934812	0.280733	0.152676	0.00984221
V23_S1	0.011946	0.0722998	0.0510955	0.0873537	0.859286	0.147999	0.016955	0.0282714	0.0289373	0.0446977	0.944938	0.881993	0.0608343	0.0504716	0.010478	0.0997859	0.010244	0.0151938	0.00384734	0.100101	0.0208366	0.030544	0.117428	0.86521	0.0284863	0.0172075	0.0378429	0.0168665	0.0223032	0.00298757	0.0352615	0.862807	0.0330569	0.0462826	0.0133961	0.0455213	0.184978	0.0507007	0.0322285	0.0917527	0.042476	0.351734	0.0821844	0.00852066	0.0227298	0.0827669	0.0289959	0.0535218	0.0310319	0.0577433	0.0331929	0.04134	0.949197	0.0426421	0.0553755	0.080296	0.073684	0.109392	0.100844	0.0192834	0.0856129	0.847185	0.18466	0.0466327	0.0685803	0.0174281	0.933127	0.055696	0.0220297	0.0108829	0.0482253	0.854844	0.0172843	0.0612548	0.00716934	0.00850539	0.379863	0.00681914	0.0131635	0.0762962	0.0221842	0.284021	0.0390334	0.0552953	0.00823544	0.18611	0.0141965	0.0568704	0.0435696	0.00418219	0.0736913	0.132544	0.0327837	0.0534458	0.896888	0.0209747	0.0726418	0.8746	0.0131196	0.0178898	0.0411849	0.0029785	0.0538849	0.029514	0.895269	0.894672	0.0135943	0.0212932	0.0957639	0.913116	0.0417043	0.0390651	0.0490334	0.0426872	0.103517	0.925874	0.0353863	0.02901	0.0574546	0.077927	0.0611013	0.0442643	0.0271412	0.949096	0.0718035	0.00403411	0.0844296	0.0344586	0.0447019	0.0176703	0.883256	0.00406679	0.669145	0.0197461	0.00588541	0.017721	0.00197234	0.0390398	0.0566115	0.902792	0.0354328	0.00339604	0.0569441	0.0294211	0.0325668	0.214046	0.0594083	0.0180731
V23_S3	0.0104773	0.0370316	0.034905	0.040298	0.899859	0.10921	0.0162429	0.0350147	0.0157625	0.0495001	0.955817	0.900018	0.0477189	0.049142	0.00953044	0.0674673	0.0215314	0.0390583	0.015278	0.0755031	0.0268702	0.0150309	0.0775929	0.900615	0.015956	0.0312936	0.0290863	0.0218632	0.0332769	0.011757	0.0259175	0.891354	0.0337931	0.0379525	0.0113048	0.0393478	0.119085	0.0493994	0.0369605	0.0654273	0.0345598	0.178908	0.0937921	0.010838	0.0292582	0.0609026	0.015821	0.0379106	0.0297113	0.0583328	0.0338498	0.0110424	0.900523	0.0365296	0.0559017	0.0143689	0.0287	0.0652207	0.0741731	0.00962698	0.0830106	0.906958	0.118741	0.0541277	0.0513666	0.0154182	0.94937	0.0357965	0.0263195	0.0100857	0.0301292	0.888881	0.0248089	0.0425877	0.0158406	0.0197615	0.322892	0.00645004	0.0159369	0.0614083	0.0258404	0.314731	0.0584872	0.0106178	0.0144944	0.16684	0.0175489	0.0444508	0.0295635	0.00501391	0.0833458	0.00722498	0.0304006	0.010458	0.894083	0.0134666	0.0837641	0.877541	0.0135823	0.00887445	0.0116865	0.00607578	0.0366968	0.0159324	0.88828	0.862494	0.0182691	0.024889	0.0649067	0.91929	0.0324019	0.0250491	0.0459427	0.0347289	0.179525	0.931882	0.030447	0.0250612	0.0307467	0.067631	0.0422711	0.0316324	0.00892249	0.926789	0.037349	0.0139387	0.0144239	0.0210948	0.0588906	0.00641188	0.910668	0.00596654	0.781115	0.021049	0.00716403	0.0308437	0.00583227	0.0317306	0.0470653	0.895483	0.0356725	0.00748704	0.0361376	0.0373887	0.0409169	0.192328	0.0599884	0.00631107
V23_S6	0.00751063	0.0327829	0.034558	0.083133	0.864329	0.103775	0.0270985	0.0388705	0.0202869	0.0525645	0.94835	0.882394	0.0555299	0.0621345	0.0131178	0.0871104	0.027616	0.0375972	0.013083	0.0561633	0.0270803	0.0192106	0.100005	0.903575	0.0201126	0.0367304	0.0328986	0.0234154	0.0327074	0.0161304	0.0334039	0.878204	0.0433161	0.037838	0.0210703	0.0852318	0.165361	0.0624668	0.0295299	0.0736442	0.0438809	0.25266	0.0585669	0.0123916	0.0318396	0.0781619	0.0200651	0.0464016	0.0366014	0.0619737	0.0512583	0.0132983	0.912427	0.0542567	0.0573876	0.0129659	0.022068	0.0835841	0.0560831	0.0114	0.0719019	0.877293	0.16545	0.0520293	0.0464849	0.0215576	0.941882	0.0345231	0.02944	0.00885645	0.0377385	0.858065	0.0296404	0.0562179	0.017161	0.0156828	0.302348	0.0101323	0.020112	0.0859361	0.0304179	0.258373	0.0201984	0.0109242	0.0163646	0.153994	0.0198595	0.046718	0.0329841	0.00924899	0.0614637	0.0204847	0.0327747	0.0108379	0.889065	0.0229765	0.0614733	0.858254	0.0160332	0.0125207	0.013188	0.0110269	0.0535185	0.020405	0.879315	0.866606	0.0177398	0.0299885	0.0894116	0.902527	0.0297486	0.0289302	0.0347728	0.0441729	0.0997493	0.925381	0.0361948	0.0244556	0.0264179	0.0562569	0.0486679	0.0324219	0.0246271	0.910048	0.0321867	0.0129943	0.0160809	0.0317802	0.0459357	0.00736223	0.90256	0.00527512	0.752137	0.0250936	0.0101814	0.0366787	0.00483585	0.0308856	0.0566344	0.901169	0.0345936	0.0110719	0.0358109	0.0451838	0.0368225	0.166677	0.0792788	0.00755254
V23_S7	0.0263789	0.0546578	0.0427063	0.240611	0.859805	0.13649	0.0333178	0.0413672	0.0307714	0.069661	0.958487	0.905361	0.0854129	0.0661616	0.0327391	0.127887	0.0404808	0.0434249	0.0163051	0.0923979	0.0446372	0.0269009	0.120797	0.910424	0.0299985	0.0521571	0.0530108	0.0313296	0.0394993	0.0401806	0.0522416	0.888444	0.0661248	0.0467139	0.0388785	0.163262	0.258926	0.0661752	0.0469117	0.0828372	0.0594908	0.329664	0.110151	0.0271735	0.0626958	0.167965	0.0301415	0.0680329	0.0593053	0.0730656	0.0671277	0.042407	0.894759	0.0661258	0.074377	0.0754932	0.0274764	0.105416	0.0983441	0.0290761	0.0812256	0.836584	0.259679	0.0633077	0.0658959	0.0314853	0.923296	0.0480445	0.0511868	0.0284261	0.0479696	0.845683	0.0423814	0.0708165	0.0231811	0.0387296	0.365704	0.0127126	0.0336838	0.172318	0.0502288	0.30532	0.0382535	0.0158264	0.0574336	0.237483	0.0366695	0.0634189	0.051213	0.0133567	0.0965531	0.071478	0.0529869	0.0154527	0.89663	0.0323241	0.0975933	0.886293	0.0236898	0.0333704	0.0429505	0.0248181	0.212562	0.0308702	0.888048	0.868	0.0218546	0.0447144	0.12794	0.907541	0.0430374	0.0446518	0.0539418	0.0582297	0.185561	0.908967	0.0412989	0.0466307	0.0523376	0.0871839	0.0775945	0.0494661	0.0525057	0.908069	0.0542015	0.0109486	0.0487998	0.0367993	0.0494085	0.0238405	0.906806	0.00624937	0.721334	0.0518138	0.0248411	0.0377836	0.0053372	0.0431458	0.070617	0.877415	0.0859829	0.0334259	0.0637265	0.0340104	0.0430258	0.164942	0.122084	0.0228203
V23_S8	0.00927951	0.037265	0.0397724	0.0803021	0.8669	0.117922	0.0228691	0.0397341	0.0155204	0.0517889	0.943809	0.905	0.0598614	0.055961	0.0108966	0.0978964	0.0208876	0.0428729	0.0134899	0.0839482	0.022785	0.0129001	0.112611	0.897096	0.0159084	0.0364116	0.0328768	0.0182745	0.0265462	0.0164788	0.0337783	0.866323	0.0465264	0.039883	0.0274815	0.0972041	0.175837	0.0566072	0.0271193	0.0707076	0.0409501	0.283829	0.0615781	0.0115879	0.0226412	0.0814103	0.015753	0.0480993	0.0362553	0.0634819	0.0419517	0.0110584	0.895759	0.057265	0.0581086	0.0195826	0.0182513	0.0857443	0.0864142	0.00695106	0.0719627	0.871406	0.176494	0.0552543	0.0490624	0.017962	0.943151	0.0387043	0.029621	0.00967109	0.0427367	0.871919	0.0280174	0.05633	0.0158024	0.0144133	0.32008	0.0109315	0.0254836	0.0982275	0.0293389	0.273627	0.0247975	0.0091113	0.0283451	0.166101	0.0181616	0.0492021	0.0350346	0.00574486	0.0706725	0.00805499	0.0308816	0.00949268	0.907838	0.02574	0.070042	0.881332	0.0117396	0.0112644	0.0113041	0.0105494	0.055695	0.0152781	0.880104	0.859941	0.0144582	0.0262062	0.102828	0.906298	0.0310926	0.0231158	0.0401852	0.0410044	0.16752	0.905529	0.039739	0.0247271	0.0290525	0.0655622	0.0514306	0.0308555	0.0289349	0.901724	0.0372985	0.0147809	0.017412	0.0268801	0.0562628	0.00547664	0.911058	0.00397286	0.738963	0.0215199	0.00828978	0.0334397	0.00655377	0.0318104	0.0524396	0.895953	0.042646	0.00980805	0.0356504	0.029184	0.0336443	0.171761	0.066532	0.00534407
V24_S1	0.0351412	0.0564728	0.0916131	0.162022	0.820075	0.183402	0.0215741	0.0435174	0.0690842	0.0892717	0.952626	0.878927	0.100291	0.072763	0.0319384	0.124848	0.0503946	0.0608127	0.0443118	0.192072	0.059788	0.0630932	0.187105	0.872121	0.0677709	0.108671	0.104967	0.0282318	0.0535136	0.138732	0.0732113	0.872693	0.0645844	0.0692372	0.0403773	0.112708	0.270132	0.0724953	0.0860004	0.129903	0.0798771	0.374302	0.256346	0.0261668	0.0365857	0.143724	0.0693517	0.103573	0.0539149	0.0866719	0.0705047	0.0441638	0.890035	0.0918189	0.106893	0.137597	0.106275	0.137402	0.199111	0.0514702	0.162959	0.868717	0.272324	0.0680964	0.106084	0.0521797	0.914246	0.082872	0.0731277	0.0343821	0.0467075	0.837069	0.0340008	0.108451	0.0229963	0.0470522	0.590911	0.0128155	0.0303985	0.150927	0.0749275	0.487512	0.0743212	0.0139265	0.0923089	0.290946	0.0284995	0.0927471	0.0634396	0.0446028	0.137244	0.109601	0.0923079	0.0140575	0.898551	0.0234027	0.134984	0.881429	0.0187039	0.0552984	0.0435424	0.0137641	0.0803051	0.0693661	0.859903	0.89606	0.0171649	0.033852	0.119843	0.925466	0.0598632	0.0827779	0.0609207	0.0796018	0.147376	0.916346	0.0786727	0.0601967	0.0930072	0.0747385	0.118927	0.0881434	0.102584	0.915341	0.0561329	0.0130032	0.186748	0.0374719	0.119598	0.0283327	0.928854	0.0532257	0.635421	0.0731521	0.0469128	0.0359028	0.00974714	0.0616298	0.0960524	0.914741	0.102245	0.0407805	0.102199	0.0382453	0.0741962	0.275022	0.125151	0.0288963
V24_S2	0.0165935	0.0566881	0.0516146	0.112301	0.882555	0.147625	0.0229454	0.0357048	0.0201045	0.0655007	0.949264	0.907718	0.0658496	0.0650817	0.0201143	0.0881957	0.0520055	0.0288835	0.0167753	0.110901	0.041732	0.0274787	0.121312	0.906	0.0194832	0.0474517	0.0584848	0.0266957	0.0438074	0.0213386	0.04163	0.898375	0.0536105	0.0515148	0.0231069	0.0909996	0.251524	0.0654305	0.0518827	0.0883783	0.0507176	0.257186	0.12718	0.0240786	0.0328429	0.0857084	0.0199683	0.0448929	0.0456977	0.0714373	0.0482348	0.0267411	0.919343	0.048782	0.0715051	0.0282018	0.0573387	0.127772	0.110735	0.0226742	0.110529	0.89346	0.250289	0.0659576	0.0651098	0.0266867	0.9171	0.0476602	0.0389299	0.0168639	0.0461031	0.88756	0.0353493	0.0622561	0.0235593	0.0236482	0.50974	0.0117577	0.031895	0.116014	0.039135	0.404791	0.0345891	0.0192784	0.0332557	0.214065	0.0246684	0.0678531	0.0616996	0.0139604	0.107357	0.031879	0.0453809	0.0189284	0.912899	0.0241355	0.107994	0.902534	0.0144288	0.014938	0.0274093	0.0138159	0.0920691	0.0202312	0.859436	0.910196	0.0142635	0.0354618	0.0949292	0.927152	0.0395678	0.0363977	0.0571401	0.0503866	0.118572	0.906753	0.0464914	0.0403259	0.0522986	0.0809119	0.0699472	0.0425765	0.0363378	0.934248	0.0575508	0.0112631	0.0400934	0.0318865	0.0727919	0.00990719	0.934677	0.0122161	0.739374	0.0487278	0.0236764	0.0444753	0.0074492	0.0398929	0.066163	0.926075	0.0464191	0.0162485	0.0568446	0.046037	0.053595	0.196918	0.0958682	0.00943446
V24_S3	0.019881	0.0480276	0.0514412	0.125482	0.883074	0.146662	0.0255782	0.0574678	0.0319519	0.0740882	0.957039	0.897814	0.0777269	0.0809056	0.0325348	0.142344	0.0628554	0.0369743	0.0285787	0.109874	0.0398097	0.0391252	0.250613	0.914931	0.0307247	0.0448437	0.0524118	0.0380069	0.0456274	0.0472823	0.0520973	0.903031	0.0702881	0.0584215	0.051369	0.121064	0.225281	0.081482	0.0437647	0.108681	0.0596117	0.412619	0.0938694	0.0422814	0.0307654	0.0898655	0.0313639	0.0619143	0.0467149	0.0803611	0.0603262	0.0344685	0.889071	0.0581686	0.0836706	0.0464021	0.0702639	0.174304	0.113146	0.0240858	0.106786	0.905602	0.225154	0.074713	0.0738176	0.0359292	0.922581	0.0471213	0.0431002	0.0195256	0.0591913	0.860327	0.0441015	0.0742865	0.0325488	0.0305451	0.588855	0.0160656	0.0306767	0.0978187	0.0417695	0.468382	0.0427472	0.0138791	0.0571263	0.230236	0.0391934	0.0731821	0.242467	0.0207074	0.0912871	0.017638	0.0525212	0.0143524	0.919344	0.0308083	0.0917683	0.876038	0.0289239	0.0235025	0.0339968	0.0173175	0.0654219	0.0317711	0.87192	0.908281	0.0230153	0.0434898	0.140038	0.937378	0.048278	0.0438694	0.0536523	0.0594702	0.255734	0.926372	0.0467822	0.0429997	0.0591566	0.0778284	0.073096	0.0469979	0.0602033	0.91675	0.0491418	0.0200147	0.0471298	0.0405363	0.0484567	0.0172011	0.929997	0.0104009	0.715537	0.0325866	0.0284565	0.0433347	0.0132181	0.0462385	0.0728899	0.924908	0.0583105	0.0259033	0.0603655	0.0555584	0.053258	0.298337	0.10185	0.0169774
V24_S4	0.09363	0.0793677	0.0366904	0.355065	0.706839	0.214026	0.0595694	0.0937541	0.0437277	0.128212	0.914716	0.891903	0.141541	0.193491	0.0369161	0.115151	0.0312439	0.0350031	0.0216678	0.226339	0.10105	0.017862	0.207932	0.872419	0.0432576	0.151524	0.107563	0.0344626	0.0317826	0.177875	0.0635482	0.88621	0.196217	0.0399706	0.188338	0.256406	0.3184	0.195261	0.0734402	0.0828533	0.134819	0.513184	0.174425	0.060806	0.237133	0.315673	0.0439532	0.0570729	0.0885195	0.104315	0.0809694	0.0299455	0.882881	0.101794	0.192287	0.148899	0.0874009	0.238953	0.224496	0.117369	0.110321	0.800228	0.317751	0.115338	0.117134	0.0459102	0.772794	0.0482131	0.100023	0.0930613	0.169643	0.868088	0.117972	0.0984941	0.0444122	0.0816897	0.355389	0.0164026	0.103149	0.294598	0.0995701	0.467858	0.260665	0.380089	0.146977	0.310429	0.0605516	0.130992	0.0400133	0.215556	0.125352	0.0226488	0.0805402	0.37927	0.847516	0.0342258	0.127154	0.870138	0.0756965	0.0307033	0.0298289	0.157147	0.429644	0.0440007	0.848159	0.88185	0.0183259	0.117403	0.117716	0.820906	0.037824	0.0549674	0.0604337	0.135759	0.361163	0.786396	0.0466603	0.208226	0.126555	0.0787312	0.145557	0.0989348	0.288156	0.891973	0.0791537	0.119135	0.322076	0.0282519	0.0805637	0.0739382	0.904129	0.0136151	0.561358	0.0597792	0.0636662	0.16253	0.0147297	0.0375353	0.148727	0.877511	0.138911	0.0821737	0.0978645	0.0576791	0.0498696	0.169906	0.202336	0.0744673
V24_S8	0.0176247	0.0445064	0.0496024	0.19035	0.873818	0.148188	0.0459372	0.0497041	0.0317187	0.0754046	0.947546	0.899866	0.0793429	0.0741746	0.0298768	0.113785	0.0447298	0.0402437	0.0127074	0.0909445	0.0378853	0.0158933	0.20262	0.901738	0.0319694	0.0609005	0.0580615	0.0371219	0.0381122	0.0322043	0.0519818	0.904375	0.0766882	0.0522598	0.0438619	0.14358	0.302848	0.0733934	0.0456354	0.0886598	0.0604378	0.404467	0.103742	0.0244204	0.0485605	0.130088	0.031702	0.0587912	0.0520634	0.0769597	0.0604557	0.0203584	0.912085	0.0739067	0.0823107	0.0388206	0.0585148	0.144134	0.092555	0.0297659	0.117536	0.841933	0.30331	0.0749964	0.0649292	0.0305083	0.906461	0.0433962	0.049408	0.0164438	0.0567803	0.870267	0.0411871	0.072248	0.0266207	0.0292244	0.494406	0.0373054	0.0538975	0.133884	0.0489	0.409681	0.0383653	0.0252752	0.0344154	0.234907	0.0437228	0.074314	0.047932	0.0129485	0.0969501	0.068017	0.0486347	0.0255849	0.908608	0.0327493	0.0985055	0.882887	0.0226801	0.0244341	0.0209687	0.0209996	0.163224	0.0322861	0.888124	0.902724	0.0196354	0.0416864	0.108749	0.914934	0.0481334	0.0393264	0.0502914	0.0599686	0.181515	0.910361	0.0558165	0.0440766	0.0503058	0.0894119	0.0791668	0.0445894	0.0793137	0.914427	0.0446017	0.0109782	0.0730149	0.0327101	0.0631258	0.00992938	0.928454	0.0123627	0.686627	0.0457287	0.024209	0.0589485	0.010103	0.0487518	0.0925639	0.929	0.0665833	0.0231924	0.0487634	0.0395274	0.0539141	0.252997	0.102476	0.00990442
V25_S1	0.015919	0.0448146	0.0445984	0.171941	0.862868	0.146245	0.0314831	0.043115	0.0236088	0.0626465	0.938277	0.891086	0.0603075	0.0652625	0.0143062	0.121151	0.0393737	0.0284508	0.0135118	0.104053	0.0322283	0.0158016	0.201886	0.888143	0.0239675	0.04497	0.038511	0.0336838	0.0360671	0.0238957	0.0441184	0.893442	0.0529186	0.0452779	0.0377874	0.158409	0.256236	0.0654094	0.0368302	0.0771022	0.0535127	0.337358	0.0798754	0.0202416	0.0567776	0.0967965	0.023672	0.0539767	0.0424126	0.0701769	0.0543848	0.0161359	0.902711	0.0623307	0.074109	0.0265858	0.051749	0.144983	0.105525	0.0124952	0.103843	0.857096	0.256799	0.066411	0.0524015	0.0269003	0.902614	0.0426404	0.0364638	0.0166563	0.048841	0.860172	0.0335916	0.0633929	0.0236415	0.0337815	0.488175	0.0193402	0.0345272	0.126172	0.036658	0.420654	0.0290409	0.0343271	0.0543578	0.208814	0.0331758	0.0673773	0.0482834	0.0175931	0.0674529	0.0189166	0.0345578	0.0333778	0.896982	0.029271	0.0679042	0.891538	0.0194201	0.0141778	0.0163516	0.0200839	0.178253	0.0239004	0.845825	0.887103	0.020709	0.0334457	0.121001	0.921032	0.0399162	0.0324478	0.0425539	0.053405	0.0875427	0.894628	0.0443711	0.0302563	0.0445002	0.0696153	0.0659657	0.0346645	0.0451771	0.908749	0.0455086	0.0142483	0.0416139	0.0291674	0.0533825	0.00934069	0.923864	0.00936981	0.703348	0.0296865	0.0169574	0.0394353	0.0116219	0.0397491	0.0655547	0.913361	0.0472757	0.0182493	0.0524684	0.0339815	0.0434204	0.245433	0.0927859	0.00956848
V25_S10	0.0115194	0.0648592	0.0489047	0.144437	0.86568	0.164456	0.0401745	0.0604504	0.0308994	0.0724222	0.946811	0.90556	0.0704628	0.0636617	0.0135287	0.11113	0.0407217	0.0405881	0.012851	0.122385	0.0498227	0.0238479	0.19598	0.890214	0.0309908	0.0544681	0.0495621	0.0411835	0.0459614	0.0232839	0.0604729	0.873806	0.0946486	0.0509805	0.0353522	0.0891267	0.272383	0.0642488	0.04616	0.0984369	0.0562868	0.343511	0.108725	0.0162811	0.046288	0.0831683	0.0309538	0.0619143	0.0489633	0.0820781	0.0596565	0.0127747	0.881207	0.0792151	0.0848616	0.0339608	0.0484335	0.124542	0.122947	0.0101841	0.123023	0.874129	0.273477	0.0790829	0.0775455	0.0287333	0.900884	0.0537952	0.0544282	0.0111521	0.0547992	0.87286	0.035752	0.0759478	0.0235771	0.0275385	0.552433	0.0141186	0.0553244	0.136613	0.0540988	0.469038	0.0320108	0.0104941	0.0500073	0.193918	0.0364068	0.0744569	0.0442878	0.0116389	0.127018	0.0297206	0.0436979	0.0104582	0.90661	0.035468	0.127019	0.882997	0.0152101	0.0148411	0.0126009	0.0163313	0.099606	0.0318015	0.859437	0.894473	0.0338925	0.035907	0.106978	0.923656	0.0515426	0.0313772	0.0519994	0.056673	0.208992	0.914358	0.060271	0.0367195	0.0494383	0.0816209	0.0684415	0.0376121	0.0397179	0.917465	0.0649097	0.0111095	0.0354739	0.0411989	0.07358	0.0078674	0.93232	0.0210909	0.704516	0.0488275	0.0179958	0.0719375	0.0130581	0.0516101	0.0728376	0.913271	0.0463395	0.0196965	0.0588869	0.0444864	0.0615133	0.250541	0.0990072	0.00772976
V25_S11	0.00895421	0.0486038	0.0401221	0.0568335	0.887496	0.135233	0.0273283	0.0371457	0.0171832	0.0631453	0.949694	0.89708	0.0612415	0.0693451	0.00952842	0.117566	0.0520355	0.0242073	0.0123701	0.0858099	0.0304846	0.0136937	0.176339	0.90214	0.0170099	0.030264	0.0382423	0.0253153	0.0375962	0.0138751	0.0410914	0.909579	0.0554121	0.0434954	0.0253095	0.0828022	0.24047	0.0694831	0.0333449	0.0852291	0.0480656	0.362019	0.0963601	0.0172477	0.0336044	0.071164	0.0173873	0.0525851	0.0397647	0.0740329	0.0477063	0.00979951	0.876593	0.0507796	0.0686462	0.0184714	0.0432747	0.117624	0.0863869	0.00787301	0.127522	0.899913	0.239259	0.0700931	0.0540372	0.025516	0.915919	0.0398561	0.0317835	0.00910693	0.0450376	0.872463	0.0259308	0.0585091	0.0178278	0.0151333	0.552983	0.0121653	0.0248714	0.096664	0.0320674	0.468363	0.0255306	0.00904775	0.0299997	0.231524	0.0207561	0.051597	0.0374347	0.00709725	0.0831591	0.0119117	0.0355348	0.00943168	0.914677	0.0279914	0.0846433	0.880737	0.0134567	0.00858292	0.0095282	0.0102121	0.060536	0.0175208	0.886097	0.908193	0.0185266	0.0259714	0.113653	0.930517	0.0324193	0.0278339	0.0422084	0.0477912	0.0765798	0.912064	0.0376379	0.0272995	0.0383155	0.0719375	0.0614184	0.0300644	0.0378998	0.922335	0.0483063	0.00821162	0.0485834	0.0315046	0.0489764	0.00560449	0.931667	0.00570106	0.696066	0.0228273	0.00961969	0.0330017	0.00866997	0.0330915	0.0653303	0.933346	0.0286492	0.00885784	0.0403706	0.034258	0.0428251	0.267798	0.0937932	0.0054615
V25_S2	0.019152	0.0551643	0.0472924	0.0896254	0.813005	0.146466	0.0314546	0.0581283	0.0373244	0.0775136	0.921358	0.860579	0.0886848	0.0605358	0.0183211	0.116588	0.0356801	0.049652	0.016982	0.131328	0.0400817	0.0216337	0.159225	0.865238	0.0374363	0.0537839	0.0551056	0.0288596	0.0417449	0.0347146	0.0489244	0.862046	0.0763242	0.0504714	0.0257326	0.0552621	0.296328	0.0602606	0.0516473	0.136138	0.0510486	0.397176	0.108694	0.0155425	0.0428441	0.0991191	0.0368328	0.0558489	0.0505219	0.0798908	0.0580539	0.0101678	0.904722	0.0660102	0.0767058	0.0298355	0.0592775	0.132839	0.131857	0.00959816	0.159649	0.869355	0.296306	0.0779256	0.0837999	0.0265848	0.864024	0.049034	0.0534409	0.0186626	0.0515088	0.7642	0.0383649	0.0703568	0.0237485	0.0236362	0.612749	0.0102476	0.0472384	0.137649	0.0532579	0.496033	0.0364651	0.013614	0.0407083	0.190672	0.035888	0.0775908	0.0523542	0.00565305	0.114631	0.32681	0.0516381	0.0136358	0.837491	0.0415682	0.113747	0.857803	0.0168656	0.0157157	0.0100891	0.013132	0.0873372	0.0364877	0.844206	0.889385	0.0219255	0.038692	0.116121	0.893659	0.0518805	0.0315416	0.0481437	0.0511922	0.28721	0.879073	0.0535645	0.0461455	0.0465046	0.0787429	0.071466	0.0386334	0.0842216	0.90473	0.0548536	0.0128217	0.0442223	0.0405528	0.0719823	0.00793622	0.89701	0.0128766	0.564349	0.03039	0.00972809	0.0486525	0.00533518	0.0526259	0.0681331	0.891295	0.0394056	0.0253617	0.0627413	0.0454551	0.0572665	0.289936	0.0910539	0.00739301
V25_S3	0.177888	0.264628	0.220163	0.2514	0.808761	0.262953	0.0267354	0.145694	0.191409	0.183151	0.940435	0.898552	0.208451	0.136608	0.160902	0.184498	0.200856	0.124688	0.118409	0.332844	0.164596	0.214296	0.22504	0.870816	0.191137	0.16615	0.230116	0.0401637	0.0621306	0.0216468	0.127958	0.872599	0.159366	0.177746	0.0431912	0.160506	0.383389	0.138004	0.204245	0.250472	0.134583	0.427503	0.27745	0.226356	0.0311383	0.231352	0.190842	0.114547	0.123215	0.137946	0.14114	0.185113	0.87118	0.0553792	0.158406	0.265932	0.336948	0.227235	0.319801	0.204604	0.24878	0.838444	0.382481	0.101006	0.2169	0.0961199	0.886873	0.194191	0.115147	0.175529	0.153598	0.805013	0.108404	0.197696	0.111525	0.141477	0.596164	0.0117053	0.0348186	0.213806	0.114628	0.492936	0.179518	0.1626	0.179153	0.286706	0.053082	0.132025	0.168728	0.056053	0.225927	0.301979	0.146969	0.164262	0.857307	0.0284095	0.225749	0.879221	0.0181642	0.246495	0.188388	0.036608	0.127568	0.189994	0.839883	0.891111	0.0170764	0.107403	0.18994	0.915341	0.162067	0.219469	0.206556	0.135324	0.284445	0.891051	0.131211	0.23018	0.251213	0.153892	0.169714	0.191698	0.23951	0.889646	0.264937	0.0116325	0.212917	0.123291	0.255003	0.0214076	0.912304	0.0814228	0.652159	0.243556	0.132422	0.0392345	0.0185059	0.163175	0.156853	0.860816	0.214367	0.170542	0.21578	0.0973357	0.161647	0.283654	0.30192	0.0207677
V25_S5	0.00704198	0.0424621	0.0406997	0.0825201	0.879893	0.143963	0.0261513	0.0445038	0.0162928	0.0611444	0.934635	0.8843	0.0646285	0.0664979	0.00936369	0.10746	0.0534771	0.0231206	0.00767093	0.1075	0.0318971	0.0134684	0.153357	0.877142	0.0161955	0.0290121	0.0433629	0.0282874	0.030006	0.0154608	0.043254	0.90325	0.0603751	0.0436102	0.0292323	0.103977	0.282825	0.0664043	0.0376368	0.0864217	0.0506861	0.392561	0.106187	0.0148601	0.0294152	0.0776771	0.0160899	0.0522186	0.0361868	0.073669	0.0554824	0.00943652	0.893803	0.0542524	0.0789177	0.0169147	0.0359419	0.128965	0.106496	0.00497299	0.0891699	0.869046	0.283143	0.0755802	0.0641119	0.0193015	0.892331	0.0392753	0.0365504	0.00687476	0.0463374	0.856882	0.0282575	0.0638419	0.0212668	0.0111972	0.5288	0.0117325	0.0215219	0.0866483	0.0360821	0.423936	0.0294882	0.00753399	0.0288094	0.217235	0.0183722	0.0648942	0.0331316	0.00876266	0.100235	0.012365	0.0433182	0.00750378	0.908483	0.0240266	0.100702	0.868765	0.0117028	0.00819463	0.00931242	0.0108719	0.0972541	0.0158463	0.870555	0.889711	0.0156212	0.0285538	0.103933	0.925489	0.0332374	0.0307119	0.0382863	0.0512225	0.0992882	0.883113	0.0412688	0.0309194	0.0355485	0.0717005	0.0683281	0.0330137	0.0419549	0.902398	0.0423549	0.00915628	0.0169429	0.0319115	0.0647337	0.00464438	0.925948	0.0092376	0.684052	0.02248	0.0105558	0.0271959	0.00996297	0.0334069	0.0656876	0.920483	0.0189166	0.00869708	0.0558938	0.0208988	0.0470645	0.265379	0.0896459	0.00499152
V25_S6	0.01374	0.0473053	0.0492275	0.0937837	0.856696	0.143821	0.0252119	0.0348883	0.0187079	0.0606056	0.932104	0.882468	0.0646687	0.0665199	0.0124188	0.101827	0.0396574	0.0320243	0.00957672	0.120104	0.0320122	0.014174	0.151367	0.879086	0.0191616	0.0360673	0.0424989	0.030516	0.0296234	0.0166744	0.041635	0.883242	0.0569891	0.0443987	0.0328419	0.0902611	0.280505	0.0665446	0.0330485	0.0934511	0.047772	0.316745	0.0933775	0.0194881	0.0305907	0.0925911	0.0188317	0.0534045	0.0380564	0.0739145	0.0475148	0.0120375	0.86641	0.0532193	0.076797	0.0208032	0.031256	0.142978	0.120759	0.00889746	0.140447	0.866567	0.280333	0.0754158	0.061251	0.0220801	0.886825	0.0382742	0.0391574	0.0136705	0.0467592	0.854085	0.031708	0.0611898	0.0216392	0.0187463	0.571639	0.0105192	0.0277914	0.0891176	0.0396186	0.468776	0.0297148	0.01007	0.0356585	0.221403	0.0264199	0.0627033	0.0418615	0.00582587	0.0900322	0.0204741	0.0385436	0.00972161	0.883834	0.0245171	0.0900406	0.852669	0.0143486	0.0146578	0.0117593	0.0107641	0.0768951	0.0190394	0.848638	0.875985	0.0212798	0.0316025	0.106054	0.909233	0.0366404	0.0283204	0.041692	0.0475534	0.255906	0.893757	0.0457693	0.0321351	0.0440135	0.0761595	0.0675979	0.0342027	0.0246165	0.897879	0.0448362	0.0110216	0.0255173	0.0332208	0.0585872	0.00808843	0.910498	0.00678015	0.694068	0.0368083	0.0109469	0.0287523	0.0107729	0.0368874	0.0627354	0.904639	0.0303632	0.0120628	0.0414134	0.0329449	0.0392403	0.24906	0.0915816	0.00847394
V25_S7	0.0515414	0.0724514	0.0448326	0.575606	0.782942	0.171468	0.071672	0.0802303	0.0369738	0.087321	0.922637	0.900582	0.135981	0.0756346	0.0451457	0.212544	0.0448322	0.0307649	0.0111112	0.161015	0.0532986	0.0140879	0.174879	0.874842	0.0369536	0.104065	0.0913761	0.0472866	0.0421773	0.0943272	0.0722297	0.87497	0.146261	0.0479162	0.105128	0.542774	0.410046	0.0756381	0.0503674	0.0984887	0.100161	0.403403	0.105844	0.0532086	0.0870854	0.27075	0.0371943	0.0948265	0.0848573	0.0889542	0.0841055	0.0321089	0.880567	0.105353	0.107327	0.100195	0.0513195	0.151822	0.160911	0.0474964	0.101476	0.766241	0.409437	0.0880257	0.0684811	0.0401816	0.850093	0.0407651	0.0869354	0.0515516	0.074296	0.831769	0.0760138	0.0958109	0.0456544	0.0604531	0.425405	0.0354667	0.078047	0.186535	0.086071	0.405592	0.02935	0.0101872	0.1028	0.25842	0.0823065	0.11531	0.04977	0.0462569	0.120239	0.0483298	0.0659874	0.0102021	0.884104	0.0468755	0.120341	0.876606	0.0495175	0.0349593	0.0319498	0.0489981	0.421077	0.0367198	0.69816	0.865388	0.0167816	0.0757827	0.208333	0.884609	0.0530064	0.0624868	0.0628716	0.100807	0.28658	0.767165	0.0401594	0.0651771	0.0690913	0.0971793	0.110173	0.0790988	0.0819941	0.812886	0.0725794	0.0153215	0.130566	0.0281432	0.0652613	0.0232477	0.905504	0.00957285	0.488392	0.0437191	0.0700561	0.0747326	0.0253272	0.0529969	0.104408	0.789103	0.177043	0.0533073	0.0689002	0.0292471	0.0493595	0.19434	0.148498	0.0233314
V25_S8	0.0421157	0.0736875	0.0393897	0.499739	0.847124	0.180144	0.0665434	0.0776409	0.0350144	0.0981494	0.933928	0.92773	0.143649	0.0908092	0.0369329	0.208372	0.0483087	0.0284873	0.00974996	0.147664	0.0529919	0.00916044	0.186938	0.884083	0.0351709	0.0802768	0.0916439	0.0445441	0.047199	0.0905333	0.0737523	0.902301	0.151972	0.0481201	0.114778	0.522673	0.462851	0.0911906	0.0474824	0.108312	0.106498	0.355664	0.124745	0.063127	0.105723	0.27036	0.0350369	0.0938315	0.0894291	0.0917889	0.088809	0.0372788	0.883668	0.115736	0.108004	0.121233	0.04944	0.155787	0.147938	0.0358903	0.115044	0.732705	0.462547	0.0916718	0.0843298	0.0427526	0.899105	0.0384548	0.0933435	0.0421743	0.0814335	0.842928	0.0842134	0.104281	0.0538274	0.0651115	0.501356	0.0353789	0.091147	0.185735	0.0938899	0.40135	0.0434014	0.039412	0.10024	0.272695	0.0992648	0.123503	0.0463108	0.0824641	0.132889	0.0172519	0.0604306	0.0389694	0.917152	0.0487189	0.130563	0.899847	0.0504011	0.0290829	0.0375354	0.0574622	0.360894	0.0355595	0.759253	0.897242	0.0179924	0.0844165	0.211829	0.917482	0.0453069	0.0617694	0.0610768	0.106623	0.211456	0.748266	0.0421867	0.071387	0.0678156	0.0999831	0.107739	0.0812646	0.0585918	0.858161	0.0741003	0.016074	0.158941	0.0244724	0.0804907	0.0240007	0.929066	0.012398	0.557178	0.042894	0.0685397	0.0873088	0.0400804	0.0450157	0.114723	0.868781	0.164019	0.0411294	0.0694168	0.0333621	0.0465006	0.205604	0.147488	0.0236786
V26_S2	0.0546607	0.06847	0.0328326	0.429089	0.802553	0.158341	0.0591857	0.0652594	0.0502226	0.0840205	0.938732	0.909642	0.110163	0.0784569	0.0479137	0.142917	0.0497603	0.0517114	0.00749288	0.130465	0.0588018	0.00911763	0.154542	0.8701	0.0497229	0.0692644	0.0819279	0.0475385	0.0346518	0.0905634	0.064841	0.88976	0.121394	0.0422108	0.0803227	0.360187	0.405952	0.07796	0.0698629	0.0963649	0.0847731	0.396412	0.13263	0.0513728	0.0859413	0.315651	0.0505251	0.0763042	0.0730549	0.0776496	0.0708846	0.0421827	0.867044	0.0923443	0.0998238	0.10122	0.0601107	0.131736	0.13113	0.0262727	0.129996	0.734205	0.406418	0.0823503	0.0660147	0.045528	0.875674	0.045601	0.0742533	0.0537945	0.0690812	0.847315	0.0705273	0.0949221	0.0410538	0.0528726	0.460278	0.0426998	0.073219	0.247776	0.0747515	0.379675	0.0584748	0.112023	0.076801	0.25827	0.0640334	0.0921836	0.050408	0.0564235	0.115936	0.0628545	0.0590898	0.112739	0.885834	0.0372272	0.116722	0.887427	0.0552148	0.0334417	0.0419722	0.0546432	0.244247	0.0499306	0.821307	0.89588	0.0118319	0.0700738	0.147357	0.889289	0.0420056	0.0562083	0.0524039	0.084737	0.153222	0.822725	0.0580155	0.0715648	0.0671818	0.0872996	0.106834	0.0706658	0.0846279	0.874181	0.0688658	0.00967467	0.162768	0.0227977	0.0840076	0.0168396	0.920564	0.0191515	0.535289	0.0731924	0.0493722	0.0814086	0.016026	0.0423859	0.0961513	0.889363	0.171156	0.0396308	0.0933545	0.0326097	0.0550202	0.176392	0.121409	0.0170605
V26_S3	0.153223	0.175633	0.0475052	0.539635	0.66324	0.328949	0.131187	0.201338	0.16823	0.184163	0.945011	0.910603	0.330419	0.20956	0.237161	0.322978	0.0476278	0.13986	0.0114239	0.215241	0.180008	0.0161748	0.299738	0.898749	0.16829	0.349344	0.171197	0.168915	0.0552796	0.400679	0.169102	0.903977	0.289319	0.104415	0.139352	0.433478	0.495312	0.208788	0.18885	0.232696	0.174969	0.543963	0.222646	0.155818	0.290561	0.421026	0.168695	0.0816476	0.210853	0.194899	0.153842	0.167983	0.918514	0.221877	0.240336	0.260432	0.162454	0.221834	0.215802	0.088754	0.267748	0.738244	0.494632	0.215923	0.228843	0.15616	0.87495	0.0519431	0.245335	0.153168	0.166025	0.866208	0.217574	0.234646	0.180619	0.25963	0.508007	0.185636	0.200401	0.460211	0.245132	0.534367	0.035483	0.350134	0.223334	0.352063	0.142715	0.229914	0.110165	0.107812	0.248695	0.0482642	0.162079	0.350961	0.898134	0.0293629	0.247229	0.893846	0.145549	0.094886	0.168636	0.226249	0.62698	0.168615	0.777211	0.898922	0.0196888	0.217448	0.32598	0.862742	0.0631097	0.226553	0.140014	0.175079	0.413398	0.795103	0.109932	0.301296	0.243357	0.218761	0.21666	0.236115	0.312084	0.858362	0.175259	0.160003	0.264787	0.0347141	0.195273	0.0727004	0.924837	0.0641024	0.434664	0.0545827	0.157982	0.252206	0.0238737	0.0634044	0.219734	0.898734	0.30006	0.165108	0.184734	0.0330415	0.124525	0.231619	0.267123	0.0717868
V28_S6	0.00848703	0.0440308	0.0649524	0.189414	0.825693	0.147693	0.0276867	0.0453112	0.0200992	0.0655204	0.933246	0.893921	0.0684881	0.0717971	0.0128376	0.126481	0.0344184	0.0193238	0.00439791	0.120564	0.0342038	0.00684263	0.139669	0.855997	0.0195609	0.0361287	0.0485965	0.0276881	0.0270035	0.0302148	0.0451722	0.885831	0.0563423	0.0444334	0.0385978	0.225408	0.318066	0.0710616	0.0347869	0.0717057	0.0537375	0.379726	0.0935307	0.0100918	0.0409244	0.137109	0.0201657	0.0528485	0.0404016	0.075054	0.0433433	0.0191129	0.888359	0.060698	0.0750817	0.0316902	0.0215252	0.110701	0.124757	0.00657666	0.121038	0.845371	0.318912	0.0738192	0.0497549	0.0247256	0.903316	0.0369198	0.0444662	0.0078891	0.0546889	0.855519	0.0297741	0.0616196	0.015217	0.0218215	0.55475	0.00690162	0.0232967	0.159409	0.0440241	0.470668	0.0261598	0.00581998	0.0351586	0.257546	0.0365659	0.0629482	0.0409334	0.0502441	0.0789198	0.104815	0.04299	0.00582522	0.868926	0.0304066	0.078883	0.870527	0.0208202	0.00682324	0.0191153	0.0197289	0.0840284	0.0190585	0.79361	0.905595	0.0177599	0.0267822	0.127095	0.915864	0.0389223	0.0253049	0.0423721	0.0539963	0.0730529	0.837684	0.0410731	0.0337404	0.0528359	0.0702964	0.0739851	0.0417048	0.015125	0.879116	0.0462941	0.00641869	0.0441111	0.0229694	0.0402303	0.0151241	0.920946	0.00692087	0.663183	0.0463872	0.0193639	0.047219	0.0145813	0.0376835	0.0648131	0.898496	0.0307072	0.0181789	0.0387541	0.0236087	0.0366671	0.252083	0.0797334	0.0152158
V28_S7	0.0154103	0.0496231	0.0450398	0.168465	0.836217	0.132651	0.0309704	0.0512974	0.0325753	0.0697444	0.923689	0.869744	0.0677829	0.0627815	0.0176917	0.11983	0.0476951	0.041407	0.0212933	0.252611	0.0415525	0.0199864	0.17383	0.908592	0.0326804	0.0520085	0.0486559	0.0328915	0.0546163	0.0259426	0.0498607	0.896558	0.0574327	0.0496007	0.0322695	0.170527	0.275975	0.063115	0.0452067	0.0951805	0.0592508	0.371465	0.132621	0.0196088	0.0452773	0.0951584	0.0322281	0.0531542	0.0441944	0.0804354	0.0551063	0.0208124	0.845167	0.0606786	0.0741893	0.0176836	0.0943661	0.158094	0.252715	0.0144362	0.166342	0.847146	0.274903	0.0827028	0.0649469	0.0309133	0.90878	0.048076	0.0454138	0.0146857	0.0562093	0.850838	0.0389126	0.0694966	0.0313223	0.0214765	0.518988	0.0134941	0.0545949	0.0961517	0.0459523	0.45607	0.0423973	0.0137885	0.0294599	0.225025	0.038005	0.0622568	0.0477898	0.0108596	0.0951593	0.0166633	0.0469346	0.0138405	0.90356	0.0298639	0.09664	0.881175	0.0216871	0.0207792	0.0210333	0.0179303	0.102414	0.0320186	0.842084	0.871572	0.0180282	0.0454668	0.124236	0.909758	0.0442648	0.0316964	0.0505508	0.059607	0.0739208	0.89213	0.0532885	0.0315406	0.0501464	0.0798379	0.0697102	0.033747	0.0251654	0.899197	0.0486725	0.0158969	0.0356707	0.0434574	0.0668658	0.0125041	0.885573	0.0116711	0.649032	0.0315371	0.0149125	0.0585989	0.0132665	0.0440465	0.0713594	0.896224	0.0425425	0.0213725	0.0465439	0.0435038	0.0551626	0.239793	0.0969085	0.0120324
V2_S1	0.664948	0.297105	0.719011	0.746372	0.9229	0.735602	0.185022	0.0248901	0.40574	0.338502	0.334287	0.883545	0.355349	0.368104	0.329151	0.515099	0.0377617	0.0	0.00375012	0.078305	0.466344	0.0143957	0.436744	0.178673	0.403873	0.482594	0.0519959	0.0249949	0.0907847	0.00298641	0.424733	0.86825	0.259634	0.16117	0.341776	0.242067	0.341993	0.363781	0.422738	0.39141	0.359863	0.637305	0.749845	0.632063	0.74144	0.780762	0.405957	0.506866	0.685453	0.50374	0.565408	0.0872722	0.880389	0.0184149	0.351508	0.74048	0.391183	0.272771	0.0814906	0.203752	0.466463	0.913044	0.343113	0.198032	0.0287567	0.310611	0.946762	0.401202	0.474318	0.567706	0.663482	0.902812	0.0413042	0.26718	0.128682	0.663701	0.482739	0.361749	0.0154247	0.748762	0.470429	0.256118	0.449468	0.421186	0.782872	0.623321	0.353006	0.266168	0.487164	0.695206	0.0183927	0.000578704	0.578548	0.427722	0.915509	0.010245	0.0170945	0.961981	0.169306	0.00397947	0.0911305	0.0518186	0.843647	0.403025	0.952226	0.907639	0.00983468	0.0385714	0.493031	0.165904	0.493955	0.476414	0.22158	0.362276	0.838864	0.0892298	0.211164	0.153717	0.189615	0.585484	0.378975	0.16625	0.623169	0.897145	0.284564	0.00265732	0.917084	0.113194	0.352637	0.722164	0.944955	0.00314982	0.336314	0.546185	0.52558	0.00867437	0.032603	0.493332	0.365608	0.883037	0.800847	0.00261036	0.429062	0.0102718	0.46655	0.376159	0.62978	0.735174
V32_S1	0.0094734	0.0483103	0.040982	0.075531	0.877297	0.147924	0.0228633	0.0299277	0.0203383	0.0595646	0.943487	0.886255	0.0519852	0.0638362	0.00981316	0.106757	0.0332708	0.027161	0.0168675	0.0996148	0.0388823	0.00858373	0.160912	0.905868	0.0205259	0.0262666	0.0396989	0.0235998	0.0314481	0.0132242	0.0471364	0.897228	0.0502394	0.0470669	0.0228816	0.0557452	0.276368	0.0635816	0.0333589	0.0811673	0.0542012	0.339569	0.0939716	0.0189456	0.0399509	0.0600128	0.0204961	0.0382298	0.0444624	0.066074	0.0431957	0.00833977	0.883996	0.0441481	0.0654558	0.0143337	0.0626797	0.150201	0.104058	0.00663604	0.100789	0.854575	0.273971	0.0653634	0.055003	0.0223623	0.916773	0.0429745	0.0340344	0.00965198	0.0434695	0.861197	0.0244556	0.0535771	0.0177837	0.0197514	0.629643	0.0131221	0.0268168	0.124774	0.033617	0.514322	0.0299306	0.00818112	0.0447329	0.2084	0.0284605	0.0501302	0.0387953	0.00583204	0.0829172	0.00946284	0.0293255	0.00835164	0.916683	0.0294048	0.0820417	0.873111	0.0121903	0.00639567	0.00859978	0.00738558	0.0729579	0.0207421	0.857765	0.896889	0.0199454	0.0242947	0.114956	0.921631	0.0383895	0.0194308	0.0342145	0.0536309	0.246044	0.910966	0.0384028	0.02322	0.0484844	0.0906058	0.0626236	0.0280237	0.0559649	0.920038	0.0503296	0.00766571	0.0248437	0.024043	0.0522458	0.00489976	0.925497	0.0043412	0.729719	0.0282194	0.00766972	0.0465333	0.0126603	0.0384257	0.0529366	0.923626	0.0302457	0.007125	0.0350702	0.0330436	0.0381974	0.269856	0.104571	0.00505461
V32_S10	0.0102121	0.0686554	0.0450678	0.11695	0.904786	0.154008	0.0352237	0.054047	0.0266912	0.0717	0.960069	0.918352	0.0742016	0.0690524	0.0167318	0.132369	0.0626486	0.0384046	0.0202522	0.123675	0.040189	0.00959556	0.198645	0.904006	0.0258832	0.0588384	0.0495817	0.0363301	0.0378944	0.0268786	0.0461661	0.916247	0.0750871	0.0480688	0.0373813	0.151501	0.364109	0.0694157	0.0386289	0.116923	0.0566133	0.43149	0.137682	0.0215536	0.0338154	0.107233	0.0261626	0.0582571	0.0436763	0.0830898	0.0516295	0.0161065	0.889774	0.0621589	0.0827734	0.0276582	0.100941	0.170417	0.125687	0.0116149	0.172962	0.909677	0.364188	0.0903521	0.0726943	0.0293563	0.930526	0.0475353	0.0487698	0.0103393	0.0504912	0.880411	0.0396612	0.0685916	0.0243948	0.0162523	0.672072	0.0123594	0.048729	0.156464	0.0487448	0.595404	0.0413406	0.0114401	0.0525967	0.284705	0.032296	0.0684914	0.0486573	0.0107404	0.10179	0.0522915	0.0466633	0.0117317	0.9153	0.0400507	0.102581	0.910334	0.0185002	0.0121686	0.0162876	0.0135131	0.184273	0.0263222	0.877627	0.917584	0.0215012	0.0328249	0.132533	0.94406	0.0448585	0.0280671	0.0510197	0.055278	0.0971509	0.917202	0.0581582	0.0318368	0.0562294	0.0834062	0.0704075	0.0356587	0.0651063	0.929752	0.064827	0.0119378	0.0509878	0.0309991	0.0582382	0.00591361	0.935406	0.00723327	0.75453	0.0432354	0.0135754	0.0785258	0.00829118	0.0448371	0.0746262	0.925279	0.0402502	0.0166237	0.042073	0.0518941	0.0520564	0.329207	0.116646	0.00586709
V32_S11	0.00651301	0.0401887	0.0449092	0.0954658	0.90603	0.13656	0.0238537	0.0458333	0.0194253	0.0634514	0.960367	0.91037	0.0575734	0.0767171	0.0108255	0.108198	0.0736409	0.0299028	0.0213715	0.118489	0.0298079	0.0088267	0.200918	0.933707	0.0196083	0.0459942	0.036261	0.0298059	0.034966	0.0166892	0.0400186	0.929064	0.0488591	0.0448446	0.0317006	0.0998386	0.355673	0.0773794	0.0349062	0.102143	0.047512	0.388799	0.0917092	0.0133424	0.0398308	0.0658852	0.0198664	0.0508947	0.0359012	0.0753055	0.0486655	0.0135162	0.928882	0.0498386	0.0745556	0.0163999	0.0866866	0.165524	0.124165	0.00684754	0.134822	0.930285	0.355622	0.0816532	0.0596335	0.0185049	0.939976	0.0393855	0.0298992	0.00590823	0.044792	0.899097	0.0286185	0.0564225	0.020598	0.0117033	0.713671	0.0123845	0.0412152	0.114492	0.0302324	0.577352	0.0334193	0.00737952	0.036132	0.273314	0.0269702	0.0542088	0.0413594	0.00682419	0.0704474	0.028051	0.038186	0.00711238	0.933599	0.0305577	0.0689621	0.907012	0.0176297	0.0132415	0.0130817	0.0101652	0.0537349	0.0195134	0.90386	0.928529	0.021251	0.0399485	0.107051	0.936621	0.0392976	0.0252566	0.0408877	0.047543	0.0662064	0.931024	0.0513862	0.0237141	0.0472962	0.0835939	0.0633515	0.0268533	0.0172532	0.934268	0.0406698	0.00853809	0.0893057	0.0236373	0.0450124	0.00297747	0.939167	0.00452187	0.738394	0.0287588	0.00694078	0.0575777	0.00622842	0.0391675	0.0660057	0.941141	0.0366498	0.00867194	0.0344347	0.0515644	0.0436167	0.364323	0.0822257	0.00305637
V32_S12	0.00778385	0.0432916	0.0440051	0.108426	0.891473	0.133779	0.0217846	0.0346871	0.0252397	0.0666317	0.960106	0.921981	0.0525208	0.0611854	0.00823593	0.0986795	0.0564681	0.0274833	0.0190277	0.114084	0.0342805	0.00970702	0.175855	0.934362	0.0255083	0.0283436	0.0310733	0.0357923	0.0413463	0.0133763	0.0381537	0.920161	0.0475885	0.0460321	0.0265562	0.0939666	0.241356	0.0611323	0.0386113	0.0855757	0.0525816	0.383742	0.0794994	0.0123715	0.0439042	0.0678749	0.0249487	0.0572871	0.034534	0.0722709	0.0474334	0.0119152	0.927366	0.0524165	0.0724088	0.0114437	0.0918563	0.150026	0.114936	0.00639192	0.131614	0.914211	0.243095	0.0870354	0.0578081	0.0249854	0.940646	0.0418123	0.0379196	0.00658074	0.0463643	0.89228	0.0286161	0.0601873	0.0227459	0.0135536	0.675693	0.0251986	0.0415354	0.127501	0.0366821	0.511776	0.035286	0.0120483	0.0410891	0.279748	0.0278527	0.0512709	0.0400741	0.00551739	0.0577716	0.0147755	0.0370257	0.0115806	0.921887	0.0305695	0.0586692	0.907805	0.0152642	0.00935616	0.011778	0.00966706	0.085995	0.0257723	0.899718	0.924758	0.0239347	0.0361609	0.0960653	0.937207	0.0423656	0.0242068	0.0400483	0.0532719	0.271376	0.934236	0.0499269	0.0223778	0.0402067	0.0732668	0.0630821	0.0219727	0.0234396	0.938223	0.0430226	0.00669785	0.0604361	0.0296769	0.0461462	0.00326922	0.94258	0.00582325	0.76708	0.0340133	0.00475191	0.0687004	0.00918217	0.0449301	0.0675749	0.941976	0.0479261	0.0137759	0.0381549	0.0599459	0.0455071	0.378766	0.080299	0.00342194
V32_S2	0.00944705	0.0344749	0.0407477	0.0642899	0.896995	0.17	0.0242965	0.0412483	0.0174879	0.0710567	0.951421	0.891455	0.0669329	0.0545964	0.0106641	0.112767	0.0443769	0.0244442	0.0151675	0.103995	0.0338412	0.0079909	0.181445	0.912414	0.0174026	0.0359633	0.0417684	0.0226375	0.0322209	0.0132778	0.0467268	0.885885	0.0641106	0.0470236	0.0293604	0.0473099	0.25358	0.0547837	0.0377867	0.118304	0.0538579	0.471379	0.080979	0.0167918	0.0378221	0.0940553	0.0172731	0.0595819	0.0470644	0.0772361	0.0532315	0.00872383	0.876456	0.0555726	0.0822766	0.0149679	0.0529926	0.137646	0.104921	0.00521659	0.115546	0.911656	0.253998	0.0788207	0.059758	0.0218391	0.912901	0.0423857	0.0383599	0.00936995	0.0446542	0.874878	0.0289284	0.063893	0.0173003	0.0169667	0.598249	0.0122234	0.02359	0.0858368	0.0372759	0.511304	0.0226283	0.00688248	0.0432794	0.21944	0.0223493	0.0587614	0.0360191	0.00543618	0.107289	0.00851572	0.0452889	0.0064907	0.881262	0.0242447	0.109675	0.879646	0.0154641	0.00809289	0.00887502	0.00692341	0.0473564	0.0171247	0.87371	0.9067	0.0188557	0.0290322	0.114782	0.934583	0.0395713	0.0227194	0.0386994	0.0543576	0.196595	0.904319	0.0559281	0.030545	0.0523583	0.088702	0.0633393	0.0297923	0.0681828	0.927242	0.0351004	0.00710267	0.0219401	0.0239909	0.0708426	0.00339884	0.926902	0.00284858	0.7316	0.034514	0.0056236	0.0573516	0.00783054	0.0402691	0.0660434	0.932414	0.0284956	0.00644428	0.0424785	0.0339669	0.0392479	0.280291	0.0848047	0.00340097
V32_S3	0.0336209	0.0463922	0.0483821	0.0842549	0.899826	0.149879	0.0337866	0.0371113	0.0298019	0.0689637	0.940896	0.894413	0.0710025	0.0770364	0.0249467	0.110548	0.0672339	0.0285612	0.0157612	0.105818	0.038087	0.0108317	0.191454	0.91337	0.0308247	0.0368645	0.0407536	0.0252245	0.0369267	0.015682	0.0640326	0.887425	0.0716187	0.0551292	0.0405172	0.0840635	0.270849	0.0761173	0.0367056	0.0908497	0.0655925	0.390462	0.107757	0.0516901	0.0594744	0.0996943	0.0303883	0.0600345	0.0700387	0.0824585	0.0569282	0.0153605	0.853859	0.0564654	0.0782791	0.0311291	0.0886194	0.146035	0.107491	0.00979228	0.130375	0.878466	0.269455	0.077992	0.0623616	0.0385733	0.922599	0.0429582	0.045261	0.0343299	0.0518826	0.883956	0.03217	0.0666159	0.0235768	0.0333961	0.637913	0.0197653	0.0297668	0.122174	0.0454421	0.502031	0.0589735	0.0193337	0.0845075	0.246807	0.0412118	0.0640191	0.0533384	0.00667337	0.0987602	0.0216777	0.0533841	0.0198215	0.921713	0.0214767	0.0976134	0.898376	0.0168991	0.0067477	0.0156676	0.0070184	0.0923658	0.0304764	0.873309	0.915645	0.02183	0.0318578	0.103906	0.926513	0.0430414	0.0337796	0.0444681	0.0668697	0.242818	0.918589	0.0464629	0.0379927	0.0370441	0.0746477	0.0670242	0.0327537	0.0948003	0.9313	0.0461888	0.00511514	0.0548912	0.0308419	0.0657115	0.0267861	0.934558	0.00514593	0.728614	0.0456901	0.0102616	0.0566422	0.00927151	0.0437055	0.0613854	0.933987	0.0704933	0.00910795	0.0450777	0.0347352	0.048625	0.289105	0.101344	0.0259232
V32_S4	0.00820625	0.0602587	0.0503597	0.0799503	0.854569	0.158567	0.0291281	0.0483235	0.0224161	0.0676419	0.947444	0.899462	0.0672515	0.0676332	0.0086791	0.123266	0.049246	0.029433	0.0162927	0.117844	0.0371072	0.00912863	0.200959	0.899016	0.0228416	0.0250445	0.0463017	0.023275	0.0362964	0.0126575	0.0425089	0.891176	0.0582388	0.0491591	0.0319505	0.0703897	0.295386	0.0678371	0.0388751	0.0919436	0.0531862	0.336236	0.12954	0.0115155	0.0334739	0.0821808	0.0222618	0.0591923	0.0461445	0.0770894	0.0629028	0.00929929	0.874575	0.0620807	0.0796943	0.0177287	0.078151	0.152397	0.114097	0.00603599	0.128995	0.900517	0.29624	0.0737227	0.064915	0.023325	0.909263	0.0407757	0.0405003	0.0083891	0.0492125	0.870891	0.0308832	0.0717103	0.0213199	0.0168901	0.631246	0.0127592	0.0311866	0.101582	0.0400153	0.499318	0.0308598	0.00651106	0.0317805	0.241111	0.0240422	0.0645348	0.0425701	0.00504925	0.0926082	0.0143044	0.0413757	0.0064439	0.910382	0.0280213	0.0937113	0.886776	0.0155035	0.00981161	0.0093881	0.00778158	0.100223	0.0221918	0.866601	0.902025	0.0206056	0.0311105	0.124555	0.919067	0.0380056	0.0275644	0.0434131	0.053222	0.0704869	0.903624	0.0511207	0.0311338	0.0470525	0.0822787	0.0667297	0.0272155	0.0522286	0.920916	0.0608305	0.00665602	0.0230456	0.0380195	0.0507691	0.00401515	0.902438	0.0041806	0.703096	0.0356333	0.00737546	0.0502583	0.00845786	0.0387727	0.0681619	0.923085	0.0239691	0.0114726	0.0357642	0.0334357	0.0417344	0.274456	0.0863784	0.00398836
V32_S5	0.0105755	0.0515099	0.0505186	0.113065	0.90107	0.150656	0.0253673	0.0507589	0.0265826	0.0756401	0.954023	0.91445	0.0682611	0.0918398	0.0137328	0.12313	0.0607729	0.0338876	0.0203248	0.15458	0.0348511	0.0101085	0.207455	0.926947	0.0260263	0.0410126	0.0456774	0.0229056	0.0374209	0.0268092	0.0474179	0.8883	0.0685127	0.0534553	0.0362273	0.113396	0.274785	0.0912668	0.0476524	0.117762	0.0530318	0.563617	0.116491	0.0173736	0.0487733	0.0877595	0.02595	0.0593794	0.0409433	0.0707979	0.0549065	0.016758	0.918009	0.055781	0.0800573	0.0257508	0.0775128	0.148334	0.147823	0.0140283	0.134274	0.894269	0.274913	0.087889	0.067517	0.0284295	0.929423	0.0414807	0.0461396	0.0122044	0.0543312	0.891852	0.0351925	0.0742069	0.0276437	0.0146418	0.670172	0.0243476	0.0392695	0.139562	0.0463692	0.503949	0.0263374	0.0102471	0.0424676	0.310249	0.035643	0.0751017	0.0528211	0.00879876	0.116685	0.00499122	0.0398366	0.0104854	0.919146	0.0319684	0.115405	0.908516	0.0226188	0.0110277	0.0170719	0.0106222	0.119685	0.0262562	0.86238	0.914619	0.0201076	0.0444444	0.125078	0.923221	0.0397247	0.0277679	0.0382649	0.0524807	0.177843	0.920612	0.0656258	0.0306001	0.0485167	0.0813696	0.081905	0.0410933	0.0347824	0.926015	0.0484332	0.00789379	0.0370847	0.0342003	0.0561735	0.00643015	0.90061	0.00901148	0.739033	0.0347888	0.0159363	0.0687995	0.0105064	0.0401521	0.0655602	0.937152	0.0308007	0.0122	0.0409643	0.0412783	0.0488965	0.378269	0.0995182	0.00687465
V32_S6	0.0188322	0.0474249	0.0559283	0.0857572	0.925973	0.160994	0.0255288	0.0502694	0.0259212	0.0688023	0.962589	0.926373	0.0730679	0.0774398	0.0248981	0.107612	0.0571242	0.029539	0.0210276	0.145895	0.039058	0.00772923	0.260292	0.935179	0.0265495	0.0408319	0.0458304	0.026252	0.03403	0.0215264	0.0533042	0.891894	0.0626102	0.053417	0.0406844	0.107759	0.294388	0.0772922	0.0391805	0.113633	0.0541934	0.42888	0.145308	0.0318622	0.0487912	0.0756625	0.0263196	0.055445	0.0552293	0.082568	0.0547503	0.0213196	0.888323	0.0464172	0.0809848	0.0422152	0.11527	0.143522	0.138787	0.0121166	0.123269	0.875416	0.294675	0.0808974	0.0738873	0.0294913	0.942457	0.0468592	0.0457172	0.0202958	0.0490295	0.897944	0.0377939	0.0684161	0.0277936	0.0161896	0.707987	0.0251564	0.050646	0.111573	0.0453508	0.548909	0.0378766	0.0122478	0.0576115	0.210677	0.0376044	0.0566122	0.04466	0.00780974	0.140973	0.0112567	0.0543536	0.012555	0.921551	0.0245964	0.141251	0.916169	0.0181851	0.0130282	0.021095	0.011	0.0843646	0.0266457	0.880818	0.92333	0.0229324	0.0410769	0.105812	0.943151	0.0458988	0.0312337	0.0458049	0.0552802	0.109656	0.923917	0.0705012	0.0405553	0.046205	0.0763843	0.0707232	0.0379935	0.0900169	0.941453	0.0467484	0.00856902	0.039844	0.0325415	0.0932048	0.00632691	0.941644	0.00798884	0.768043	0.0447424	0.014794	0.0659303	0.00640836	0.046114	0.0616417	0.940768	0.0710039	0.0103858	0.476964	0.0472563	0.054536	0.392018	0.0926532	0.00633121
V32_S7	0.0158474	0.0516432	0.0385188	0.194244	0.888382	0.151915	0.0436606	0.052593	0.0252303	0.0775148	0.962357	0.905174	0.0750271	0.0716083	0.0193343	0.140496	0.0540422	0.0370631	0.0175473	0.151487	0.03241	0.00685297	0.191166	0.936532	0.0251173	0.0460394	0.0539306	0.0395889	0.0404503	0.0301732	0.0525894	0.894217	0.0832991	0.0466006	0.0409668	0.134493	0.307179	0.071864	0.0436226	0.0923341	0.0661914	0.401864	0.107395	0.0208375	0.0555216	0.118866	0.0252478	0.0607389	0.0497174	0.0821657	0.0575215	0.0162816	0.926407	0.0658909	0.0919581	0.0373023	0.0799256	0.142843	0.153328	0.00671164	0.127771	0.905207	0.307252	0.0907372	0.0684707	0.0316254	0.927563	0.042655	0.0475624	0.0154767	0.0513053	0.89139	0.043719	0.0711641	0.024501	0.0287242	0.670536	0.0196012	0.0610168	0.169898	0.0477727	0.51786	0.0482588	0.00873587	0.047805	0.29335	0.040221	0.0645442	0.0506232	0.0128693	0.104181	0.0545473	0.0464095	0.00893136	0.926831	0.035656	0.103853	0.903501	0.0192362	0.01766	0.0167729	0.0195296	0.190354	0.0251323	0.886008	0.918183	0.0205548	0.0387745	0.133333	0.931311	0.0349708	0.033446	0.0532702	0.0652358	0.272904	0.929396	0.0543803	0.0358105	0.0435274	0.0752289	0.0810899	0.0352324	0.0665569	0.924554	0.0520982	0.00795243	0.0395666	0.0362758	0.079233	0.00464463	0.933108	0.0135218	0.687501	0.058285	0.0209465	0.0688768	0.00900126	0.0352446	0.0720292	0.938036	0.0684088	0.0160079	0.0500879	0.0419142	0.0427078	0.308864	0.0960582	0.00434366
V32_S8	0.00889571	0.053971	0.0398984	0.162218	0.903893	0.135874	0.0298621	0.0485179	0.0236888	0.0682014	0.962221	0.905398	0.0693332	0.0683151	0.0143113	0.1185	0.0456212	0.0267753	0.0193984	0.124156	0.0324683	0.0101056	0.204609	0.935509	0.0243254	0.0337137	0.0451875	0.0241038	0.0388903	0.0306344	0.0401878	0.926071	0.0694946	0.048762	0.0414458	0.221548	0.289474	0.0675757	0.0352544	0.0968415	0.0549631	0.440653	0.107316	0.0154059	0.0357549	0.077661	0.0235998	0.0529557	0.0396264	0.0767689	0.0542712	0.0173357	0.932252	0.0547138	0.0765927	0.0194948	0.0845239	0.150372	0.121889	0.00676162	0.163445	0.922494	0.288152	0.0768213	0.074176	0.0222396	0.939613	0.0389495	0.0414427	0.00908221	0.0500126	0.885921	0.0353837	0.0643453	0.0249763	0.0174409	0.668424	0.0174804	0.0504997	0.141626	0.0411875	0.51809	0.0316901	0.0128549	0.045416	0.262465	0.0340768	0.0635774	0.0509548	0.0121623	0.0865699	0.014806	0.0403938	0.0121397	0.927753	0.0272359	0.0857105	0.898639	0.022201	0.00955423	0.0179293	0.0119398	0.134799	0.024485	0.884266	0.925787	0.0191886	0.0382618	0.123756	0.940149	0.0324783	0.028676	0.0446766	0.054806	0.0756729	0.931889	0.0446734	0.0304424	0.0363654	0.0827559	0.0687309	0.0350303	0.0437904	0.935775	0.0545489	0.00965671	0.0499423	0.023746	0.0485593	0.00627153	0.940773	0.0090541	0.733075	0.0366336	0.0160921	0.0702332	0.0100397	0.0326711	0.0684108	0.940308	0.0402018	0.0115386	0.0413641	0.0502558	0.0423859	0.403943	0.0946329	0.00645992
V32_S9	0.00790014	0.0345399	0.0358055	0.113808	0.895816	0.137184	0.0180252	0.031292	0.0211723	0.0646829	0.952751	0.905696	0.0578886	0.0632569	0.010322	0.106555	0.0682322	0.0256488	0.012455	0.138172	0.0286736	0.00670697	0.167436	0.932376	0.0217356	0.0240303	0.0299394	0.0287928	0.0323998	0.0137551	0.0380498	0.894749	0.0510323	0.0445646	0.033812	0.127018	0.278607	0.0636858	0.0347789	0.0905038	0.0509482	0.389165	0.0741011	0.0115213	0.0348821	0.0668059	0.0214597	0.050593	0.0366824	0.0713113	0.0473014	0.0131655	0.917313	0.0523177	0.0670624	0.0123986	0.0655745	0.170395	0.133791	0.00415525	0.13279	0.912623	0.279436	0.0815616	0.0551245	0.020892	0.928816	0.0372191	0.0287936	0.0076002	0.0453563	0.890176	0.0269202	0.0621338	0.0212717	0.0143211	0.70007	0.0166715	0.0280229	0.105409	0.0294522	0.51886	0.0291519	0.00660811	0.0366272	0.289269	0.0249247	0.0493688	0.0395889	0.00580061	0.0638754	0.0335745	0.0305701	0.00668004	0.927801	0.025878	0.0638253	0.885911	0.0144167	0.0096048	0.0134108	0.0100621	0.0788215	0.0215917	0.901429	0.917425	0.0200488	0.0279376	0.105175	0.938025	0.0336551	0.0244359	0.0383847	0.0510478	0.301926	0.92644	0.0416921	0.0220474	0.0418072	0.0749022	0.066046	0.0247592	0.0232715	0.921905	0.0358972	0.00663481	0.0181811	0.0306638	0.0376379	0.00392418	0.93116	0.00893316	0.762682	0.0230229	0.00709182	0.0723961	0.0132395	0.0333127	0.0650925	0.938368	0.0278882	0.00593382	0.0374296	0.038541	0.0409317	0.350796	0.080899	0.00400303
V34_S1	0.00527957	0.0500298	0.0475671	0.0838973	0.90559	0.150935	0.0284567	0.0504413	0.0208714	0.0734316	0.962817	0.919722	0.0700562	0.0785532	0.0107328	0.124068	0.0583489	0.0303783	0.0262857	0.128763	0.0336628	0.0110419	0.231187	0.930515	0.0206319	0.0374012	0.0465127	0.0335659	0.0446905	0.0177255	0.042905	0.919562	0.0620145	0.0550042	0.0312098	0.0649114	0.321455	0.0792353	0.040073	0.0988501	0.0495019	0.418861	0.0903181	0.0146093	0.0271009	0.0773712	0.0208852	0.0517747	0.042395	0.0817191	0.0564514	0.0122541	0.899158	0.0602478	0.0783309	0.0134887	0.092494	0.174431	0.12457	0.00620257	0.136767	0.936153	0.321832	0.0835243	0.0736446	0.0227884	0.946948	0.0447639	0.043869	0.00649914	0.0451704	0.896442	0.0351816	0.0677664	0.0242159	0.0150562	0.652878	0.0174549	0.0424703	0.136334	0.0436482	0.559496	0.0281331	0.00905405	0.0468848	0.28933	0.0248189	0.0676189	0.0465365	0.00689348	0.109822	0.0253122	0.0492419	0.00942915	0.921057	0.0386138	0.107875	0.900548	0.0153635	0.0109936	0.0121133	0.00970504	0.0591643	0.0202747	0.904551	0.915723	0.023161	0.031445	0.128202	0.938062	0.0471397	0.0277039	0.0478188	0.0488037	0.0685979	0.932206	0.0570735	0.0296207	0.051328	0.0875714	0.0702154	0.0314242	0.0554989	0.934409	0.0495743	0.0112233	0.0180333	0.0306764	0.0634262	0.00351181	0.938712	0.00585514	0.765355	0.0446217	0.00632012	0.0788728	0.0136771	0.0461634	0.0701132	0.945414	0.0155894	0.00886045	0.0453933	0.0431202	0.0485836	0.367292	0.111905	0.00361647
V34_S10	0.00540561	0.0305585	0.0317995	0.0988762	0.899999	0.108419	0.0182301	0.0329681	0.0147753	0.0523099	0.952344	0.900543	0.0452919	0.0685651	0.00612374	0.103791	0.0731396	0.0235253	0.0152381	0.132517	0.0181567	0.00607368	0.2056	0.92445	0.015256	0.0210099	0.0291811	0.0263221	0.029853	0.00930641	0.0319797	0.89233	0.036117	0.043772	0.0264882	0.129542	0.335852	0.0684959	0.0338966	0.0892871	0.0427488	0.394249	0.0711313	0.00788376	0.0447776	0.0589003	0.0150089	0.0448628	0.0285622	0.0637441	0.0362594	0.00749288	0.883391	0.0448404	0.0667839	0.0110032	0.0608548	0.125501	0.139794	0.00267917	0.172093	0.92514	0.332333	0.0742208	0.0528476	0.019097	0.922097	0.0339685	0.0270911	0.00551299	0.0449462	0.879359	0.0202215	0.0480344	0.0170344	0.00970834	0.685595	0.00955977	0.0495646	0.0870968	0.0261389	0.544737	0.0432189	0.00537262	0.0282808	0.217747	0.023305	0.0437286	0.0351535	0.00647185	0.0561999	0.0654013	0.0233479	0.00525469	0.915952	0.0340538	0.055993	0.882277	0.0108029	0.00785743	0.00761634	0.007392	0.0682303	0.0151399	0.876318	0.909413	0.0091699	0.0165689	0.107235	0.913731	0.0254102	0.0177628	0.0339889	0.042743	0.0987433	0.92138	0.0518509	0.0180002	0.040441	0.0597597	0.0586225	0.02115	0.0373638	0.924934	0.0332615	0.0046155	0.016634	0.0299126	0.0337685	0.00309878	0.925001	0.00504058	0.722165	0.0147217	0.00475263	0.0375875	0.00669628	0.0264194	0.0568274	0.937734	0.0109024	0.00712985	0.0762476	0.0326632	0.0351858	0.34732	0.0699163	0.00259832
V34_S2	0.00695789	0.0308312	0.0446767	0.0677436	0.883914	0.131119	0.0215508	0.04509	0.0231392	0.0623258	0.955773	0.878916	0.0619795	0.0729098	0.0110205	0.120564	0.0586338	0.0322603	0.0183171	0.102052	0.0332449	0.00826811	0.243441	0.925382	0.0229779	0.0273635	0.0318155	0.0349373	0.0372161	0.0126889	0.0404225	0.90912	0.047593	0.0477251	0.0284287	0.0720605	0.284365	0.0721684	0.0374739	0.100918	0.0519935	0.468969	0.0839257	0.0119776	0.0404665	0.0953524	0.0230857	0.0487485	0.0345439	0.0718182	0.0465769	0.0115956	0.896485	0.0534174	0.0723416	0.0139171	0.0930204	0.152009	0.105158	0.00595269	0.144744	0.910024	0.285637	0.0723554	0.0631893	0.0268226	0.920396	0.041001	0.0342869	0.00633249	0.0398179	0.861469	0.0301721	0.0594149	0.0232712	0.0175006	0.700999	0.0158608	0.0366855	0.114994	0.0342268	0.547222	0.0241694	0.0106332	0.0500966	0.258026	0.0278084	0.0521845	0.0449188	0.00514388	0.0626307	0.00840012	0.0369492	0.0101118	0.908151	0.0310378	0.0624034	0.8871	0.0158668	0.00708653	0.0111909	0.0082632	0.0753301	0.0231124	0.880809	0.914384	0.0230734	0.0289511	0.129811	0.931793	0.0408293	0.0215209	0.0404199	0.0530706	0.0987552	0.932703	0.0496835	0.0251195	0.0501142	0.0740155	0.0725439	0.0278467	0.0305976	0.927619	0.0320996	0.00742645	0.0465545	0.029634	0.0411179	0.00395237	0.927867	0.00960708	0.737745	0.0319341	0.00571109	0.0851499	0.0114764	0.0403117	0.0644141	0.933403	0.0335247	0.00913275	0.0419424	0.0420805	0.0445147	0.362449	0.0903663	0.00386119
V34_S3	0.0158064	0.0518418	0.0491029	0.105978	0.894612	0.167574	0.0353604	0.0522597	0.0231013	0.0766095	0.95811	0.910047	0.0727866	0.0736872	0.0141142	0.141643	0.0785647	0.0282695	0.0269439	0.155838	0.0432657	0.0124399	0.184172	0.909828	0.0230197	0.0376953	0.0533187	0.0277789	0.0463727	0.0302823	0.0437642	0.916816	0.0715914	0.0535774	0.0424253	0.135861	0.256886	0.0748564	0.0441191	0.0907126	0.0615329	0.432774	0.101464	0.0195229	0.041201	0.092419	0.0231769	0.0625189	0.0446813	0.0838836	0.0600101	0.0153511	0.925147	0.0604158	0.0939815	0.0244274	0.0898802	0.15391	0.150465	0.0115343	0.143851	0.920052	0.257646	0.08367	0.0736636	0.0301662	0.934451	0.0483239	0.0425728	0.01566	0.0522803	0.886077	0.0426972	0.071464	0.0291569	0.017707	0.696906	0.0101724	0.0390479	0.157447	0.0421463	0.510153	0.0308237	0.0108187	0.0475875	0.287161	0.0292429	0.0596612	0.0496184	0.0168336	0.102625	0.00494182	0.0480608	0.0113569	0.913837	0.0320733	0.10248	0.89613	0.0238457	0.0116322	0.0155535	0.0134451	0.102119	0.0228714	0.882537	0.918651	0.0170856	0.0373874	0.132393	0.937155	0.0376407	0.0318625	0.0479686	0.0600259	0.394859	0.916946	0.064276	0.0341712	0.0474264	0.0957477	0.0793	0.0397374	0.0803262	0.927462	0.0508736	0.0162055	0.0378655	0.0318024	0.0630726	0.00640833	0.929131	0.00624431	0.726792	0.0445137	0.0122815	0.0690046	0.0145331	0.037735	0.0714555	0.937397	0.0375752	0.0154272	0.0492409	0.0551233	0.0467722	0.348848	0.105824	0.00621644
V34_S4	0.0117156	0.0488899	0.0481183	0.12612	0.88671	0.14513	0.0288097	0.0469837	0.0265687	0.0740397	0.959101	0.918927	0.0633068	0.0728487	0.0152256	0.119775	0.0622907	0.039172	0.0252468	0.126891	0.034521	0.0107643	0.212151	0.928366	0.0259643	0.0337696	0.0424217	0.0336973	0.0453635	0.0270088	0.0445572	0.923028	0.060943	0.05014	0.0357115	0.158427	0.359983	0.0730085	0.0433964	0.0952297	0.0617083	0.422652	0.325049	0.0242206	0.0431393	0.091755	0.0261052	0.0579941	0.0436107	0.0806874	0.0559374	0.0128335	0.930612	0.0605495	0.080695	0.0190573	0.0936614	0.153792	0.124936	0.0103701	0.163437	0.902339	0.35711	0.0826827	0.0676043	0.0258163	0.936209	0.0422453	0.0425455	0.0117915	0.0489804	0.891192	0.035948	0.0646516	0.0280737	0.0124201	0.712346	0.0154416	0.0506772	0.133917	0.0421993	0.566105	0.03493	0.0102625	0.0323035	0.290632	0.0360102	0.0594386	0.0480617	0.0116302	0.0666792	0.0598561	0.0388077	0.0101372	0.924454	0.0313008	0.065459	0.909124	0.0174832	0.0141334	0.0129887	0.0116822	0.205222	0.0257766	0.89278	0.907347	0.0205367	0.0403938	0.122147	0.944979	0.0406193	0.0305275	0.0472541	0.062215	0.201757	0.929309	0.0589771	0.0339219	0.0507143	0.0817012	0.0760413	0.0316202	0.0324565	0.922068	0.0496156	0.016513	0.0365102	0.0358724	0.0415246	0.00347195	0.935852	0.00709452	0.688482	0.0228564	0.0123372	0.0779876	0.0120426	0.0403877	0.0742536	0.94479	0.0346362	0.0151768	0.0396664	0.0532709	0.0454342	0.342993	0.103088	0.00334744
V34_S5	0.0136789	0.0509252	0.0528089	0.0863575	0.898134	0.144857	0.0291191	0.0450526	0.0263501	0.0731679	0.962131	0.903702	0.0704896	0.0674687	0.0110202	0.133603	0.0782855	0.0328703	0.022323	0.120126	0.0414543	0.010577	0.211855	0.93268	0.0258829	0.0492268	0.0522241	0.0325342	0.0445385	0.0235983	0.049493	0.913586	0.0710152	0.0540298	0.0346431	0.122578	0.33771	0.0669913	0.0523153	0.0987214	0.0577693	0.445068	0.0965472	0.0188088	0.0460453	0.0795942	0.0264965	0.052529	0.0445091	0.0811212	0.0596337	0.0131089	0.894377	0.0605295	0.0888923	0.0290542	0.11688	0.161744	0.121623	0.00922752	0.130618	0.911505	0.336793	0.0902919	0.0753365	0.0300813	0.929126	0.0484925	0.0454397	0.0110009	0.0521193	0.879678	0.0368445	0.0700795	0.0267858	0.0222721	0.660999	0.016993	0.0561303	0.14413	0.0455946	0.526647	0.0340082	0.00967333	0.0500621	0.251422	0.0289144	0.0812469	0.0493155	0.014695	0.107426	0.0408717	0.0459411	0.00946949	0.916087	0.035086	0.106446	0.898126	0.0137616	0.0118652	0.0131281	0.0123888	0.072942	0.0260469	0.885028	0.911458	0.0240444	0.0355283	0.131032	0.933434	0.0373329	0.028834	0.0524326	0.0576337	0.145435	0.932409	0.0630246	0.0343507	0.0698098	0.0830065	0.073139	0.0317286	0.0523287	0.92787	0.0512351	0.00948698	0.0426682	0.0364135	0.0582138	0.0053893	0.933982	0.0106362	0.69732	0.0401028	0.00765972	0.0898822	0.0165019	0.036279	0.0725742	0.934491	0.0304111	0.00989233	0.0452563	0.0524713	0.0497281	0.372711	0.10233	0.00567363
V34_S6	0.0122544	0.0454618	0.0423413	0.168414	0.864584	0.145987	0.0335532	0.0524736	0.023009	0.069022	0.96115	0.902202	0.077979	0.0688276	0.0211456	0.129164	0.0601463	0.0297581	0.0203855	0.128638	0.0332698	0.0110977	0.172693	0.925146	0.022372	0.0480657	0.051597	0.0330763	0.0393328	0.0441841	0.0467169	0.91727	0.080339	0.0445517	0.0644621	0.275078	0.321571	0.0694888	0.0396744	0.0900776	0.0647435	0.394814	0.0759445	0.0206982	0.0437849	0.0968179	0.0233287	0.0553319	0.0433478	0.0766845	0.0572823	0.0187852	0.927014	0.0591664	0.0816068	0.035146	0.0812015	0.161852	0.127228	0.00947833	0.13301	0.911586	0.323003	0.0870838	0.0648238	0.0266547	0.921766	0.0379522	0.0438295	0.012574	0.0538889	0.8581	0.0442879	0.072882	0.0298835	0.0266338	0.654938	0.0148065	0.0502122	0.158189	0.0440426	0.5127	0.0330026	0.0105365	0.0948156	0.282062	0.0431787	0.0643411	0.0455348	0.01054	0.0889291	0.0480589	0.0459137	0.00963749	0.91603	0.0363638	0.0897531	0.899189	0.028327	0.015084	0.0178028	0.0195974	0.186173	0.0229536	0.852618	0.908633	0.0151171	0.0559113	0.133634	0.92547	0.0352579	0.0339021	0.0472746	0.0641929	0.0864754	0.91126	0.0466077	0.0371449	0.0548071	0.0805067	0.0796924	0.0413675	0.0645517	0.921829	0.0480577	0.00880333	0.0396768	0.0263036	0.0528017	0.00741095	0.929666	0.0122966	0.684965	0.033014	0.0259335	0.0867294	0.0158645	0.0346417	0.0767528	0.928767	0.0582394	0.0204477	0.0466064	0.0603101	0.0424224	0.288543	0.103633	0.00750153
V34_S7	0.00822357	0.0570825	0.0427047	0.0779326	0.893933	0.164052	0.0281414	0.0485152	0.0239712	0.0728856	0.968269	0.908512	0.0727966	0.0810925	0.0129974	0.131332	0.0430791	0.0256885	0.0213835	0.0896782	0.0404134	0.0102459	0.236754	0.932735	0.0242428	0.0423741	0.0546821	0.0255522	0.045057	0.0247325	0.0421208	0.920429	0.0653798	0.054113	0.035728	0.0907789	0.190929	0.0812766	0.0420251	0.103132	0.0522687	0.446337	0.189742	0.0157901	0.0292642	0.0908338	0.0238244	0.0573151	0.0442563	0.0839431	0.0517153	0.0138823	0.90262	0.0578603	0.0827648	0.0157786	0.0937777	0.198914	0.0926627	0.00815726	0.163672	0.926309	0.190564	0.0769851	0.0792773	0.0220277	0.942558	0.0447674	0.0438702	0.00772646	0.0504305	0.889115	0.0363759	0.0654751	0.02747	0.0137551	0.664294	0.0163552	0.0394255	0.108127	0.0433264	0.508636	0.0333881	0.0115118	0.0443021	0.295157	0.0288738	0.0601989	0.0506117	0.0076778	0.107987	0.00825509	0.0473651	0.011333	0.9313	0.0313473	0.10796	0.895298	0.0172831	0.0136134	0.0137154	0.00999164	0.0948502	0.0240662	0.891435	0.924544	0.0209636	0.0384035	0.134655	0.945527	0.0390636	0.0268008	0.0497773	0.0519047	0.125332	0.937233	0.0634881	0.0396349	0.0512306	0.0857169	0.07404	0.0350234	0.0995388	0.931149	0.0557408	0.0161025	0.0311872	0.0319219	0.0603385	0.00359965	0.942287	0.00678974	0.747614	0.0316208	0.00985232	0.0799919	0.00953777	0.0383085	0.0768698	0.943125	0.0198757	0.0161013	0.0438119	0.050916	0.0478323	0.418592	0.100829	0.00371295
V34_S8	0.00988891	0.0510338	0.054536	0.0762419	0.89678	0.151156	0.0267865	0.0446226	0.0246697	0.0714884	0.95971	0.911926	0.068173	0.077041	0.00960395	0.129143	0.0481448	0.0358476	0.0233107	0.181406	0.0387876	0.0131853	0.198811	0.925925	0.0251976	0.0435519	0.0403581	0.030348	0.0389414	0.0179471	0.0451059	0.916426	0.0581646	0.0524619	0.0304418	0.09582	0.226461	0.0770672	0.0428658	0.10187	0.0568889	0.446524	0.0923536	0.0136251	0.0384275	0.0797028	0.0251133	0.0586075	0.0420315	0.0835982	0.0629685	0.0122919	0.900648	0.0613118	0.0847885	0.014379	0.0873671	0.175843	0.181199	0.00686127	0.163689	0.914677	0.226954	0.0886874	0.0651496	0.0253463	0.936762	0.0434384	0.0449923	0.0105209	0.0500797	0.889635	0.0360088	0.0718948	0.0244136	0.0174493	0.677514	0.0179427	0.0427374	0.159591	0.0440983	0.474572	0.0281255	0.0101765	0.0495623	0.293473	0.0272158	0.0696772	0.058447	0.00708899	0.0873439	0.0363497	0.0500744	0.0105879	0.927558	0.0387299	0.0873717	0.898021	0.0178476	0.00672308	0.0120101	0.0107504	0.162808	0.0251436	0.886439	0.915346	0.0215176	0.037814	0.129539	0.929585	0.0409208	0.0258964	0.0471922	0.0566878	0.225519	0.930071	0.0655031	0.0331921	0.0479566	0.0880216	0.0733663	0.0314355	0.0273046	0.928569	0.0505597	0.0131334	0.0281696	0.0359022	0.0560343	0.00392111	0.940453	0.00807685	0.759717	0.0478024	0.00707933	0.0622556	0.0130151	0.0397681	0.0740996	0.93961	0.0180012	0.0104104	0.0388313	0.046274	0.0487167	0.378737	0.10385	0.0043376
V34_S9	0.0133767	0.0515724	0.0497523	0.110064	0.907133	0.173974	0.0285976	0.0532369	0.0243243	0.0756756	0.964177	0.912393	0.077532	0.0704531	0.0158499	0.122197	0.0675466	0.0279419	0.0273901	0.120532	0.0416503	0.0114628	0.238814	0.9298	0.0239996	0.0505723	0.0516996	0.0287515	0.0471019	0.0219888	0.0501768	0.920461	0.0795577	0.0570258	0.0370544	0.0879766	0.222779	0.0712416	0.0411182	0.105442	0.06065	0.416591	0.110704	0.0177172	0.0376166	0.0789153	0.0241573	0.0616238	0.0468247	0.086243	0.0605179	0.016692	0.932864	0.0669367	0.0846012	0.0205358	0.115871	0.188033	0.122766	0.00887404	0.126892	0.919066	0.222919	0.0823186	0.0819553	0.0256563	0.942511	0.0492118	0.0614238	0.0133382	0.0513152	0.888046	0.0419232	0.0746679	0.0306912	0.0222057	0.53797	0.0240691	0.0450456	0.167959	0.0608759	0.462449	0.0360262	0.00946123	0.0465797	0.228536	0.038623	0.0691406	0.0455949	0.0154092	0.117808	0.00834728	0.0545383	0.00892142	0.925482	0.0261215	0.11986	0.904665	0.0182496	0.0156289	0.0169615	0.0130452	0.148486	0.0242064	0.883604	0.919415	0.0220394	0.0414936	0.123885	0.940663	0.0496192	0.031017	0.0484214	0.0604891	0.15029	0.935946	0.0670606	0.0386143	0.0411134	0.0834128	0.0731219	0.0365433	0.0351758	0.932545	0.0520177	0.0134086	0.0299895	0.0378502	0.0657622	0.00485431	0.935514	0.0153551	0.655315	0.0465143	0.0118041	0.0947079	0.00944817	0.0496894	0.0740077	0.94225	0.0318872	0.0148848	0.0459024	0.0579098	0.0494078	0.317601	0.108256	0.00460379
V36_S1	0.00761899	0.0472904	0.0487348	0.104868	0.896384	0.166291	0.0327023	0.0523406	0.0258949	0.0744201	0.955169	0.907382	0.0711713	0.0811395	0.013736	0.128488	0.0644705	0.0376506	0.0269002	0.123313	0.0377032	0.00949833	0.227556	0.922486	0.0262886	0.0339308	0.0577808	0.0313897	0.0471665	0.0240591	0.0487193	0.917373	0.0844592	0.0518267	0.0384352	0.113125	0.291136	0.080799	0.0418413	0.0896508	0.0591636	0.433489	0.200071	0.0181819	0.044982	0.0876793	0.0258635	0.0553073	0.0483153	0.0862122	0.074213	0.0140892	0.923244	0.0692329	0.0886195	0.0220406	0.0792552	0.196632	0.121032	0.00833241	0.1784	0.912258	0.28994	0.0956645	0.0799598	0.0278242	0.932128	0.0438165	0.0474443	0.00793571	0.0502754	0.88839	0.0347946	0.0728102	0.0294771	0.0184229	0.640558	0.020761	0.0399511	0.13929	0.0475216	0.502922	0.0402054	0.0120014	0.0482279	0.30195	0.033863	0.0650845	0.0519427	0.00758274	0.111995	0.0135748	0.0466781	0.0114337	0.917196	0.0307428	0.114271	0.89286	0.019324	0.0155062	0.0131952	0.0129627	0.146921	0.0255425	0.894202	0.911703	0.0176341	0.0379147	0.123265	0.926223	0.0392324	0.0314321	0.0472525	0.0587964	0.497565	0.924362	0.0626195	0.0398344	0.0421935	0.0787838	0.0712962	0.0363701	0.0912949	0.930083	0.0481871	0.0104074	0.0751954	0.0314671	0.0635107	0.00505157	0.928079	0.00770342	0.72765	0.0413723	0.0118083	0.0773589	0.0169532	0.0391436	0.0714715	0.931884	0.0316247	0.0168812	0.0486483	0.048509	0.0434298	0.363751	0.10806	0.00485246
V36_S10	0.12238	0.0788141	0.0726065	0.298637	0.888202	0.213077	0.0877719	0.0933791	0.0811311	0.118821	0.945986	0.921556	0.139141	0.135278	0.0673731	0.198525	0.0802575	0.0291575	0.0247432	0.159541	0.0792737	0.00786872	0.240842	0.914906	0.0794945	0.148585	0.0582203	0.0310064	0.0503618	0.0384316	0.150771	0.928993	0.157174	0.0684757	0.100064	0.380312	0.456522	0.134146	0.0448697	0.133075	0.121039	0.474815	0.206168	0.184437	0.0996993	0.171568	0.0797724	0.0912956	0.157169	0.134062	0.0841162	0.0219848	0.926827	0.0612578	0.130988	0.171169	0.0952167	0.182026	0.159718	0.0142459	0.148139	0.923059	0.455219	0.113324	0.0782808	0.0730968	0.929514	0.0739931	0.0820129	0.12447	0.0934503	0.875181	0.0505671	0.115756	0.0484935	0.0728982	0.733945	0.05307	0.0499103	0.205535	0.0827139	0.577626	0.0644646	0.0855022	0.209079	0.389407	0.0743318	0.100161	0.0646112	0.0950736	0.10571	0.0138424	0.143911	0.0849791	0.926499	0.0296733	0.104641	0.908341	0.0486769	0.0112473	0.0234595	0.0228239	0.310867	0.0785705	0.849555	0.921697	0.0184899	0.0451613	0.19667	0.929301	0.0703131	0.0831813	0.0562285	0.121102	0.168092	0.884305	0.0728475	0.0695523	0.0789027	0.139912	0.114727	0.0758215	0.241846	0.919878	0.080125	0.0144073	0.182686	0.0338517	0.0573396	0.089465	0.940979	0.00636432	0.675669	0.0904688	0.052321	0.0904951	0.0173291	0.0698152	0.113838	0.924998	0.181506	0.0129946	0.0533117	0.0457897	0.0803233	0.364785	0.21014	0.0886941
V36_S12	0.0103859	0.0479833	0.0516697	0.0369628	0.894757	0.103291	0.0208139	0.0383492	0.0185419	0.0651075	0.959884	0.910037	0.0496956	0.0501276	0.0125295	0.101104	0.0587834	0.0219804	0.0228215	0.0847194	0.0316319	0.00992326	0.224274	0.928964	0.0183715	0.0317567	0.0385549	0.0296562	0.0411136	0.0160508	0.037131	0.918683	0.0529968	0.0567648	0.0230101	0.0597375	0.271033	0.0502335	0.0377872	0.116733	0.0459882	0.315001	0.104102	0.0179788	0.0281486	0.0705864	0.0184345	0.0415142	0.0344789	0.0761785	0.0657782	0.0119605	0.925534	0.0474207	0.0993698	0.0166766	0.0937675	0.156896	0.082919	0.00511989	0.190039	0.915232	0.272214	0.0741707	0.0771308	0.0242739	0.939596	0.0470734	0.0348852	0.00949606	0.0436691	0.889856	0.0275136	0.0554202	0.0233766	0.00931693	0.635759	0.0189334	0.0308979	0.103251	0.0348857	0.532021	0.027697	0.00929592	0.0271241	0.25148	0.0269666	0.0565507	0.049666	0.00627359	0.111941	0.00466868	0.0343091	0.00889045	0.918984	0.0207057	0.110608	0.892331	0.0125215	0.010885	0.0117205	0.00690023	0.0418155	0.0185855	0.882069	0.916482	0.0506706	0.0230415	0.100162	0.935933	0.034025	0.0226336	0.0417173	0.0465816	0.101365	0.925998	0.0601072	0.0253712	0.0295984	0.0684623	0.0633677	0.0337609	0.0468724	0.938799	0.0476891	0.0103049	0.029116	0.0262629	0.0587404	0.00518094	0.936968	0.00814751	0.748492	0.031614	0.0066499	0.0621877	0.00839803	0.0345018	0.0661783	0.945538	0.022386	0.00829725	0.0369804	0.0476542	0.0491244	0.395473	0.084329	0.00506623
V36_S13	0.0226988	0.0619218	0.048171	0.139766	0.894422	0.143971	0.0363429	0.0541199	0.0336167	0.0772904	0.955869	0.900764	0.0726622	0.069055	0.0153453	0.135208	0.0666808	0.042554	0.0512736	0.140167	0.0392942	0.0130034	0.216112	0.924503	0.0326818	0.0382965	0.0479022	0.0390124	0.0549915	0.0254957	0.0424972	0.890567	0.0751813	0.054877	0.0393504	0.130947	0.345767	0.0694483	0.0518284	0.10732	0.0579734	0.378065	0.10992	0.0196736	0.0377018	0.0934482	0.0330853	0.054737	0.0522364	0.0819952	0.05476	0.0151776	0.919692	0.0617145	0.0848245	0.0244238	0.109241	0.180319	0.141125	0.00942393	0.200961	0.921241	0.346778	0.0898785	0.0816908	0.0332009	0.926591	0.0501105	0.0551258	0.0217181	0.0513884	0.879014	0.0409728	0.0683619	0.024891	0.0141905	0.669375	0.0235873	0.0893857	0.123284	0.0561716	0.517173	0.0437027	0.0177231	0.0591964	0.272483	0.0476093	0.0657201	0.0556119	0.0175775	0.0933031	0.0161574	0.0440257	0.0166789	0.924729	0.0297084	0.0934459	0.889792	0.0231245	0.0171987	0.0158507	0.0125848	0.0847899	0.0331881	0.874453	0.914439	0.018672	0.0442881	0.130888	0.93607	0.0509309	0.0280368	0.0515336	0.0571604	0.0869857	0.918047	0.0736452	0.0350262	0.0626746	0.0735475	0.0764813	0.030975	0.0685752	0.919369	0.0644568	0.0115004	0.0457534	0.0453886	0.0615655	0.0053444	0.93604	0.015033	0.746262	0.0446377	0.0146969	0.0711644	0.0134841	0.0524803	0.0752176	0.934972	0.0375718	0.0195952	0.0447938	0.0604931	0.0598894	0.307528	0.110435	0.00513561
V36_S14	0.0075796	0.0435959	0.0475524	0.0824446	0.891505	0.13964	0.0219324	0.0398801	0.0229319	0.0646791	0.948924	0.90747	0.0612314	0.0695062	0.0114397	0.117808	0.0505853	0.0257292	0.0227475	0.134659	0.0323145	0.0103745	0.221591	0.932854	0.0228394	0.034836	0.0397403	0.0295045	0.0404971	0.0178149	0.0409466	0.902764	0.0533264	0.048077	0.0304919	0.0910969	0.318635	0.0697028	0.036142	0.0849463	0.0526381	0.399344	0.084572	0.01429	0.0325562	0.0742061	0.0231901	0.0525064	0.0377948	0.0735242	0.0503888	0.0144101	0.93108	0.0525072	0.0746507	0.0176474	0.0865513	0.152174	0.136849	0.00830586	0.141386	0.916137	0.319655	0.0743739	0.0677647	0.0249306	0.936141	0.0397391	0.0380491	0.00747261	0.0414888	0.891273	0.0309105	0.0590912	0.0257413	0.0162534	0.633609	0.0221984	0.0379921	0.122065	0.0376119	0.502157	0.0272481	0.00835341	0.0377832	0.276857	0.0299797	0.0606753	0.0428068	0.00764373	0.0702273	0.00980838	0.0408524	0.00838479	0.927531	0.0346516	0.0712483	0.900487	0.0163813	0.00888309	0.0142675	0.0098815	0.0729682	0.0226739	0.888517	0.922521	0.0201733	0.030889	0.122213	0.93815	0.0354621	0.0284704	0.040005	0.0523108	0.264998	0.930096	0.0481323	0.0272286	0.0438192	0.0701012	0.0713149	0.0283258	0.0680865	0.93766	0.0431022	0.00736304	0.0380371	0.028039	0.0481336	0.00414236	0.937985	0.0113544	0.74395	0.0270633	0.00856536	0.0796194	0.0122624	0.0347543	0.0660077	0.948172	0.0181438	0.0122679	0.0376218	0.0517983	0.0440111	0.356696	0.0930417	0.00400726
V36_S16	0.00445302	0.0468951	0.0419966	0.0396263	0.915087	0.162128	0.0221966	0.0463387	0.021538	0.0693941	0.971774	0.926394	0.0642321	0.0732369	0.0100066	0.110132	0.0634571	0.02674	0.0227368	0.135093	0.037608	0.00796017	0.244448	0.940768	0.0204767	0.033034	0.0380327	0.0222727	0.0436325	0.0166095	0.0405038	0.926606	0.0577172	0.0492157	0.0271915	0.0551115	0.312087	0.0727714	0.0410326	0.0982513	0.0501342	0.366852	0.0867604	0.0121491	0.0210166	0.0720998	0.0209743	0.0543436	0.0385598	0.0813927	0.0539278	0.0126036	0.865186	0.0550631	0.0760582	0.00763363	0.119522	0.170742	0.131048	0.00468143	0.100177	0.917476	0.310336	0.0770464	0.0650125	0.0180942	0.951648	0.0492691	0.0373006	0.00495591	0.0474611	0.917883	0.0321511	0.0614924	0.0257364	0.00959473	0.658099	0.0196537	0.0364707	0.0940077	0.0379714	0.525875	0.0403703	0.00777707	0.0322302	0.276726	0.0209506	0.063912	0.043197	0.00508258	0.093995	0.0193146	0.036705	0.00751436	0.939422	0.0255007	0.0950869	0.909378	0.0141184	0.00873182	0.0131399	0.00679917	0.0862909	0.0214446	0.917785	0.933635	0.0185653	0.0324407	0.108691	0.948196	0.0363655	0.0256359	0.0431793	0.050402	0.0820944	0.934347	0.0516052	0.0249912	0.0429744	0.0818913	0.0698512	0.0293314	0.042112	0.947794	0.0482692	0.011665	0.0226098	0.030793	0.0501393	0.00276664	0.941471	0.00558514	0.725684	0.0329362	0.00472162	0.0811011	0.00673333	0.0356132	0.0629835	0.953069	0.0114858	0.00859377	0.0701651	0.0498679	0.0439042	0.421017	0.0906178	0.00321765
V36_S2	0.01064	0.0655738	0.0455176	0.101247	0.895341	0.157614	0.0362691	0.0493382	0.0245496	0.0831632	0.952171	0.917208	0.0758723	0.0995874	0.00829018	0.127794	0.0647989	0.0268045	0.0163917	0.144426	0.0400125	0.00866194	0.288564	0.929036	0.0245857	0.0423333	0.0551595	0.0298132	0.0469101	0.0156924	0.0684979	0.92294	0.0765975	0.0578041	0.0385231	0.0743374	0.411141	0.0979781	0.0556927	0.117449	0.0610191	0.409366	0.125875	0.0199783	0.0392184	0.0941212	0.0250606	0.0576268	0.0487952	0.0923734	0.0612942	0.00999872	0.921122	0.0509772	0.0987164	0.0327054	0.0830018	0.210915	0.143877	0.00620523	0.101216	0.925245	0.410319	0.0909363	0.0777685	0.0300979	0.939792	0.0506957	0.0363214	0.0111282	0.0630435	0.884216	0.0283029	0.0697753	0.0214252	0.0107264	0.711969	0.00965147	0.028309	0.137303	0.0373557	0.521938	0.0397904	0.00945169	0.077824	0.227791	0.0383057	0.0731825	0.0507194	0.0040919	0.116069	0.0175447	0.0380999	0.00997434	0.922035	0.0273318	0.114772	0.904703	0.0273547	0.00932929	0.00916355	0.00764445	0.0677729	0.0233842	0.90476	0.915285	0.0183873	0.0272411	0.140684	0.93348	0.0504893	0.0476074	0.0477669	0.0626412	0.0778404	0.927478	0.0457702	0.0325948	0.061882	0.0766447	0.0767791	0.0316439	0.0808403	0.933241	0.0631774	0.00520484	0.0416536	0.036435	0.076133	0.00528282	0.931631	0.00674412	0.739579	0.0455024	0.00853841	0.0446975	0.00760086	0.0510817	0.0821325	0.93557	0.0349885	0.00627364	0.0504728	0.0303723	0.043577	0.377837	0.116983	0.00571587
V36_S3	0.019671	0.0637414	0.0718692	0.153341	0.880505	0.157601	0.0439732	0.0541674	0.0339025	0.0820572	0.951518	0.908733	0.0855038	0.0977897	0.0275715	0.135524	0.0595428	0.036422	0.0216439	0.152915	0.0466251	0.00870697	0.168771	0.921936	0.0343034	0.0576102	0.0607864	0.0347548	0.0442312	0.0414692	0.0536643	0.910259	0.0944959	0.0537536	0.061848	0.159964	0.366122	0.098711	0.048686	0.105097	0.060242	0.435259	0.153289	0.0261698	0.0530853	0.113386	0.0337114	0.0588199	0.0557716	0.0915194	0.0678307	0.022377	0.901845	0.0689177	0.0940646	0.0577138	0.0916376	0.150879	0.154996	0.0126955	0.170487	0.912191	0.366334	0.0963339	0.0801899	0.0297047	0.936937	0.0505861	0.0658036	0.0212642	0.0628663	0.875223	0.0482911	0.0817102	0.0326211	0.0284847	0.677246	0.0221186	0.0478956	0.152911	0.0668709	0.536378	0.0338238	0.015142	0.0706291	0.289265	0.043774	0.087338	0.0704989	0.0234948	0.121341	0.0186247	0.0642051	0.0143721	0.922738	0.0469722	0.120801	0.891359	0.0371772	0.01114	0.0222687	0.0170126	0.176585	0.034329	0.882348	0.92134	0.0192764	0.0468269	0.139946	0.937149	0.0461783	0.0417562	0.0528978	0.0607577	0.2564	0.925537	0.0676753	0.0496061	0.0528525	0.0903177	0.0858502	0.0583695	0.0409748	0.92877	0.065682	0.0136092	0.0784131	0.0381144	0.073965	0.0174265	0.938037	0.0107767	0.722225	0.0368155	0.0220138	0.0939288	0.012277	0.045105	0.0813349	0.924707	0.0655075	0.0146859	0.0505989	0.0466558	0.0542826	0.315185	0.126864	0.0169337
V36_S5	0.0135142	0.0437785	0.0478612	0.12408	0.906019	0.141685	0.0285132	0.0436342	0.0237873	0.0657216	0.960128	0.901063	0.0600303	0.0683611	0.0116415	0.122307	0.0660687	0.0228488	0.0205505	0.102723	0.0346151	0.0116639	0.203895	0.91929	0.0235376	0.0304786	0.0388327	0.0341816	0.0398495	0.017625	0.0416487	0.895642	0.0566189	0.0487592	0.0349951	0.172163	0.318926	0.0682221	0.0398761	0.0980137	0.0514494	0.389348	0.103756	0.0154804	0.0296391	0.088879	0.0238041	0.0542184	0.0417443	0.0757867	0.0500051	0.0127733	0.897314	0.0535614	0.077492	0.0192407	0.10562	0.158435	0.096373	0.00796612	0.125323	0.913797	0.320203	0.078399	0.0666238	0.0219827	0.930149	0.0424281	0.0351636	0.0128739	0.0473011	0.898577	0.0310545	0.0636616	0.022741	0.0154907	0.668237	0.0144485	0.0335282	0.115707	0.0352221	0.510112	0.0284208	0.00906351	0.0652489	0.278523	0.0325844	0.0534266	0.0480741	0.00944384	0.0771256	0.0292979	0.038701	0.00911545	0.915945	0.0418025	0.0785368	0.915365	0.0135476	0.0149795	0.0121232	0.0103252	0.0633047	0.0230543	0.885199	0.887969	0.021718	0.0289568	0.128042	0.930118	0.0357267	0.024255	0.0408435	0.0515337	0.39197	0.920166	0.0455891	0.0268564	0.0518313	0.0778908	0.0707222	0.0282387	0.0354362	0.928593	0.043782	0.00738686	0.0243461	0.0439669	0.0479759	0.00359134	0.933111	0.00879512	0.765647	0.037261	0.00902332	0.0688145	0.00984913	0.0358681	0.066119	0.940504	0.0261081	0.00931499	0.0370979	0.0362377	0.0434906	0.379355	0.0975157	0.00358616
V36_S6	0.00648166	0.0475095	0.0429658	0.168444	0.904707	0.135783	0.0223236	0.0383082	0.0234709	0.0624336	0.964297	0.91503	0.0507169	0.0709004	0.0101843	0.113292	0.0689469	0.0338841	0.0227626	0.12853	0.0286868	0.0145798	0.220964	0.936401	0.0234042	0.0322731	0.0299192	0.0272144	0.0388027	0.0162446	0.0366209	0.901657	0.0452754	0.0452658	0.0340019	0.151532	0.337267	0.0710862	0.0356235	0.0849613	0.052682	0.45295	0.0813205	0.015144	0.0337417	0.0921261	0.0235471	0.0468356	0.0321528	0.0693907	0.0474278	0.0124937	0.929919	0.0488435	0.070334	0.017541	0.0801792	0.14559	0.127414	0.00640683	0.123081	0.907427	0.337034	0.073691	0.0544849	0.0181508	0.945476	0.0361183	0.0310181	0.00684188	0.0436228	0.891164	0.0247133	0.0547622	0.021635	0.0116407	0.698731	0.0167157	0.0297745	0.114351	0.0311637	0.570081	0.0325471	0.0102189	0.0430797	0.294056	0.0280376	0.0477988	0.0496352	0.00866529	0.0509083	0.0379789	0.0284328	0.0103586	0.931868	0.0280655	0.0513196	0.907639	0.0159857	0.00650821	0.0123343	0.00966028	0.15295	0.0224061	0.89237	0.918803	0.0163212	0.0292872	0.11789	0.94317	0.0376038	0.0243753	0.0410968	0.0522271	0.141671	0.934064	0.0524215	0.0204719	0.0447059	0.0687184	0.0647647	0.0225316	0.0155789	0.934868	0.0467964	0.00723993	0.0375248	0.0278338	0.0321694	0.00491742	0.946286	0.00595298	0.734986	0.028858	0.00775637	0.0538433	0.0136831	0.0366409	0.064763	0.947797	0.0369432	0.00938136	0.0402469	0.0469211	0.0407234	0.355436	0.0802421	0.00497196
V36_S7	0.00562414	0.0365154	0.0384546	0.0907983	0.886311	0.123441	0.0196343	0.0342156	0.0221829	0.0598839	0.956599	0.909639	0.0494632	0.06521	0.0101824	0.104055	0.0483888	0.0206648	0.0247712	0.119102	0.0293866	0.0135574	0.172764	0.929581	0.0213142	0.0296968	0.0322661	0.0271996	0.036493	0.0145112	0.0367041	0.91219	0.0439195	0.0437005	0.0257297	0.0685965	0.311588	0.0650525	0.0343835	0.086815	0.0525451	0.370447	0.0637436	0.0156226	0.0369765	0.0592305	0.0221113	0.0451684	0.0292113	0.0673255	0.0471167	0.0131478	0.923305	0.044803	0.0702454	0.00864822	0.0749806	0.139419	0.117438	0.00600413	0.132115	0.91069	0.311227	0.0752185	0.0579396	0.0263976	0.932767	0.0355766	0.0304908	0.00559884	0.0432485	0.881201	0.0260592	0.0542023	0.0217686	0.013466	0.701181	0.0110463	0.0326641	0.118479	0.0307913	0.564911	0.0300216	0.00748792	0.037404	0.272054	0.0222604	0.0479553	0.0387445	0.00489543	0.0508163	0.0441794	0.0297226	0.00751794	0.919754	0.0317046	0.0502465	0.906434	0.0156091	0.0110513	0.0114941	0.00968674	0.0994528	0.0215255	0.879482	0.898882	0.0163934	0.0202384	0.107367	0.933978	0.0354603	0.0235458	0.0350483	0.0534236	0.217831	0.939627	0.0420414	0.0217649	0.0411714	0.07458	0.0608917	0.0231913	0.0266556	0.931335	0.0365784	0.0070036	0.0162466	0.0288665	0.0368095	0.00216931	0.933413	0.00559078	0.763072	0.0293763	0.00494862	0.0584732	0.0100619	0.0349539	0.062909	0.942043	0.0180985	0.00726703	0.0323314	0.0543013	0.0379981	0.35262	0.0812578	0.00244196
V36_S8	0.0128583	0.0556389	0.0465046	0.159344	0.892402	0.167537	0.0333768	0.0562031	0.023985	0.0798814	0.962143	0.915873	0.0835402	0.0832369	0.0194808	0.138218	0.0667388	0.0284215	0.0260364	0.12229	0.0454408	0.0109461	0.259494	0.936062	0.0242213	0.0389322	0.0535966	0.0391434	0.053527	0.0296715	0.0477009	0.92419	0.0761821	0.0543159	0.0482231	0.119815	0.355331	0.0827403	0.0443407	0.106796	0.0653625	0.494836	0.194433	0.0219179	0.0447917	0.120918	0.023977	0.0665463	0.0480163	0.0868619	0.0631317	0.0166474	0.934341	0.0663299	0.095344	0.0291385	0.11178	0.208325	0.12047	0.00622442	0.13465	0.921114	0.353639	0.0830972	0.066972	0.0278984	0.940651	0.0462608	0.0503497	0.0113111	0.054728	0.90741	0.0468369	0.0708314	0.0305522	0.0222178	0.642764	0.0277772	0.0513378	0.152427	0.0512505	0.556867	0.0331431	0.00919087	0.0508345	0.315609	0.0339996	0.0759245	0.0596691	0.00933518	0.108563	0.0171261	0.047801	0.00953197	0.932521	0.0333686	0.107236	0.902233	0.0233421	0.0144573	0.0166639	0.0172855	0.0909948	0.0245467	0.915886	0.928204	0.0249748	0.0532821	0.136964	0.930739	0.0471707	0.0368089	0.0513918	0.0642673	0.278411	0.928061	0.0546149	0.0386893	0.0544502	0.0942178	0.079757	0.0400041	0.0347455	0.934476	0.055149	0.0129905	0.0412112	0.0315902	0.0543549	0.00556944	0.940009	0.00520863	0.748139	0.0498841	0.0149108	0.0856907	0.0130686	0.046741	0.0746951	0.942974	0.0575628	0.0148025	0.049419	0.0615026	0.0476574	0.430196	0.127447	0.00540441
V37_S1	0.00649762	0.0377504	0.044275	0.0679104	0.884765	0.136764	0.0231136	0.0438858	0.0244791	0.0738086	0.956155	0.90195	0.06351	0.0729425	0.0105818	0.128579	0.0707569	0.0268235	0.0256412	0.110772	0.0349328	0.0188042	0.179173	0.924904	0.0249023	0.0327604	0.038416	0.0246093	0.0423503	0.0175475	0.0434683	0.913702	0.0605397	0.050136	0.0355553	0.104034	0.344202	0.0734001	0.0462478	0.0909015	0.0492727	0.41935	0.0892422	0.0170399	0.031739	0.0635064	0.0254018	0.046006	0.0385953	0.0775206	0.0488373	0.00976337	0.916744	0.0461719	0.0786405	0.0204481	0.0916471	0.146927	0.112375	0.00873429	0.117699	0.919459	0.341706	0.083656	0.069182	0.0206536	0.925079	0.0477683	0.0363681	0.00565767	0.0491952	0.876764	0.0332426	0.0594086	0.0181704	0.0117952	0.702789	0.00797011	0.0311475	0.128346	0.0358795	0.520889	0.0348539	0.00723007	0.0297933	0.279114	0.0275178	0.0521087	0.0496431	0.00907514	0.094154	0.00657768	0.0415651	0.00743078	0.912886	0.0288115	0.095177	0.88273	0.016385	0.00749254	0.00949756	0.00994223	0.155359	0.0243025	0.878862	0.910657	0.0258613	0.0285024	0.128595	0.931816	0.0435129	0.0247572	0.0427818	0.0505047	0.0680572	0.908497	0.0464513	0.0304296	0.0386066	0.0907054	0.0703761	0.0298541	0.0656941	0.921091	0.0359156	0.0136469	0.0363975	0.0353084	0.0445928	0.00566633	0.933295	0.00872899	0.691836	0.0315271	0.00849257	0.0563847	0.0131657	0.0428495	0.0651432	0.936468	0.0277931	0.00862816	0.0411621	0.0448462	0.0431431	0.3467	0.0852847	0.00679076
V37_S10	0.00745446	0.0499639	0.0406441	0.109817	0.872721	0.130831	0.0235572	0.0355608	0.0219786	0.0641643	0.944959	0.897945	0.0603632	0.0888492	0.0132096	0.0802829	0.049336	0.0261031	0.0243913	0.0998623	0.0572825	0.00885695	0.190064	0.903629	0.0218701	0.0323033	0.0486176	0.0282652	0.0406786	0.0263899	0.0431313	0.892683	0.0674506	0.0439528	0.0403908	0.117915	0.268661	0.0875293	0.0545481	0.0829787	0.052303	0.335333	0.129159	0.0186008	0.0337075	0.0719737	0.0216851	0.0617769	0.0381564	0.0725761	0.0628718	0.0171355	0.835819	0.0559114	0.0819999	0.0277426	0.131732	0.10727	0.100049	0.00714909	0.190008	0.887665	0.269018	0.0823543	0.0701827	0.0211245	0.92019	0.0444387	0.0389702	0.00751467	0.047229	0.878205	0.0393029	0.0553948	0.0252111	0.0134955	0.659347	0.0167906	0.0394495	0.0972704	0.0392652	0.523279	0.0269901	0.00951168	0.0457777	0.234864	0.0321138	0.0610508	0.0503551	0.0144213	0.136031	0.00936506	0.0454215	0.00949578	0.895718	0.0305117	0.134433	0.884504	0.0177123	0.00812758	0.0177444	0.016594	0.0673385	0.0216925	0.850965	0.884708	0.0170443	0.0501101	0.0835352	0.922306	0.0326231	0.026608	0.0463466	0.0520378	0.0763267	0.899702	0.0530299	0.0325193	0.0555558	0.0676245	0.0769112	0.0405016	0.0267321	0.91973	0.0501935	0.00889328	0.0254899	0.0260834	0.0764403	0.00654674	0.895315	0.00581429	0.760089	0.0289904	0.0109546	0.0686039	0.0110587	0.0326412	0.0698627	0.914349	0.0310044	0.00961781	0.0462086	0.0493354	0.0421585	0.295574	0.0924899	0.00687495
V37_S11	0.0143815	0.0560653	0.0482328	0.0787833	0.911139	0.188293	0.0282097	0.0498027	0.0248853	0.0774224	0.956048	0.899342	0.0704782	0.100911	0.0152532	0.121232	0.0691319	0.0355584	0.0226009	0.164491	0.0542376	0.00937788	0.203751	0.92932	0.0238429	0.0335732	0.0502383	0.0327052	0.0383322	0.0140497	0.0499614	0.893406	0.0752467	0.0576701	0.0442291	0.0630726	0.333353	0.101664	0.0486833	0.108127	0.067354	0.36062	0.102096	0.0370342	0.0538537	0.100079	0.0245594	0.0608897	0.0542528	0.0934804	0.062744	0.014524	0.920607	0.058933	0.0815106	0.0293233	0.0876375	0.145874	0.175982	0.00890795	0.138015	0.921453	0.33363	0.100982	0.0659107	0.0359979	0.932438	0.0560033	0.044879	0.0151673	0.0622929	0.898391	0.0330178	0.0764033	0.0254282	0.018477	0.66984	0.0148537	0.0455107	0.126088	0.0441761	0.597418	0.024288	0.0110331	0.0871132	0.281505	0.0328151	0.0690811	0.0472998	0.0109802	0.127169	0.0201128	0.0425883	0.0117366	0.921283	0.027563	0.129445	0.908718	0.0169178	0.00746964	0.0142239	0.00871019	0.139243	0.0251038	0.905142	0.913996	0.021181	0.0245824	0.126152	0.940869	0.0399874	0.0379382	0.0498543	0.0666433	0.106095	0.928917	0.0845807	0.0362006	0.0361779	0.0825142	0.0733222	0.0348679	0.081461	0.936298	0.0542831	0.0089841	0.026648	0.0347076	0.0861854	0.0106807	0.933356	0.0036379	0.745465	0.0538022	0.011886	0.0707513	0.0157995	0.0381188	0.0701972	0.936362	0.046909	0.00888573	0.0590133	0.0375592	0.0513533	0.370075	0.103464	0.0122854
V37_S12	0.024217	0.0475753	0.0512761	0.20161	0.889487	0.156803	0.0324624	0.0581164	0.0310169	0.0861755	0.944711	0.919185	0.08309	0.092522	0.021626	0.161656	0.059684	0.039739	0.0270637	0.12223	0.0484291	0.00690721	0.226467	0.906747	0.030973	0.0472387	0.0601651	0.0298609	0.0492644	0.0377392	0.0578204	0.897965	0.100216	0.0597146	0.0527787	0.197842	0.300698	0.0918817	0.0416513	0.0991892	0.0736006	0.461836	0.0802769	0.0375922	0.0675368	0.113259	0.0322237	0.0623646	0.0760144	0.0918842	0.0696571	0.0194399	0.858851	0.0630451	0.0993345	0.0467298	0.0777588	0.186745	0.119204	0.0090943	0.166802	0.854545	0.3014	0.099894	0.0752167	0.0377433	0.925972	0.0562673	0.0595202	0.0223076	0.0725292	0.888303	0.0456225	0.0742891	0.0348316	0.0321337	0.615193	0.0215391	0.0643463	0.182431	0.0585514	0.556365	0.0469125	0.0147754	0.102381	0.291013	0.0471612	0.0705664	0.0501627	0.0196359	0.127581	0.0368922	0.0696527	0.0148088	0.912366	0.0250859	0.129626	0.919449	0.0240826	0.0145157	0.0194429	0.0135152	0.0865362	0.0305389	0.865182	0.90628	0.0165402	0.0451264	0.159145	0.91846	0.0481461	0.0494709	0.0472518	0.0750718	0.265394	0.910573	0.0450169	0.0480141	0.0526847	0.134352	0.0771286	0.0418845	0.0447523	0.918303	0.047314	0.00779787	0.0443414	0.0368147	0.0468796	0.00893375	0.926191	0.00989436	0.738632	0.0448618	0.0296938	0.0707244	0.0170587	0.0476196	0.0724018	0.910509	0.107345	0.0151111	0.060902	0.0378039	0.0527821	0.324668	0.10125	0.00909897
V37_S13	0.0572277	0.0855717	0.113134	0.149258	0.89847	0.19805	0.0950283	0.0740406	0.059524	0.112637	0.928342	0.914197	0.11102	0.103235	0.0417531	0.171144	0.0684702	0.0669197	0.0330721	0.18596	0.0696675	0.0169946	0.264691	0.891587	0.05934	0.100957	0.0618079	0.0599991	0.077135	0.0342381	0.131926	0.899883	0.131691	0.0796626	0.0692907	0.0874536	0.330079	0.10243	0.0812515	0.167144	0.0943699	0.447488	0.161232	0.0647008	0.174865	0.151176	0.0596878	0.0770283	0.108706	0.125421	0.0902634	0.0269933	0.932968	0.0886913	0.116524	0.0996956	0.147795	0.196145	0.185841	0.00790947	0.180548	0.893429	0.330461	0.133695	0.10943	0.0744691	0.940816	0.0792028	0.0939515	0.0518071	0.0969968	0.899103	0.0572416	0.107694	0.0342035	0.0516149	0.649944	0.0230247	0.0699248	0.19626	0.0933336	0.523123	0.0664662	0.0324475	0.160222	0.284925	0.0718953	0.11502	0.0765448	0.0181379	0.153894	0.0259018	0.0908761	0.0331658	0.928123	0.034756	0.152047	0.903069	0.0317349	0.023173	0.0277524	0.0279019	0.167917	0.0592055	0.91342	0.916694	0.0235831	0.0544904	0.159671	0.925776	0.0980583	0.054189	0.0664979	0.0944856	0.142142	0.914979	0.0960723	0.0629877	0.0882638	0.134247	0.101649	0.0468043	0.0804381	0.936918	0.0854033	0.0101214	0.0691894	0.0599842	0.124293	0.0224916	0.936407	0.0244463	0.732747	0.0927654	0.0273051	0.107086	0.0148832	0.097851	0.100151	0.933557	0.111166	0.0172886	0.0725686	0.0656796	0.0990141	0.367755	0.153998	0.0231548
V37_S15	0.0164676	0.0459079	0.0601822	0.102509	0.915478	0.159033	0.0364119	0.0525976	0.0234222	0.080937	0.962678	0.926256	0.0790453	0.0819203	0.01371	0.131401	0.0718212	0.0370324	0.0209308	0.132204	0.0415467	0.00941707	0.226829	0.932384	0.0230832	0.0452256	0.0483441	0.0336758	0.0435462	0.0224999	0.0544867	0.90519	0.0802348	0.0586725	0.0388642	0.105064	0.344897	0.0818317	0.0474024	0.110914	0.0636924	0.413316	0.108321	0.0236351	0.0398862	0.102058	0.0237603	0.0664656	0.0505389	0.0905776	0.0665245	0.0131778	0.92986	0.0649539	0.088744	0.0190127	0.0945111	0.183691	0.135411	0.00977512	0.152404	0.927741	0.342512	0.0940031	0.0752631	0.0301364	0.943371	0.0499835	0.0440358	0.0165748	0.0572196	0.907682	0.0355347	0.078191	0.0277171	0.022963	0.678671	0.0165528	0.0388334	0.137507	0.0443087	0.524282	0.0282287	0.0106293	0.0772223	0.259109	0.0353853	0.0754916	0.0474717	0.00829494	0.105254	0.0203167	0.0540333	0.0105138	0.933094	0.0346383	0.105375	0.904274	0.0184559	0.00939286	0.0133922	0.010147	0.155625	0.0235712	0.90001	0.926313	0.0234029	0.0382064	0.127324	0.937538	0.0473265	0.0357255	0.0482644	0.0634902	0.300398	0.922722	0.0661138	0.0367187	0.0484104	0.0976138	0.0740984	0.0353499	0.0271225	0.935495	0.0467602	0.009642	0.0391425	0.0335847	0.0598658	0.00635564	0.943302	0.00748536	0.762268	0.0372484	0.0104087	0.0723953	0.00722065	0.0461073	0.0730883	0.943382	0.0500004	0.0121827	0.0784788	0.0430155	0.0562402	0.403713	0.106576	0.00662127
V37_S16	0.00967088	0.0433356	0.0519099	0.0638655	0.905928	0.138312	0.0210144	0.0424658	0.021648	0.0694043	0.959307	0.919072	0.0593109	0.0650945	0.0155543	0.10737	0.0666142	0.0215654	0.020477	0.12065	0.0367664	0.00931617	0.175066	0.935427	0.0215738	0.025597	0.0404287	0.0275959	0.0420713	0.0160276	0.0452095	0.91178	0.0598213	0.0465396	0.026505	0.0560365	0.256538	0.0647302	0.0377521	0.0924347	0.0496955	0.33919	0.10494	0.0282062	0.0416578	0.0839079	0.0215684	0.0515148	0.0379046	0.0735171	0.0502008	0.013267	0.890777	0.0482983	0.0690721	0.0169664	0.0810623	0.17348	0.118901	0.00560672	0.13498	0.92235	0.255414	0.0737548	0.0595037	0.0261723	0.938954	0.0394605	0.0395235	0.0108972	0.0470855	0.902723	0.031661	0.0552463	0.0231191	0.0115618	0.685275	0.0166972	0.0348572	0.149373	0.0388221	0.52329	0.0346572	0.0117375	0.0389698	0.277042	0.0228819	0.0616895	0.0458118	0.00444994	0.0934121	0.0117912	0.046328	0.0118561	0.92045	0.0254991	0.0932673	0.904177	0.0142188	0.00917336	0.0131444	0.0088179	0.0525776	0.0217257	0.89226	0.918638	0.0164865	0.0261861	0.108493	0.932462	0.0389898	0.0281965	0.0443526	0.0497771	0.240347	0.924434	0.0461784	0.027375	0.0422962	0.0714329	0.0637251	0.0283315	0.0400025	0.933242	0.0431091	0.00777356	0.0168578	0.0269099	0.0466212	0.007777	0.93659	0.00606203	0.732952	0.0332044	0.0109787	0.0618411	0.00935286	0.0395791	0.0610378	0.943184	0.0302891	0.00787823	0.0403808	0.0393928	0.04276	0.375402	0.092591	0.00674448
V37_S2	0.0189209	0.0536632	0.0444003	0.173655	0.899095	0.164448	0.0276929	0.0591178	0.0246018	0.0862089	0.956696	0.909524	0.088489	0.0823833	0.0201138	0.151266	0.0781493	0.0228307	0.0276056	0.161511	0.0438218	0.011418	0.227889	0.926438	0.0238818	0.049792	0.059442	0.0346764	0.0498584	0.0421736	0.0471887	0.917997	0.0895823	0.0557776	0.0645793	0.230628	0.436864	0.0820506	0.0455753	0.110282	0.0656376	0.481654	0.110234	0.0255167	0.0388738	0.123713	0.0242623	0.0642349	0.0541753	0.0882908	0.0663305	0.017747	0.896358	0.068829	0.094921	0.0371795	0.0936928	0.200585	0.166133	0.0127336	0.127039	0.917532	0.436953	0.0815182	0.0704102	0.0276703	0.930156	0.0438335	0.050641	0.018923	0.0601906	0.889528	0.0520283	0.0756038	0.0343881	0.0198303	0.706848	0.0190375	0.0572097	0.11953	0.0512439	0.572199	0.0292397	0.0105446	0.0580921	0.298639	0.0420191	0.0758936	0.0547345	0.0254218	0.109906	0.0190722	0.0541522	0.0102795	0.918611	0.0316625	0.110783	0.891246	0.0288419	0.0130337	0.0180168	0.0192844	0.13438	0.024831	0.880836	0.913519	0.0197591	0.0489264	0.144642	0.937165	0.0461715	0.0403647	0.0511048	0.0653714	0.12091	0.916292	0.0514527	0.0416027	0.0590282	0.0880531	0.0895281	0.0461492	0.0992705	0.929023	0.0540423	0.0157522	0.0517444	0.0313815	0.0631568	0.00853944	0.934503	0.0064757	0.680306	0.0454994	0.0206648	0.0856288	0.0203288	0.0447016	0.0845919	0.933556	0.0485258	0.0183735	0.047089	0.0546406	0.0455562	0.347802	0.119187	0.00878799
V37_S3	0.0195984	0.0519355	0.0565412	0.108899	0.900277	0.14945	0.0439817	0.0510381	0.0308597	0.0874638	0.950336	0.902195	0.0794881	0.0807426	0.0134509	0.139745	0.0693092	0.0370463	0.0203709	0.161782	0.0425748	0.0129951	0.188413	0.925962	0.032366	0.0809752	0.0540956	0.0384636	0.0490572	0.0227103	0.0617253	0.915394	0.087523	0.0609167	0.0447601	0.0881187	0.369376	0.0805934	0.0546048	0.104827	0.067046	0.394575	0.14028	0.0301134	0.0643998	0.0951279	0.0333783	0.0653106	0.0653937	0.0955795	0.0526636	0.0148025	0.919831	0.0585738	0.0935336	0.0464263	0.0801841	0.18615	0.16219	0.017655	0.202031	0.890098	0.369233	0.10109	0.0974648	0.0360725	0.930515	0.055878	0.0563714	0.016501	0.0606473	0.894737	0.0372682	0.072776	0.0320604	0.019008	0.7075	0.0111786	0.0463792	0.150651	0.0554816	0.611332	0.0467864	0.0113613	0.0792065	0.264993	0.0373174	0.071437	0.0519821	0.00929006	0.123551	0.0747432	0.0521324	0.010816	0.922078	0.0365921	0.124305	0.892589	0.019985	0.0116192	0.0163382	0.0105842	0.0863493	0.0322459	0.886695	0.906095	0.0227677	0.0464458	0.145638	0.929366	0.0521873	0.033557	0.0476949	0.0665583	0.393894	0.917372	0.057683	0.0377773	0.0510574	0.0949031	0.085084	0.0368484	0.0933325	0.930329	0.0502344	0.00871798	0.0401558	0.0396828	0.0665546	0.0145772	0.919861	0.0101405	0.719239	0.0446789	0.0114597	0.0666358	0.0116336	0.0531142	0.0740755	0.926412	0.0467902	0.0135418	0.0605394	0.0599864	0.0553976	0.364623	0.115256	0.0144878
V37_S4	0.0100575	0.0506838	0.0421825	0.0658051	0.902735	0.157796	0.024323	0.0542548	0.0270876	0.0786427	0.957377	0.905598	0.0687276	0.0728053	0.00939306	0.130172	0.0898716	0.0290923	0.0290052	0.112815	0.0369368	0.0170644	0.211743	0.913608	0.025513	0.037332	0.0513179	0.0346294	0.0486169	0.0181346	0.0463275	0.924844	0.072613	0.0566613	0.0422259	0.0813567	0.333646	0.0737669	0.0426931	0.101947	0.0562563	0.322354	0.185939	0.0180749	0.0432295	0.082661	0.0264784	0.0611716	0.0487688	0.0841931	0.0599232	0.0143893	0.917566	0.0658816	0.0850299	0.0256278	0.09622	0.19908	0.10992	0.00589481	0.174691	0.914531	0.334744	0.0983705	0.0788398	0.0346675	0.925427	0.0465828	0.0448703	0.00941362	0.0525023	0.879936	0.0371388	0.0660536	0.0248327	0.0129163	0.725352	0.0136153	0.0389615	0.122628	0.0449008	0.534863	0.0408358	0.0114578	0.0422736	0.280802	0.0274792	0.0650485	0.0472104	0.00641425	0.098829	0.00588274	0.0414587	0.0117756	0.922761	0.0249685	0.0982248	0.897183	0.0187601	0.0114837	0.0129705	0.00979216	0.110837	0.026612	0.891677	0.917469	0.0233354	0.0457444	0.124119	0.937324	0.0558371	0.0316146	0.0453492	0.0564501	0.239864	0.92096	0.0532431	0.0338868	0.0604781	0.0941382	0.078061	0.0331476	0.0407194	0.931235	0.0499374	0.00920432	0.0222146	0.0320349	0.0564092	0.00626368	0.92859	0.00444066	0.677795	0.0621649	0.0134352	0.0537419	0.0169606	0.0558144	0.0745016	0.926397	0.028133	0.0183419	0.0480507	0.0438837	0.050066	0.348671	0.106874	0.00580973
V37_S6	0.00634117	0.0406037	0.0496127	0.0726774	0.900359	0.129146	0.0257474	0.0389878	0.0219437	0.064824	0.954018	0.896663	0.0470426	0.0689995	0.0102161	0.118917	0.0724673	0.0276282	0.0213606	0.123004	0.0266781	0.0122234	0.209173	0.924645	0.021744	0.0322797	0.0356463	0.0358152	0.0418847	0.0127445	0.0384624	0.922766	0.0454154	0.047224	0.0246678	0.0745367	0.32106	0.0693002	0.0349344	0.0847522	0.0526904	0.371456	0.127349	0.0120822	0.0443528	0.0594413	0.0211916	0.0454974	0.0332032	0.0712331	0.046377	0.0127772	0.936952	0.042647	0.0707337	0.0137666	0.0880298	0.149112	0.126426	0.00739362	0.153507	0.91854	0.325444	0.0810639	0.0542151	0.0255891	0.931085	0.0386143	0.0353304	0.00653479	0.0394248	0.886909	0.0252166	0.0590627	0.0221216	0.0149602	0.672216	0.0160598	0.0454559	0.157925	0.0359219	0.550815	0.0262334	0.0084346	0.0354009	0.270433	0.0260541	0.044334	0.0506494	0.00408661	0.0574554	0.0213867	0.0378991	0.00868401	0.919368	0.0252436	0.0572759	0.893673	0.0146665	0.0064946	0.0124297	0.0085044	0.103996	0.0223073	0.882907	0.917472	0.0171513	0.0278012	0.106138	0.937526	0.0335075	0.02275	0.041994	0.0520947	0.315576	0.92924	0.0525641	0.0211966	0.0434164	0.0638325	0.0699519	0.0236848	0.0150057	0.930995	0.0417314	0.00849502	0.0421721	0.033107	0.0265452	0.00322605	0.929605	0.00968408	0.731003	0.0291126	0.00406693	0.0816636	0.0130868	0.034098	0.066839	0.941737	0.0206088	0.0111184	0.0317858	0.0498048	0.0380999	0.353319	0.0810157	0.00371463
V37_S8	0.0127195	0.0515887	0.035171	0.171325	0.908214	0.150868	0.0254965	0.0493932	0.0232393	0.068251	0.963016	0.906934	0.0679747	0.0823661	0.0206734	0.13498	0.0765579	0.0242133	0.0243131	0.136037	0.034661	0.0119836	0.215585	0.931849	0.023104	0.042664	0.0644131	0.0365664	0.0371781	0.0430638	0.0439116	0.917953	0.0769303	0.0500609	0.0484892	0.207248	0.354027	0.0818762	0.0444855	0.0874811	0.059701	0.347134	0.124289	0.0249653	0.0452536	0.0956158	0.0237681	0.063894	0.0413121	0.076307	0.0505542	0.0176343	0.903034	0.0601763	0.0918505	0.0301119	0.0843336	0.137472	0.136881	0.0180757	0.163696	0.907597	0.351822	0.0760933	0.0811206	0.0255292	0.939268	0.0567685	0.0448417	0.0132964	0.0510375	0.884474	0.0433793	0.0604637	0.0334503	0.0282317	0.676344	0.0207333	0.042989	0.124665	0.0447589	0.520817	0.0322331	0.010712	0.0860492	0.277463	0.0349491	0.0802221	0.0442944	0.0171487	0.120619	0.0140323	0.0441684	0.0105524	0.926048	0.026404	0.120351	0.899191	0.0252973	0.0109329	0.0176137	0.0165797	0.127323	0.023463	0.886821	0.916829	0.02172	0.0384126	0.135059	0.943427	0.0405996	0.027557	0.045376	0.0602765	0.0948766	0.923938	0.0456012	0.0335519	0.0688291	0.0729773	0.0794488	0.0425474	0.0311629	0.927442	0.0524351	0.0111056	0.0416297	0.032527	0.065236	0.00683633	0.940256	0.0102418	0.751181	0.0338491	0.0202852	0.0744114	0.013379	0.0403047	0.066441	0.93966	0.0438774	0.0156602	0.044889	0.0542249	0.0436472	0.32533	0.111806	0.0067535
V37_S9	0.00672728	0.0554659	0.0456771	0.069132	0.913436	0.148471	0.0247384	0.040844	0.0197056	0.071047	0.959684	0.916589	0.0686403	0.0913597	0.0103568	0.125424	0.0820255	0.024308	0.0232392	0.111988	0.0360362	0.00916391	0.224453	0.927282	0.0203205	0.0328461	0.0494565	0.0283045	0.0421175	0.0164502	0.0412164	0.905012	0.0614802	0.0563017	0.0331329	0.063685	0.305859	0.0917948	0.0464347	0.110774	0.0515434	0.5129	0.0947097	0.0165282	0.0412258	0.0645299	0.0194538	0.0586196	0.0425528	0.0799457	0.0595204	0.0120481	0.929577	0.0540724	0.0850255	0.0108142	0.104176	0.182919	0.111959	0.00678574	0.122799	0.93131	0.30583	0.0876231	0.0652908	0.0293102	0.944954	0.042037	0.0372525	0.00695037	0.0468889	0.905831	0.0347758	0.0618565	0.0283459	0.0178654	0.690048	0.0174801	0.0350991	0.126249	0.0365637	0.615318	0.025754	0.00868967	0.0566136	0.263754	0.0262104	0.0643794	0.0496521	0.00659368	0.0966345	0.0138415	0.0420996	0.00869382	0.923712	0.0335263	0.0993602	0.899908	0.0175398	0.0102152	0.0119009	0.00783604	0.0526065	0.0202525	0.904779	0.921618	0.0216248	0.0266729	0.125695	0.943188	0.046233	0.0275904	0.0465424	0.051369	0.0908922	0.921971	0.0483596	0.0344662	0.0417316	0.0924918	0.0710833	0.0316524	0.0438544	0.940928	0.0556982	0.0111449	0.0198473	0.0350676	0.0540621	0.00557315	0.941932	0.00776337	0.757777	0.0407398	0.00626461	0.0745655	0.0161627	0.0453747	0.0701998	0.944073	0.0194761	0.0117033	0.0403472	0.0500506	0.0457309	0.400089	0.128459	0.00541336
V39_S10	0.0107618	0.0291593	0.0394479	0.0520651	0.892393	0.148736	0.0186364	0.0349616	0.0217468	0.0673838	0.962339	0.902878	0.0647723	0.0723405	0.00822952	0.123685	0.0605082	0.027457	0.0240453	0.127892	0.0355257	0.0107553	0.229051	0.922121	0.0219533	0.0371182	0.0408146	0.0672124	0.0416453	0.0165513	0.0352505	0.91822	0.054372	0.0480756	0.0242553	0.0527407	0.284609	0.0716808	0.0365779	0.0851027	0.0527939	0.423171	0.117427	0.0125036	0.0270973	0.0553292	0.0218911	0.0479508	0.0323681	0.0763416	0.0614042	0.0100409	0.902163	0.0566486	0.0763682	0.0125139	0.0790325	0.19624	0.127632	0.00679415	0.168286	0.916656	0.282173	0.0799817	0.0709981	0.020264	0.93918	0.0423985	0.0341798	0.00987566	0.0487144	0.89191	0.0298514	0.0650631	0.0223618	0.0181899	0.694503	0.0117584	0.0349339	0.123943	0.0356606	0.608743	0.0245436	0.00738996	0.0544888	0.251383	0.0209925	0.0685857	0.0680601	0.00425613	0.0972498	0.0441581	0.0385611	0.00707969	0.925372	0.0347828	0.0960528	0.908859	0.0104022	0.0120655	0.00964248	0.0084575	0.100235	0.0211806	0.870039	0.90768	0.0236672	0.0351267	0.116417	0.935666	0.0384091	0.0293945	0.0409742	0.0525913	0.060523	0.931409	0.0409408	0.0232428	0.0455972	0.0823269	0.0653539	0.0271869	0.0385699	0.93363	0.0288736	0.0113223	0.0128521	0.0387218	0.0511686	0.00337237	0.936128	0.00609108	0.762258	0.0382057	0.00668666	0.0645514	0.0100689	0.0387721	0.0776627	0.941048	0.0189802	0.00865588	0.0411909	0.0425062	0.0416588	0.407696	0.0896474	0.00361227
V39_S11	0.0104404	0.0490714	0.0516024	0.159068	0.863105	0.265326	0.136395	0.0516444	0.0526771	0.0890521	0.962562	0.890446	0.137518	0.0895407	0.0151986	0.178383	0.0686755	0.0231651	0.0229814	0.367217	0.0615732	0.0109654	0.267019	0.93238	0.0529139	0.232947	0.050314	0.0713389	0.0629393	0.0230708	0.0618572	0.874308	0.188695	0.0623391	0.0531245	0.0975849	0.301367	0.0891904	0.0450476	0.234332	0.0957476	0.419426	0.117279	0.0507382	0.114324	0.0845439	0.0508004	0.102593	0.222512	0.133026	0.122006	0.0141586	0.937548	0.178759	0.123553	0.0795612	0.0926266	0.261594	0.361709	0.189755	0.122066	0.931953	0.301159	0.100088	0.0816503	0.0911142	0.934999	0.0461615	0.0479795	0.0116015	0.0725564	0.898739	0.0676326	0.232371	0.0342086	0.15616	0.678912	0.0166054	0.0474187	0.278278	0.047738	0.592689	0.0352735	0.00838441	0.3357	0.350152	0.0319371	0.09652	0.0657142	0.0141986	0.116099	0.0323928	0.0567151	0.00829341	0.930545	0.0295588	0.115528	0.906493	0.0156104	0.0148694	0.0143966	0.0181394	0.405667	0.0533163	0.878881	0.923106	0.0246528	0.0666046	0.17354	0.926143	0.0520256	0.035077	0.067382	0.0959088	0.401688	0.932376	0.0502813	0.0787742	0.0656812	0.119487	0.125851	0.0343667	0.702098	0.936874	0.0497752	0.0118506	0.235936	0.0473731	0.0545913	0.0924323	0.92379	0.00976594	0.704851	0.163463	0.0132055	0.0711812	0.063896	0.0483534	0.0727384	0.920234	0.24643	0.0752785	0.129543	0.0463857	0.0457368	0.397077	0.205905	0.0893877
V39_S12	0.0161144	0.050613	0.12191	0.071445	0.851093	0.265895	0.0332625	0.0526678	0.0533073	0.0852891	0.95526	0.883889	0.135345	0.0699422	0.0256564	0.159292	0.0498565	0.0511072	0.0243392	0.125824	0.0722266	0.01254	0.225003	0.924985	0.0532342	0.230118	0.0489747	0.14755	0.10208	0.0146462	0.0815125	0.907107	0.161721	0.106161	0.034355	0.049015	0.383424	0.0695647	0.0454711	0.213375	0.159018	0.42127	0.152226	0.0175817	0.121952	0.125713	0.0530704	0.0879698	0.189715	0.121708	0.120582	0.0195662	0.924889	0.0778679	0.119765	0.0270035	0.113218	0.204241	0.124199	0.143121	0.159376	0.910943	0.38656	0.100407	0.0702283	0.07619	0.9321	0.0530708	0.0487486	0.0172459	0.0566328	0.898405	0.0719756	0.181296	0.0282862	0.349038	0.634705	0.0178238	0.0447698	0.131073	0.048878	0.554847	0.0449806	0.00785751	0.544805	0.305927	0.0390689	0.131313	0.119472	0.0129797	0.119247	0.0313526	0.111405	0.00771372	0.919338	0.0282315	0.116697	0.897608	0.0155259	0.0103562	0.0194719	0.00909072	0.0554417	0.053336	0.883935	0.911189	0.0243625	0.099016	0.160877	0.900097	0.11264	0.0550181	0.0714439	0.15813	0.147476	0.922029	0.0632967	0.0615059	0.107936	0.0970968	0.106244	0.0560183	0.240507	0.928245	0.0494116	0.0117926	0.236196	0.0388546	0.0513694	0.00710735	0.921583	0.00999622	0.672086	0.148631	0.00660174	0.0692362	0.0137204	0.1146	0.0868931	0.921013	0.219246	0.0191217	0.201267	0.0498958	0.0526204	0.356276	0.27544	0.00752146
V39_S2	0.0100617	0.0555221	0.106129	0.130355	0.595735	0.525642	0.0445044	0.0425446	0.0584033	0.0906895	0.953781	0.805417	0.0986101	0.0731219	0.0134448	0.218756	0.0917444	0.0327933	0.0265991	0.18824	0.0508232	0.0105295	0.188361	0.873193	0.0578947	0.547632	0.0293291	0.0416026	0.0392926	0.0181078	0.0914384	0.876241	0.455105	0.0941647	0.0966198	0.14692	0.325668	0.0726023	0.0373675	0.227832	0.152692	0.385187	0.541241	0.0227722	0.374834	0.0706739	0.0580303	0.149794	0.0974585	0.171438	0.190718	0.073368	0.88681	0.167857	0.163378	0.0340597	0.111852	0.3433	0.186598	0.49176	0.137521	0.913265	0.326655	0.0950352	0.110372	0.032785	0.745575	0.034709	0.207456	0.00948295	0.365935	0.904494	0.252987	0.602889	0.034377	0.47092	0.613223	0.0231428	0.0460722	0.174275	0.207258	0.561711	0.197669	0.00811597	0.645868	0.295905	0.0427883	0.158138	0.197144	0.0143076	0.0662636	0.0411241	0.0860997	0.0082272	0.898728	0.0175631	0.0653923	0.882264	0.0171585	0.0120405	0.0737144	0.0352507	0.0664638	0.0571871	0.696668	0.870395	0.0146381	0.253951	0.215542	0.803447	0.430805	0.0270157	0.0544064	0.151323	0.094612	0.912439	0.0581341	0.134017	0.0495328	0.115924	0.0991494	0.0819871	0.637299	0.921098	0.0572341	0.00837033	0.685913	0.0310926	0.0479286	0.0100035	0.816433	0.0112117	0.460408	0.395608	0.0148423	0.0884658	0.0733341	0.431064	0.173599	0.814287	0.703519	0.0184509	0.364187	0.0491168	0.0467107	0.255595	0.270544	0.00955024
V39_S3	0.0089574	0.0439846	0.0540648	0.121292	0.903337	0.137214	0.0374793	0.0460127	0.0272251	0.0722375	0.963829	0.903871	0.0654021	0.0767691	0.0103816	0.149189	0.0666375	0.027219	0.0226776	0.139304	0.0410883	0.0181877	0.258424	0.928855	0.0274261	0.0471107	0.0489429	0.0311133	0.0503534	0.0188837	0.049329	0.898396	0.0703766	0.0566773	0.0306895	0.0578603	0.362891	0.0772642	0.0502685	0.0935506	0.071488	0.453618	0.101856	0.0141227	0.0341202	0.0772167	0.0268715	0.0504249	0.0458597	0.0820556	0.0607955	0.0102916	0.90557	0.0618036	0.091562	0.0175725	0.0710786	0.201663	0.13764	0.0078759	0.13829	0.89898	0.361105	0.0950439	0.0794154	0.0266256	0.936359	0.0470267	0.0467925	0.00943664	0.0504547	0.893369	0.0362211	0.0729981	0.0279571	0.0259335	0.734747	0.007474	0.059148	0.160844	0.0472262	0.626252	0.0383748	0.00714469	0.0998741	0.281707	0.0292477	0.064174	0.0514315	0.00608442	0.103128	0.00708397	0.0513407	0.00726131	0.933113	0.0331358	0.101635	0.909189	0.0154979	0.0136088	0.0104996	0.00863509	0.148133	0.0277002	0.887527	0.909945	0.0215428	0.0432238	0.147597	0.938967	0.0526947	0.0284318	0.045366	0.0734284	0.0707462	0.934158	0.0654669	0.029125	0.0486497	0.0821368	0.0750624	0.0269963	0.0706145	0.936045	0.045417	0.00618785	0.0281887	0.0330334	0.0541014	0.00357427	0.93595	0.00602356	0.719085	0.0441644	0.00986615	0.0740596	0.0149583	0.0511664	0.0680121	0.946582	0.0466047	0.0110532	0.0503042	0.0441087	0.0491801	0.368041	0.0993856	0.00338543
V39_S4	0.0147582	0.050326	0.0403443	0.0956042	0.906419	0.144752	0.0204678	0.0402353	0.0229847	0.0584933	0.963766	0.911036	0.0560342	0.0714422	0.0174756	0.131227	0.0498106	0.0321436	0.0186148	0.144801	0.0383989	0.00843988	0.205713	0.935961	0.0226627	0.0263292	0.0358432	0.0379071	0.0395056	0.0165352	0.0406952	0.901936	0.0500371	0.0437975	0.0364008	0.142785	0.262761	0.0718031	0.0373865	0.0997295	0.0515833	0.346293	0.0885759	0.016743	0.0261686	0.0931328	0.0221956	0.0595951	0.0368349	0.0717001	0.0515349	0.0121235	0.905007	0.0493415	0.079928	0.0136407	0.0879384	0.163771	0.149406	0.00723836	0.133572	0.909794	0.264142	0.072969	0.0729884	0.0220857	0.940165	0.0437213	0.0319204	0.0147048	0.0408848	0.894076	0.0285645	0.0558729	0.0205516	0.0155008	0.667037	0.0160224	0.0342189	0.1267	0.0325117	0.544446	0.028698	0.0104026	0.035377	0.278956	0.0205151	0.0789694	0.0453852	0.00913515	0.0775769	0.00930954	0.0373293	0.0105899	0.928015	0.0178271	0.0761642	0.904357	0.0134708	0.00890551	0.0119736	0.00967609	0.116353	0.0231068	0.893335	0.921776	0.0197834	0.0307514	0.128092	0.940323	0.0346315	0.028068	0.0414818	0.0519234	0.35317	0.940691	0.0596104	0.0275266	0.053756	0.0752605	0.0660091	0.0318774	0.0489225	0.934942	0.0495351	0.0113496	0.0472747	0.0322099	0.053195	0.00817073	0.936846	0.00584286	0.726564	0.0319307	0.0086852	0.0538239	0.0126969	0.0339695	0.0613656	0.946429	0.0365084	0.0111973	0.0366521	0.0493679	0.0410224	0.331923	0.112839	0.00845821
V39_S5	0.00995342	0.0452981	0.0520487	0.121771	0.910982	0.130692	0.027143	0.0544705	0.0222755	0.0658566	0.962699	0.91542	0.0636308	0.0693765	0.0129458	0.130359	0.0637496	0.0316646	0.020404	0.121313	0.0376961	0.0130159	0.199428	0.928063	0.0221017	0.0381055	0.0497057	0.0320349	0.0502686	0.0200352	0.0477146	0.917672	0.0610096	0.0490942	0.0335856	0.0839715	0.209124	0.0690622	0.0449308	0.0987898	0.0592557	0.360478	0.104713	0.0230543	0.0486483	0.0697319	0.0222163	0.0499005	0.042395	0.0770702	0.0559442	0.0118452	0.922391	0.0613543	0.0930452	0.0200003	0.0882294	0.182859	0.12296	0.00680513	0.155123	0.918809	0.205958	0.0761367	0.0711486	0.0247592	0.940455	0.05145	0.0454019	0.0102378	0.0444881	0.895849	0.0360572	0.0658409	0.0250789	0.0202236	0.650074	0.0144666	0.0446224	0.118497	0.0457405	0.594787	0.02556	0.00793287	0.0778866	0.230331	0.0304103	0.0567439	0.0524358	0.0110372	0.118693	0.0149132	0.0413997	0.00789816	0.928164	0.0254532	0.117879	0.898595	0.0131483	0.0110761	0.0113373	0.00965395	0.111731	0.0224906	0.892348	0.919427	0.0190428	0.0368952	0.129592	0.934571	0.0435074	0.0244568	0.0438167	0.0606077	0.174472	0.93099	0.0523095	0.0313222	0.0477701	0.0803941	0.0744931	0.0358696	0.0622505	0.934699	0.0463965	0.00996057	0.0272119	0.0345468	0.0614597	0.00595071	0.931441	0.00780126	0.745481	0.0451814	0.0115015	0.0544022	0.0100197	0.0407753	0.0682582	0.938036	0.0414872	0.00964654	0.0413326	0.0445195	0.0499939	0.39183	0.102664	0.00611651
V39_S6	0.00729715	0.0614282	0.0510266	0.0702647	0.908818	0.144308	0.0293737	0.0385809	0.0290583	0.0688276	0.96079	0.907267	0.0597692	0.0701104	0.00822581	0.136315	0.0666526	0.0595467	0.0225433	0.126216	0.0361162	0.0125172	0.226828	0.920728	0.0293482	0.0681909	0.0366971	0.0327466	0.0473475	0.0137834	0.0463595	0.903329	0.0599657	0.0494679	0.030513	0.0505116	0.261443	0.0697522	0.0515171	0.0847714	0.0595663	0.515619	0.15101	0.00979285	0.0545285	0.0672291	0.0299008	0.0498429	0.040844	0.075375	0.0572876	0.00949836	0.926395	0.0587875	0.0778737	0.0159812	0.0934162	0.173306	0.117482	0.00369308	0.184996	0.917099	0.260423	0.0861816	0.070494	0.0281168	0.931536	0.0485339	0.0568524	0.00787933	0.050319	0.893798	0.028653	0.0708936	0.0231832	0.025306	0.6949	0.0113518	0.058395	0.121628	0.0559585	0.548725	0.0351743	0.00721329	0.0463169	0.245558	0.0351219	0.080963	0.0519735	0.0065924	0.0909903	0.018145	0.0449824	0.0072328	0.924167	0.0340006	0.0884593	0.90168	0.00969914	0.00562776	0.0094816	0.00788957	0.0853427	0.0283226	0.893559	0.907584	0.0192735	0.0314371	0.13149	0.934825	0.052107	0.0234314	0.0512065	0.060021	0.380024	0.920172	0.0755277	0.0272623	0.0708101	0.0727464	0.0755924	0.0225529	0.0249719	0.935456	0.0607468	0.00784314	0.0742742	0.0422183	0.0566506	0.00405556	0.945391	0.0185053	0.720459	0.0500514	0.00472929	0.0960773	0.00946091	0.0537434	0.0702742	0.94744	0.0193423	0.0203491	0.0821938	0.0416094	0.0529377	0.408272	0.111068	0.00403709
V39_S7	0.0574758	0.134929	0.154986	0.248914	0.858617	0.269301	0.105344	0.0967303	0.128336	0.19179	0.95087	0.898744	0.175749	0.0860186	0.0165274	0.172274	0.06891	0.119061	0.0384277	0.286136	0.123997	0.0263927	0.267495	0.913889	0.127383	0.285917	0.0732538	0.11321	0.114421	0.0381461	0.156547	0.894497	0.257874	0.0999787	0.0841759	0.16177	0.364769	0.0855585	0.135211	0.253315	0.0969129	0.458384	0.440801	0.0186929	0.162714	0.160796	0.125979	0.160661	0.0945875	0.159881	0.141871	0.0146504	0.862916	0.223679	0.193888	0.164258	0.175493	0.267305	0.289196	0.133261	0.332524	0.902156	0.36417	0.185296	0.206729	0.0508872	0.909482	0.179345	0.190446	0.056542	0.127069	0.886094	0.0909077	0.214665	0.037892	0.0944448	0.611059	0.0225908	0.268752	0.155344	0.193025	0.605761	0.163628	0.0149425	0.224282	0.287299	0.106496	0.157594	0.102434	0.0146383	0.207326	0.0903401	0.123346	0.0151917	0.886261	0.0741491	0.209026	0.911838	0.0197315	0.0489763	0.0137146	0.0161284	0.186364	0.126194	0.846069	0.896103	0.0343705	0.111522	0.165657	0.905836	0.208271	0.0338401	0.116598	0.0977162	0.209424	0.905995	0.187362	0.0664404	0.150108	0.159382	0.129971	0.0929282	0.188654	0.926882	0.136017	0.00892896	0.187985	0.107172	0.133731	0.0340565	0.930576	0.0831904	0.586954	0.193966	0.0170095	0.332575	0.0112968	0.208046	0.144628	0.898381	0.151413	0.0910608	0.144847	0.0604285	0.159081	0.369341	0.260313	0.0338397
V39_S8	0.0144523	0.05243	0.0456521	0.259996	0.901811	0.191465	0.0357956	0.0531312	0.0257117	0.0733818	0.971663	0.927584	0.08568	0.0786808	0.0231195	0.162506	0.0664045	0.029002	0.0209457	0.205122	0.040907	0.0094089	0.264699	0.945175	0.0256611	0.0541446	0.058527	0.0344003	0.0451791	0.0452956	0.0484734	0.928257	0.090837	0.0546876	0.0543627	0.225308	0.326186	0.0788496	0.0415804	0.116447	0.0779822	0.424543	0.0926373	0.0258825	0.0638845	0.114547	0.0254506	0.0596321	0.0471546	0.0873342	0.0673395	0.0183558	0.94618	0.0715333	0.0956646	0.0382554	0.11091	0.204872	0.205406	0.0169662	0.127911	0.934108	0.326145	0.0835175	0.0720063	0.0286682	0.954687	0.0435705	0.057467	0.0138572	0.0594997	0.905061	0.0465612	0.072945	0.0364773	0.0419988	0.655269	0.022501	0.0505191	0.131163	0.0569489	0.568366	0.0388223	0.00898911	0.110298	0.311851	0.0489374	0.0803623	0.0517676	0.0135458	0.118635	0.097542	0.0526403	0.00933968	0.937046	0.0261424	0.118449	0.923115	0.0234371	0.0212433	0.0188457	0.0215495	0.175287	0.0253832	0.875804	0.928804	0.0217693	0.0462451	0.16248	0.942607	0.0458668	0.0377215	0.0530848	0.0779155	0.235844	0.942359	0.0524484	0.0429767	0.0516808	0.095399	0.087246	0.0455747	0.0762632	0.934906	0.0515748	0.0107978	0.0615417	0.0293809	0.0553244	0.00763277	0.947693	0.00934596	0.75094	0.0446799	0.0268027	0.0852481	0.0145152	0.0456003	0.0758374	0.935956	0.0774706	0.0193197	0.0827109	0.0506763	0.0501362	0.360257	0.114398	0.00751188
V39_S9	0.0105642	0.0560204	0.0503453	0.168794	0.911888	0.177934	0.0641822	0.0450318	0.0231705	0.0799671	0.964912	0.904665	0.0767711	0.0784019	0.0168561	0.162627	0.0677267	0.0315173	0.0240224	0.137656	0.0378492	0.0115893	0.257148	0.938127	0.0236785	0.0729917	0.0457233	0.0421324	0.0459553	0.0334948	0.0456574	0.900898	0.0864708	0.0594175	0.0734292	0.150971	0.297252	0.0784922	0.0393548	0.133786	0.0671816	0.47747	0.120821	0.022483	0.0396904	0.0984046	0.023214	0.068346	0.0530567	0.0915914	0.0619165	0.0162167	0.906887	0.0737748	0.0831807	0.0304349	0.116409	0.19187	0.139276	0.0122172	0.145752	0.931302	0.296313	0.0914315	0.0788081	0.0319545	0.94615	0.0525301	0.0543782	0.010472	0.0543571	0.913334	0.0359568	0.0806066	0.0324992	0.0315159	0.660479	0.0212475	0.0455533	0.15023	0.0556021	0.574338	0.0332549	0.0100804	0.120394	0.29405	0.0381986	0.0735201	0.0458271	0.0228271	0.091349	0.133014	0.0486158	0.0100125	0.931074	0.0271575	0.0909167	0.910861	0.0199335	0.0129314	0.0162042	0.022587	0.113134	0.0239755	0.881773	0.921364	0.0223913	0.0363162	0.164378	0.940792	0.0604371	0.0331347	0.0533488	0.0672148	0.303554	0.93152	0.0591944	0.0349991	0.0522185	0.100062	0.0860398	0.0391497	0.09705	0.932046	0.0554184	0.0119897	0.0759448	0.035973	0.071008	0.00681403	0.91075	0.0121018	0.717458	0.0491651	0.0163588	0.0878409	0.011004	0.060574	0.0784572	0.940841	0.0831223	0.0125343	0.0496151	0.0563504	0.0494789	0.421638	0.12823	0.00705285
V3_S1	0.0064688	0.0357254	0.032627	0.0804729	0.860035	0.116103	0.0196135	0.0355963	0.0153536	0.0493256	0.94252	0.885808	0.0539599	0.0528858	0.0126538	0.0880341	0.0275199	0.0232369	0.00659526	0.0839039	0.0265299	0.0095272	0.117692	0.892687	0.0157139	0.0293374	0.0306805	0.0216593	0.0268963	0.0173592	0.0343162	0.883777	0.0451096	0.0372499	0.0227666	0.103484	0.174001	0.0528636	0.0266853	0.064235	0.0428571	0.270788	0.0842782	0.0174571	0.0337607	0.0689794	0.015559	0.0442639	0.0335868	0.0579071	0.0387475	0.00977619	0.919715	0.0512824	0.0592111	0.0198963	0.01283	0.102496	0.0880741	0.00740527	0.0733465	0.835157	0.174675	0.0531983	0.0459857	0.0181664	0.927902	0.0312001	0.0279184	0.00712713	0.0424233	0.861711	0.0218815	0.048953	0.014841	0.0154559	0.335443	0.00885712	0.0198293	0.0943318	0.0282156	0.299081	0.0248696	0.00719882	0.0219717	0.182897	0.0186995	0.0537895	0.0297486	0.00708837	0.0629071	0.0175202	0.0289396	0.00700543	0.882326	0.0205477	0.0634376	0.878663	0.00993197	0.00893776	0.00991135	0.0107501	0.0564347	0.0155463	0.854927	0.877625	0.0166842	0.0223752	0.0866212	0.904966	0.0317909	0.0231656	0.0326023	0.0432544	0.0711596	0.88491	0.0324252	0.0237342	0.0346279	0.0686642	0.0499178	0.0274906	0.0235844	0.911659	0.0345289	0.00691915	0.0271749	0.0284431	0.033917	0.00569891	0.914418	0.00666302	0.734471	0.0157844	0.0105794	0.0211405	0.00573288	0.0326358	0.0521088	0.891272	0.0232753	0.0098173	0.0337039	0.020962	0.0271109	0.20158	0.0633998	0.00554017
V3_S3	0.0270224	0.0337821	0.0216642	0.100956	0.857679	0.116354	0.0499016	0.0493137	0.0176455	0.0672631	0.940796	0.86166	0.0660724	0.0802303	0.0378482	0.119407	0.0202015	0.0231753	0.00467444	0.102003	0.0516072	0.00793456	0.0823409	0.879274	0.0178665	0.058876	0.0356529	0.0252221	0.0268567	0.0195522	0.0850842	0.873756	0.0731456	0.0610651	0.0258325	0.0753255	0.166171	0.0812598	0.0476226	0.0792951	0.0384872	0.189515	0.12702	0.0229531	0.0634591	0.144075	0.0175993	0.039923	0.0569042	0.0671464	0.0481923	0.0109194	0.915983	0.0650294	0.0740407	0.042507	0.0112792	0.0911019	0.102645	0.00559176	0.0972957	0.815917	0.165902	0.0511139	0.0452212	0.0302571	0.914101	0.0448044	0.0424511	0.0270968	0.0356044	0.856928	0.0367547	0.0534672	0.0154471	0.0299305	0.400971	0.0413904	0.0260367	0.105142	0.0427545	0.405619	0.0368515	0.0190117	0.0611176	0.157251	0.025001	0.0735951	0.0607841	0.0204078	0.116731	0.0179805	0.0257787	0.0183673	0.870157	0.0311192	0.11645	0.872509	0.0120392	0.00507557	0.0110146	0.0207344	0.0335925	0.0179146	0.866724	0.890898	0.0110781	0.0296526	0.118555	0.912849	0.0303485	0.018106	0.0426969	0.0391068	0.187459	0.887491	0.0396697	0.0347348	0.0286514	0.0748342	0.0493298	0.0322628	0.0148376	0.892084	0.0341616	0.00584566	0.0521648	0.0327216	0.0615032	0.00454677	0.916276	0.00785717	0.756207	0.0387717	0.01223	0.0227146	0.00866925	0.0292273	0.0565654	0.886888	0.0431836	0.00709145	0.0575788	0.0148616	0.0464158	0.201184	0.0723935	0.00431227
V3_S4	0.0103713	0.0355675	0.0435789	0.124884	0.873184	0.13109	0.0217254	0.0375582	0.0149561	0.0468298	0.948627	0.868378	0.0513804	0.0464586	0.00943216	0.0937607	0.0267073	0.0234402	0.00752184	0.0919932	0.0251763	0.0115828	0.123409	0.894435	0.0150775	0.0286416	0.0373515	0.0189189	0.0335835	0.00904134	0.0379177	0.880489	0.0408946	0.0481195	0.0196874	0.0374764	0.0923927	0.046069	0.0265846	0.0728188	0.0526972	0.271297	0.082974	0.0132007	0.045348	0.0764659	0.0149248	0.0506937	0.0339132	0.0582289	0.0336157	0.00777687	0.854514	0.0578328	0.0596417	0.0128508	0.0133977	0.121844	0.094122	0.00456902	0.106672	0.840166	0.0925534	0.0569985	0.0685212	0.017321	0.92002	0.0387399	0.0345543	0.010278	0.0435992	0.846872	0.0205426	0.0533479	0.012468	0.0237383	0.315027	0.00550034	0.0229017	0.127963	0.0348812	0.347491	0.0400139	0.00843892	0.0432329	0.158786	0.0215027	0.0668036	0.032345	0.00870969	0.0693835	0.0661357	0.0339251	0.00858512	0.884374	0.0391949	0.0716029	0.871828	0.0108388	0.00674147	0.00775128	0.00980679	0.0748182	0.0150315	0.853592	0.885254	0.017208	0.0206962	0.0990908	0.906119	0.0466859	0.020695	0.033784	0.0529147	0.0758089	0.90101	0.0463142	0.0271112	0.0424482	0.0775806	0.0500911	0.0253788	0.039902	0.927008	0.036352	0.00582116	0.0230771	0.0269343	0.0379931	0.00500379	0.917718	0.00832675	0.745602	0.0278461	0.009119	0.0246651	0.0052806	0.0462949	0.054764	0.901768	0.0264761	0.016603	0.0337566	0.0206771	0.0399747	0.209377	0.0914913	0.00512353
V3_S7	0.00543091	0.0380919	0.0364089	0.0556861	0.871989	0.139019	0.0179424	0.0366529	0.0124557	0.0573879	0.946005	0.882524	0.0639992	0.0604312	0.00676458	0.11034	0.0256314	0.0253463	0.00543448	0.0773328	0.0295133	0.0113177	0.134082	0.88887	0.012517	0.0277678	0.0337349	0.0164742	0.0266639	0.00675738	0.0373031	0.881313	0.0455987	0.0468778	0.0231824	0.0451377	0.168643	0.0603685	0.028462	0.0745023	0.0448564	0.335734	0.0770179	0.00906375	0.0252013	0.0893164	0.012264	0.0535626	0.0369294	0.0667531	0.0416547	0.00785554	0.886529	0.0564456	0.0660644	0.0109313	0.0100332	0.109473	0.0756544	0.00545446	0.083977	0.895059	0.169492	0.0586275	0.0527401	0.0159972	0.925716	0.0364069	0.0277608	0.00585146	0.0434923	0.863217	0.022682	0.0547364	0.0139594	0.0186506	0.384739	0.00619111	0.022208	0.104748	0.027933	0.325822	0.0224887	0.00639986	0.0273928	0.184999	0.0147866	0.0571922	0.0408267	0.0060921	0.0788507	0.0177169	0.033505	0.00609117	0.889491	0.0276783	0.0796867	0.878735	0.00872708	0.00871319	0.00784507	0.00666268	0.0390702	0.0124741	0.878617	0.891947	0.0197225	0.0232369	0.11955	0.910394	0.0355431	0.0208519	0.0385979	0.0447615	0.201767	0.898298	0.0355253	0.0256877	0.0245094	0.0806556	0.050358	0.0273691	0.083254	0.925168	0.0374649	0.00716252	0.0151991	0.034628	0.0458506	0.00486759	0.911497	0.00930164	0.76769	0.0205441	0.00547286	0.0243792	0.00453003	0.0349917	0.0588422	0.903602	0.0144754	0.00813419	0.0373206	0.0215567	0.0341379	0.223232	0.0881564	0.00455983
V3_S8	0.00559866	0.0309408	0.0349547	0.054139	0.873618	0.113185	0.0180836	0.0344722	0.010802	0.0483703	0.950473	0.835827	0.0465202	0.0526433	0.0061704	0.0765772	0.0170286	0.0282348	0.00450338	0.0739181	0.0246911	0.00950768	0.117001	0.892702	0.0107346	0.0231955	0.0295177	0.0237048	0.0339037	0.00545853	0.0333597	0.864278	0.0357475	0.0351327	0.0160462	0.045713	0.0974803	0.0527652	0.0236981	0.0613458	0.0368408	0.307411	0.1199	0.00786135	0.0237248	0.0705468	0.0108069	0.0419986	0.0275101	0.054852	0.036157	0.00660945	0.857264	0.0449562	0.0578686	0.00627299	0.00927773	0.0812499	0.0721116	0.00386451	0.0826311	0.845737	0.0971908	0.0497758	0.0431293	0.018587	0.920556	0.0299565	0.0259932	0.00489955	0.0374066	0.827185	0.0196685	0.0455374	0.0118892	0.0138368	0.353088	0.00632631	0.0178926	0.0587274	0.0265557	0.335674	0.0212714	0.00650031	0.018659	0.162681	0.0132927	0.0525581	0.0303175	0.00551308	0.0608437	0.00545108	0.0255598	0.00637261	0.888472	0.0232506	0.0606549	0.852454	0.00974014	0.00616233	0.0065414	0.00503355	0.0346214	0.0108298	0.849208	0.867951	0.016564	0.0177559	0.0801536	0.902433	0.026459	0.0168222	0.032701	0.0371169	0.0584828	0.901647	0.0351554	0.0191377	0.0206202	0.0679822	0.0431118	0.0227444	0.0250193	0.914532	0.0310846	0.00667917	0.0112794	0.0259995	0.0318868	0.0037902	0.88571	0.00731968	0.71195	0.0199543	0.00510643	0.0195998	0.00443389	0.0265826	0.0493649	0.886437	0.010658	0.0074567	0.0390312	0.0168674	0.028404	0.175338	0.0613034	0.00396014
V5_S1	0.0163946	0.0498269	0.0332458	0.180989	0.861028	0.107576	0.0197399	0.0236819	0.0291476	0.0425429	0.944529	0.870642	0.0485801	0.0451649	0.0109931	0.0747587	0.0232306	0.0203893	0.00437201	0.103432	0.0333393	0.00925693	0.0994725	0.825802	0.0284311	0.0299855	0.0429761	0.0269485	0.0266864	0.0125155	0.0326538	0.876265	0.0419958	0.0376999	0.0179942	0.0661162	0.158214	0.0453071	0.0367075	0.0879924	0.0395114	0.276122	0.103889	0.0223411	0.0576933	0.091319	0.0290629	0.0420121	0.0356635	0.0581099	0.0331844	0.0202306	0.88739	0.0496268	0.057009	0.02031	0.0105533	0.0671495	0.101751	0.0117229	0.123594	0.833509	0.158401	0.0443488	0.0480568	0.019572	0.911892	0.0444432	0.0332044	0.0162928	0.0362532	0.847101	0.019765	0.0416049	0.0145469	0.0245703	0.298537	0.0112959	0.0152725	0.164639	0.0332898	0.293235	0.0226605	0.0368538	0.0430672	0.171927	0.0170527	0.0487178	0.0376105	0.00867383	0.0842637	0.0540242	0.0348437	0.0375455	0.883494	0.0204316	0.0848079	0.886167	0.0131952	0.0122138	0.0199284	0.0158258	0.0725996	0.0278119	0.847315	0.879798	0.0141392	0.021336	0.0722488	0.898871	0.0305664	0.0289255	0.0357026	0.040161	0.200443	0.91266	0.0399002	0.0248736	0.0230046	0.0502216	0.0528485	0.0382077	0.056923	0.911165	0.0504379	0.007193	0.0952122	0.0239979	0.073642	0.00660105	0.909131	0.00561416	0.731626	0.0304155	0.0104586	0.0193947	0.00842409	0.0306587	0.0519429	0.864302	0.0424345	0.0283449	0.0269436	0.0171521	0.0374627	0.174059	0.0515675	0.00651851
V5_S2	0.0539172	0.0468437	0.0387971	0.247123	0.743947	0.231961	0.0377298	0.0495988	0.0307147	0.0996467	0.945206	0.874006	0.0946865	0.0828113	0.011023	0.113987	0.0245654	0.0299222	0.00807863	0.100399	0.0840713	0.00993888	0.147158	0.902166	0.0303725	0.0518715	0.0487527	0.0404452	0.03497	0.056535	0.0552349	0.880465	0.119262	0.042372	0.0445522	0.0911797	0.201704	0.0829994	0.0545567	0.0701607	0.0879857	0.323301	0.11152	0.0178765	0.109191	0.165532	0.0302473	0.104676	0.0746828	0.0918657	0.0487252	0.0108944	0.918485	0.0859611	0.0970264	0.167161	0.0316642	0.124578	0.0987537	0.0388762	0.0756456	0.818208	0.201004	0.0763283	0.0627739	0.0352685	0.789885	0.0317678	0.0528598	0.0541107	0.0531384	0.850901	0.0621124	0.0758539	0.0286455	0.0866459	0.282771	0.0084178	0.0649887	0.202073	0.0525434	0.37429	0.0400537	0.111517	0.126177	0.260297	0.0774585	0.0857913	0.0348556	0.104256	0.0799166	0.0220044	0.0737792	0.112249	0.863728	0.0194231	0.0788538	0.894053	0.0198932	0.0116407	0.0106756	0.0223854	0.356104	0.0305218	0.827404	0.879609	0.0357964	0.0622095	0.125472	0.875769	0.0434626	0.0247892	0.0463614	0.0877011	0.246016	0.797177	0.0408671	0.139607	0.059316	0.0948317	0.0640189	0.0306696	0.101957	0.91053	0.0476879	0.0403254	0.16235	0.0327346	0.0546028	0.0740724	0.902238	0.0167947	0.519623	0.0360559	0.0160049	0.0647743	0.00538166	0.0438852	0.0840165	0.863838	0.0962851	0.0184278	0.0566138	0.0218891	0.0460303	0.138471	0.108747	0.0731874
V5_S3	0.0760888	0.0654033	0.0639424	0.274324	0.78728	0.230206	0.100795	0.119757	0.0708698	0.114189	0.93405	0.854178	0.119471	0.0878703	0.0840664	0.134565	0.0377786	0.0801066	0.00640171	0.14984	0.101115	0.0217016	0.142813	0.878053	0.0702833	0.0759254	0.0676272	0.0605974	0.0611844	0.0650104	0.119278	0.861101	0.135458	0.0642742	0.135453	0.141507	0.248833	0.0879957	0.0874808	0.11136	0.0730329	0.310455	0.140506	0.0876923	0.0959283	0.18091	0.0704291	0.111668	0.109714	0.122953	0.139461	0.0482897	0.909562	0.158173	0.111744	0.0854122	0.01918	0.122306	0.144402	0.0600635	0.161745	0.747568	0.248385	0.130425	0.0685719	0.0839917	0.914091	0.0578086	0.0970806	0.0742619	0.109816	0.821259	0.0278863	0.136995	0.0406103	0.154876	0.375926	0.13108	0.13978	0.143405	0.0985766	0.335162	0.0485434	0.0555669	0.114506	0.189637	0.0881784	0.104018	0.059583	0.0833334	0.110411	0.187603	0.0945167	0.0563015	0.865593	0.0722151	0.109565	0.86546	0.0324405	0.0662156	0.0483636	0.0832425	0.0512591	0.0708043	0.840028	0.872308	0.0129989	0.0284091	0.129258	0.893431	0.10671	0.106746	0.0893072	0.072611	0.131931	0.86864	0.0902419	0.0958712	0.10749	0.108336	0.129388	0.0996434	0.0604029	0.787652	0.0663321	0.00634341	0.171434	0.0908984	0.075722	0.0072324	0.887088	0.0462496	0.575781	0.0219143	0.0542031	0.0834906	0.0126606	0.107369	0.112215	0.857191	0.152425	0.0127853	0.0775478	0.0432921	0.100328	0.163761	0.143731	0.00744639
V5_S4	0.0134215	0.043705	0.0400935	0.193319	0.841341	0.142873	0.034351	0.0463071	0.0246906	0.0668751	0.935693	0.875586	0.0713624	0.0566728	0.0159203	0.106616	0.025715	0.0274411	0.00856745	0.113457	0.0340746	0.0113616	0.110477	0.885798	0.0250883	0.0439807	0.0454337	0.0287644	0.0317875	0.0193272	0.0509388	0.878024	0.0624209	0.046083	0.031421	0.147862	0.187494	0.0567988	0.0389842	0.07784	0.0515225	0.308941	0.110451	0.0208682	0.0412835	0.10823	0.0243508	0.0726102	0.0511446	0.0673548	0.0512712	0.0140081	0.908483	0.0622157	0.0752761	0.0348047	0.0165253	0.12014	0.117175	0.00760146	0.115774	0.820488	0.188419	0.0637198	0.0579106	0.0239116	0.914847	0.042789	0.0448268	0.013924	0.0516111	0.841251	0.0319784	0.0597803	0.0182424	0.0236979	0.366374	0.0124125	0.0392581	0.136609	0.0453645	0.29454	0.0277281	0.0198646	0.0328318	0.169496	0.0281306	0.0785022	0.0436647	0.00950337	0.0974285	0.0467102	0.0327007	0.0197101	0.875351	0.0265183	0.0978333	0.880722	0.0160011	0.0111071	0.0134155	0.0156623	0.0663983	0.0245933	0.862053	0.869678	0.0201156	0.0261464	0.111192	0.892156	0.0468943	0.0272711	0.0443905	0.0506736	0.0716139	0.882298	0.0418198	0.033637	0.0341257	0.0928145	0.0602806	0.0314293	0.0364681	0.912206	0.0439528	0.00535914	0.0562054	0.0392659	0.0545194	0.00772828	0.900676	0.00880927	0.680039	0.0478269	0.0158185	0.0391853	0.00632433	0.0470267	0.0704198	0.883901	0.0575272	0.0180942	0.0430623	0.0208004	0.0436314	0.185539	0.0857949	0.0070212
V5_S5	0.00853801	0.0364974	0.029535	0.0809166	0.807384	0.10652	0.0229028	0.0316301	0.0151435	0.0431421	0.932279	0.855269	0.0524583	0.0461421	0.00956544	0.0759142	0.0292269	0.0266337	0.00744322	0.0938407	0.02494	0.00946547	0.0911813	0.874834	0.0151838	0.0299608	0.0338859	0.0217257	0.0355464	0.00817943	0.0330974	0.854213	0.0415529	0.0330394	0.0199367	0.0456639	0.135722	0.0455839	0.025807	0.0596777	0.0363102	0.230314	0.0733622	0.0115129	0.0312146	0.0569411	0.0152516	0.0372546	0.0318842	0.0557094	0.0357758	0.00940903	0.891045	0.041448	0.0562908	0.0168726	0.00942704	0.0958682	0.094589	0.00673408	0.0894109	0.869702	0.135232	0.0555019	0.046843	0.0171744	0.905837	0.0319156	0.0268083	0.00872527	0.0328668	0.837843	0.0207771	0.0488505	0.0134359	0.0148978	0.372349	0.00597253	0.0166369	0.0772823	0.0263355	0.300674	0.0235054	0.00658792	0.0299605	0.165386	0.0162756	0.0556124	0.0310208	0.00673255	0.0645598	0.00355728	0.0251	0.00673338	0.86641	0.0240504	0.065629	0.864324	0.0091992	0.00726254	0.00932549	0.00817263	0.0754257	0.0147756	0.840728	0.862215	0.0172024	0.0245536	0.0759317	0.89249	0.0303976	0.0210507	0.0375624	0.0366268	0.338941	0.874309	0.0331297	0.0208746	0.0303044	0.0535408	0.048885	0.0243358	0.0280499	0.900786	0.0357926	0.00744739	0.0179514	0.024522	0.0397376	0.0060054	0.895999	0.00876991	0.727801	0.0145385	0.00669645	0.0221995	0.00839145	0.0308067	0.0507685	0.892011	0.0234654	0.00897653	0.0286017	0.0224195	0.0286016	0.178308	0.0638899	0.00568272
V5_S7	0.00855023	0.0346515	0.0367331	0.0935146	0.857995	0.117846	0.026288	0.0421892	0.0150637	0.052913	0.942875	0.853675	0.0558204	0.05563	0.00843603	0.095382	0.0254378	0.0319203	0.00304551	0.0863129	0.0287194	0.00524502	0.118508	0.881822	0.0154379	0.0255297	0.0353388	0.0176175	0.0240933	0.0107998	0.034979	0.854736	0.0488328	0.0388273	0.0221532	0.0928605	0.183909	0.0561781	0.0263874	0.0646652	0.0426989	0.277363	0.0771376	0.0105538	0.0264825	0.0644629	0.0148724	0.0502772	0.0406072	0.0641694	0.0389245	0.00630991	0.910841	0.0550922	0.0624207	0.0137708	0.0146318	0.11725	0.0879349	0.00346698	0.0794783	0.830924	0.184863	0.0603568	0.0562625	0.0206167	0.918662	0.0344295	0.0322133	0.0103237	0.0426925	0.828871	0.0234158	0.0542023	0.0132338	0.0230432	0.373906	0.00943896	0.0253735	0.0551302	0.0318485	0.322877	0.0207137	0.00546222	0.0150732	0.168532	0.0169106	0.0562847	0.0343966	0.00684123	0.0681199	0.0117643	0.0286219	0.00478237	0.885089	0.0294891	0.0688344	0.88233	0.0102378	0.00915515	0.00691072	0.00655782	0.0406691	0.0146314	0.84787	0.88878	0.0236787	0.023834	0.0958431	0.905021	0.0385224	0.0226166	0.03695	0.0429329	0.200781	0.883469	0.0474581	0.02585	0.0280721	0.0665038	0.0523038	0.026176	0.0404979	0.904661	0.034274	0.00480989	0.0157035	0.0259219	0.0452493	0.00695459	0.899277	0.00648509	0.7089	0.0228444	0.00862141	0.0206929	0.0058764	0.0373266	0.0556752	0.885214	0.0190105	0.00899504	0.0375295	0.0166259	0.0282332	0.217033	0.0719	0.00648163
V6_S1	0.00887574	0.0284135	0.0310888	0.133543	0.863151	0.136568	0.0320051	0.0389698	0.0154209	0.0620995	0.935753	0.861091	0.0665945	0.0602462	0.0139861	0.101926	0.0266402	0.0319454	0.00616376	0.0685524	0.0351348	0.0104173	0.12513	0.907755	0.0153421	0.0306887	0.0396677	0.0268322	0.0283054	0.0169116	0.0444724	0.878429	0.0564136	0.039312	0.0307744	0.124335	0.161427	0.0603681	0.0271054	0.0695453	0.0486317	0.332528	0.135054	0.0170078	0.0435613	0.125289	0.0152803	0.0677358	0.0510749	0.0694367	0.0440355	0.0128624	0.907374	0.0701907	0.0688806	0.0258948	0.0152118	0.109569	0.0686691	0.00659615	0.107626	0.757237	0.162348	0.0659236	0.0484037	0.0228149	0.904345	0.0360967	0.040684	0.00863732	0.0515431	0.825976	0.0297388	0.0644613	0.0149127	0.0287957	0.339042	0.0137074	0.0262073	0.113236	0.0413107	0.310482	0.030701	0.0117424	0.0377327	0.210892	0.022329	0.0590692	0.0367756	0.00913879	0.075287	0.00865348	0.0304065	0.011447	0.875273	0.0276129	0.0763782	0.872271	0.0139851	0.00780298	0.012986	0.0190333	0.0763418	0.0149663	0.863778	0.857709	0.0296085	0.0315132	0.0970906	0.895539	0.0347044	0.0250439	0.0416804	0.047859	0.0583589	0.855581	0.0427311	0.0264978	0.0412945	0.065786	0.0625422	0.030263	0.115304	0.91035	0.028355	0.00834431	0.0356081	0.0366371	0.0528534	0.00632258	0.892616	0.00640153	0.704774	0.0348992	0.0120619	0.0452918	0.00687417	0.0352448	0.0615574	0.870974	0.0469943	0.0114078	0.0379336	0.0197305	0.0347317	0.181853	0.0948083	0.00631813
V6_S10	0.00507103	0.0265479	0.0339639	0.0693978	0.878481	0.122269	0.0187334	0.032768	0.0109483	0.0486658	0.951329	0.884909	0.0519844	0.049746	0.00552732	0.0904201	0.0203268	0.0302146	0.00303542	0.066488	0.0273461	0.00606279	0.145316	0.915435	0.0108022	0.0238118	0.0264363	0.0137397	0.02007	0.00687011	0.0314804	0.872272	0.0355219	0.0365022	0.0186362	0.0527502	0.154123	0.0496337	0.0235886	0.0687583	0.0346212	0.301067	0.0642392	0.00766155	0.0170824	0.0536321	0.0109094	0.0473674	0.0295722	0.0545478	0.0380467	0.00608235	0.889631	0.0484039	0.0560845	0.0086269	0.0119824	0.0891481	0.0712281	0.00350969	0.0692186	0.880519	0.15422	0.0470596	0.041733	0.0150174	0.928056	0.031119	0.0213202	0.00500915	0.0380342	0.86196	0.0177783	0.0483959	0.0109831	0.0132855	0.31187	0.00677924	0.014195	0.0544157	0.0219167	0.268375	0.0207188	0.00539568	0.0166442	0.174278	0.0114185	0.0504824	0.0285494	0.0051191	0.063266	0.0065168	0.0261478	0.00575784	0.896631	0.0202418	0.0625515	0.880414	0.00879685	0.00679082	0.00619133	0.00507836	0.0486241	0.0110219	0.871926	0.892732	0.0166742	0.0175853	0.0819744	0.916006	0.0296017	0.0175637	0.030571	0.0344164	0.230258	0.915665	0.0435439	0.0198487	0.0244149	0.0662947	0.0427904	0.0255701	0.0163195	0.927178	0.0262722	0.004517	0.0231538	0.0230169	0.0379031	0.00353286	0.917386	0.00553914	0.739283	0.0184063	0.0050033	0.0180266	0.00523058	0.030228	0.0480839	0.915206	0.0145229	0.00708028	0.0274609	0.0176055	0.0259167	0.213264	0.0707901	0.00351472
V6_S11	0.00745722	0.0354158	0.0355529	0.0803666	0.849543	0.115705	0.0249011	0.0430946	0.0130353	0.0511297	0.933111	0.862677	0.0543434	0.0541249	0.00867011	0.0972874	0.0280958	0.0354343	0.00458587	0.0715471	0.0267714	0.00863454	0.1326	0.882626	0.0125748	0.0322315	0.0323372	0.0248214	0.0254781	0.00982042	0.0330944	0.855136	0.0471443	0.038418	0.0229831	0.0940933	0.239819	0.054137	0.0259951	0.0639927	0.040358	0.331331	0.0775784	0.0098442	0.0221839	0.0712153	0.0128902	0.0502499	0.0319873	0.0578028	0.0401345	0.00894177	0.864663	0.0527598	0.0562758	0.0132367	0.013037	0.0963861	0.0737745	0.00712952	0.0816114	0.846962	0.239939	0.0552611	0.0434682	0.0194632	0.904021	0.0319126	0.0286194	0.00759268	0.0429588	0.850359	0.0214639	0.0510292	0.0143656	0.0209529	0.370371	0.00826241	0.018223	0.0929209	0.0282563	0.306942	0.0293469	0.00683507	0.0280153	0.179848	0.0176478	0.0490307	0.0323888	0.00496958	0.0578082	0.011022	0.0268913	0.00672074	0.872231	0.018074	0.0595143	0.852299	0.0118179	0.00699603	0.00874014	0.00791575	0.0787174	0.0129013	0.832634	0.861975	0.0221908	0.0228532	0.0965074	0.892791	0.029375	0.0231331	0.0325825	0.040678	0.0696003	0.86916	0.038412	0.0221644	0.0339096	0.0660032	0.049402	0.0254469	0.0315343	0.917024	0.0342336	0.0057636	0.01577	0.0242	0.0375596	0.00471211	0.900777	0.00933157	0.702445	0.0203621	0.0081188	0.0268177	0.00563947	0.0294835	0.0522375	0.908738	0.0218631	0.00876242	0.0585145	0.0204587	0.0282606	0.218268	0.0719458	0.00425938
V6_S13	0.0129808	0.0342245	0.034732	0.144409	0.852668	0.117598	0.0215568	0.0411746	0.0171511	0.0544752	0.922436	0.848229	0.0504552	0.0507035	0.0103192	0.0918129	0.0266129	0.0316528	0.00513955	0.110261	0.029177	0.00506148	0.123384	0.897082	0.0173512	0.0316647	0.034933	0.0176597	0.0255726	0.0175536	0.0364523	0.854439	0.0530678	0.0360804	0.0250401	0.151459	0.203769	0.049923	0.0287959	0.0621676	0.0433562	0.271772	0.0672403	0.0105552	0.0287383	0.0760156	0.0173323	0.0495397	0.0363684	0.0633236	0.0473557	0.00940594	0.904089	0.0560763	0.0649695	0.0205838	0.0103092	0.0959133	0.107931	0.00527782	0.0851756	0.842886	0.204336	0.0612858	0.0511007	0.0177851	0.894393	0.0340674	0.0347112	0.011304	0.0411464	0.804306	0.0248866	0.0571839	0.0150654	0.0214263	0.348246	0.00830184	0.0219813	0.070927	0.0340721	0.316853	0.0257855	0.00884494	0.0210469	0.181784	0.0214812	0.0600856	0.0367518	0.0104139	0.0725406	0.0126629	0.03003	0.00892841	0.867079	0.0192535	0.0742456	0.858712	0.0160305	0.00579539	0.00928753	0.0107452	0.114822	0.0172551	0.809293	0.858908	0.016232	0.0219324	0.0912537	0.894307	0.0345294	0.0216217	0.0341855	0.0433651	0.17352	0.866517	0.0407777	0.0246281	0.036442	0.0741573	0.0519462	0.0279087	0.0145873	0.897769	0.0355091	0.00578924	0.0373059	0.0251967	0.039778	0.00711742	0.894256	0.00817875	0.684977	0.018697	0.0115225	0.0261071	0.010989	0.0337228	0.0536736	0.874031	0.0269421	0.0129995	0.0339727	0.0161127	0.0330401	0.213141	0.0791898	0.0075828
V6_S14	0.0086309	0.0328443	0.0370872	0.0886486	0.844886	0.115726	0.0219392	0.0312108	0.0139353	0.0459794	0.937099	0.872844	0.0506119	0.0513883	0.00742232	0.0885594	0.0169466	0.0234142	0.00488526	0.0922888	0.0257051	0.00778982	0.124158	0.886216	0.0139141	0.0240201	0.0242063	0.018072	0.0208423	0.0100167	0.0314331	0.866613	0.0374431	0.0346576	0.0224151	0.108793	0.179618	0.0519306	0.0237121	0.0566811	0.0386466	0.270178	0.0680366	0.0104212	0.0317253	0.08148	0.0140387	0.0428731	0.0305488	0.0519766	0.0383759	0.00841559	0.838802	0.0468444	0.0532054	0.0157059	0.0100478	0.0857699	0.0954201	0.00503663	0.0603716	0.836384	0.182583	0.0498542	0.0433635	0.0160202	0.904932	0.0317422	0.0256493	0.00817115	0.0386339	0.829526	0.020072	0.0478591	0.0119413	0.0178948	0.326508	0.00765625	0.0212154	0.0644629	0.0259253	0.275581	0.0230721	0.0063667	0.0177756	0.161298	0.015349	0.0510229	0.0294008	0.0109453	0.0529464	0.0127505	0.0217305	0.00617954	0.88005	0.0201235	0.0527528	0.864629	0.0105761	0.00554895	0.0084152	0.00669247	0.0771805	0.0140644	0.854384	0.872979	0.014238	0.0201845	0.0872483	0.903376	0.0289331	0.0182104	0.0309836	0.0382593	0.235541	0.880383	0.0289512	0.0193379	0.0278293	0.0588695	0.0442399	0.0255473	0.0223157	0.908134	0.031543	0.00541949	0.0221415	0.0271812	0.0358453	0.00373709	0.902236	0.00976101	0.691899	0.0174427	0.00830916	0.0248574	0.00614356	0.029094	0.0473313	0.88358	0.0224989	0.00831343	0.0317925	0.0181503	0.024305	0.191488	0.0637461	0.00415217
V6_S15	0.00605018	0.028084	0.034464	0.0906829	0.862852	0.118781	0.0196906	0.0352357	0.0132158	0.0493475	0.935752	0.880677	0.0537471	0.0549301	0.00847402	0.0915084	0.0244308	0.0288282	0.00521728	0.0682417	0.0269329	0.0108127	0.123301	0.874294	0.0132452	0.0251889	0.0281608	0.0227547	0.0231621	0.0104077	0.0352976	0.861197	0.0484165	0.0355444	0.0234737	0.118837	0.174243	0.0550349	0.0238816	0.0818102	0.0459731	0.259191	0.0694618	0.0110032	0.0383385	0.0952753	0.0132854	0.0549421	0.0384744	0.0580878	0.0352552	0.00753845	0.911095	0.0491984	0.0647931	0.0131619	0.0129507	0.100622	0.0713858	0.00636992	0.0845558	0.870983	0.17342	0.0595033	0.0462471	0.01721	0.918902	0.0296584	0.0245011	0.0064193	0.0429621	0.853612	0.0300416	0.0505284	0.013676	0.0191303	0.337622	0.00705637	0.0209404	0.0824506	0.0246439	0.291667	0.0232224	0.00941815	0.0238145	0.198429	0.0160923	0.0530093	0.0301726	0.00535002	0.0560865	0.0268966	0.0252964	0.00923383	0.887514	0.0211445	0.056104	0.870369	0.0122307	0.00709053	0.00738493	0.0079581	0.0665517	0.0133248	0.856577	0.880575	0.0182959	0.0454124	0.0918756	0.89802	0.0307594	0.0241013	0.0320245	0.0464342	0.140917	0.865155	0.0345359	0.0217991	0.0301361	0.0676113	0.0488835	0.0248909	0.025126	0.914494	0.0283221	0.0072134	0.0380679	0.0285296	0.0379283	0.00405139	0.908492	0.00776927	0.713268	0.0218539	0.00676126	0.0191501	0.0268763	0.0302278	0.0510851	0.894774	0.0872136	0.00841037	0.0286715	0.0183785	0.0267751	0.210561	0.0664374	0.00412931
V6_S16	0.007776	0.0336161	0.0355592	0.115654	0.863996	0.10999	0.0217253	0.0348246	0.0117504	0.0519797	0.942599	0.853122	0.0585483	0.0634762	0.0105156	0.0993396	0.0174868	0.0169205	0.00433222	0.0790824	0.0252286	0.00813534	0.120231	0.895134	0.0116496	0.0301	0.0343747	0.0162305	0.0266892	0.0152393	0.0315602	0.875392	0.0458661	0.0362351	0.0226005	0.120859	0.215172	0.0636618	0.0245512	0.0639368	0.0392421	0.327766	0.0750814	0.0112338	0.0284861	0.0716855	0.0116054	0.0451921	0.0336481	0.0565311	0.0363044	0.00949037	0.861737	0.0477133	0.057574	0.0193522	0.0126499	0.10077	0.0773344	0.00776982	0.0613208	0.832262	0.215419	0.0531068	0.0535161	0.0168852	0.9078	0.0286868	0.0296972	0.00857417	0.0373895	0.831689	0.0239031	0.0481911	0.0136187	0.0187865	0.352688	0.00801876	0.0202847	0.0924916	0.0296858	0.31072	0.0211597	0.00634015	0.0249716	0.178265	0.0183388	0.056712	0.0343361	0.00828021	0.067612	0.0117506	0.0284608	0.00641453	0.885588	0.0220996	0.0671008	0.866756	0.0148883	0.00801262	0.00962369	0.00985471	0.0537059	0.0116488	0.83101	0.881688	0.0184267	0.0164683	0.0987033	0.907866	0.0266184	0.02056	0.0313061	0.0391925	0.200749	0.883641	0.0274648	0.0235588	0.037327	0.0630787	0.0508101	0.0277843	0.0236317	0.89925	0.0334385	0.00714188	0.024437	0.0250802	0.0376218	0.0063505	0.896806	0.00739578	0.722328	0.0205471	0.0119504	0.0218782	0.00559835	0.0264591	0.0513484	0.885639	0.0269711	0.00987275	0.0307086	0.0208144	0.0269668	0.198892	0.06744	0.00662581
V6_S2	0.0058982	0.0299753	0.0320123	0.0633767	0.869542	0.118736	0.0230888	0.0380357	0.0112992	0.0524569	0.947853	0.880794	0.0555161	0.0584887	0.00801781	0.090473	0.0221541	0.0303206	0.00243846	0.105278	0.0289194	0.00698076	0.104027	0.902133	0.0107859	0.0186504	0.030983	0.0170996	0.0236061	0.00544057	0.031406	0.890926	0.0497244	0.0365884	0.0184663	0.0501642	0.180463	0.0582864	0.0276939	0.0683076	0.0376619	0.280814	0.0766357	0.00929999	0.030732	0.0733257	0.0109279	0.054883	0.029704	0.062198	0.0415023	0.00573771	0.909685	0.0545556	0.0577925	0.0130849	0.00829356	0.1054	0.104035	0.00214714	0.0794911	0.823055	0.178948	0.0573283	0.0511644	0.0158545	0.919934	0.0325847	0.0314017	0.00617631	0.0400982	0.857424	0.0211407	0.0508529	0.010944	0.0127397	0.340741	0.00493292	0.0216126	0.0993525	0.0312001	0.332303	0.0201375	0.00537681	0.0175463	0.149273	0.0137633	0.0476813	0.0288202	0.00487171	0.0848185	0.00738998	0.0257562	0.00544833	0.903749	0.0251416	0.0842923	0.887808	0.00722332	0.00385838	0.00609268	0.00705792	0.0287148	0.0114411	0.868141	0.884901	0.0160773	0.0231113	0.0864092	0.902396	0.0323809	0.0192517	0.0344039	0.0374012	0.0542314	0.89932	0.042765	0.0227826	0.0320644	0.0646	0.0476722	0.0241965	0.0782442	0.932379	0.029882	0.00626261	0.0159897	0.0246886	0.0472128	0.00336806	0.905001	0.00597019	0.730614	0.0197381	0.00646476	0.0307639	0.00508268	0.0314	0.0619454	0.906331	0.0188831	0.00592685	0.0312391	0.0134028	0.0311889	0.188907	0.0716208	0.00325563
V6_S3	0.0852245	0.0443907	0.0317225	0.304042	0.706326	0.227487	0.0807734	0.0426105	0.0325783	0.142907	0.936515	0.885611	0.23812	0.248408	0.06499	0.193693	0.0620261	0.0934461	0.00547976	0.21777	0.073953	0.00818542	0.197746	0.896008	0.0325795	0.0494521	0.0654027	0.127134	0.0311351	0.0932216	0.102522	0.88609	0.161276	0.05355	0.100665	0.10695	0.28405	0.249135	0.0548842	0.0847493	0.120815	0.478854	0.211896	0.0475406	0.193387	0.210627	0.0321772	0.152001	0.13884	0.132449	0.100445	0.109247	0.888623	0.211937	0.175563	0.192629	0.0774294	0.262008	0.216916	0.00486708	0.0959791	0.814077	0.285277	0.118144	0.118351	0.116123	0.884404	0.0471577	0.131843	0.0852493	0.133073	0.864818	0.0976259	0.161022	0.08968	0.17992	0.369213	0.0612514	0.130968	0.126575	0.12908	0.401946	0.0935197	0.215679	0.154859	0.303352	0.125669	0.167408	0.0578412	0.00472613	0.060968	0.025006	0.108031	0.215918	0.890585	0.0453522	0.0613523	0.874989	0.199858	0.0119349	0.110029	0.00801406	0.460249	0.0313086	0.825381	0.890888	0.0218623	0.0975474	0.199146	0.903968	0.0626945	0.475868	0.0731091	0.120965	0.287484	0.838306	0.0826152	0.284858	0.124188	0.142464	0.148883	0.133852	0.190288	0.900811	0.042835	0.0188649	0.267338	0.0176539	0.0365505	0.0815406	0.913252	0.010963	0.676703	0.0972108	0.037993	0.131845	0.01413	0.062465	0.123701	0.9034	0.202945	0.0110525	0.139296	0.0408081	0.0696046	0.193683	0.221038	0.0812755
V6_S4	0.0158061	0.0360943	0.0424652	0.0772893	0.86196	0.145509	0.0255587	0.0448775	0.0148471	0.0701971	0.923842	0.885995	0.0684986	0.0634329	0.0106831	0.108956	0.0277855	0.0242278	0.00532823	0.0915016	0.0305167	0.0091758	0.169707	0.898847	0.0150804	0.0304984	0.0408806	0.0185846	0.0366906	0.0210635	0.0417045	0.876236	0.0516182	0.040818	0.0300852	0.0706877	0.167949	0.0632938	0.0347291	0.0734638	0.04334	0.337737	0.0977004	0.0121689	0.0331097	0.0768198	0.0150856	0.056728	0.0538768	0.0721187	0.053699	0.0067829	0.900502	0.0631525	0.0743822	0.016191	0.016083	0.145603	0.0939355	0.00974166	0.100537	0.785374	0.171054	0.0628085	0.0742632	0.022669	0.912059	0.036421	0.0351354	0.0167121	0.0599201	0.851038	0.0361965	0.0699066	0.0130878	0.0217063	0.359586	0.00581928	0.0270418	0.100921	0.0350396	0.309146	0.0301423	0.0188523	0.029069	0.174293	0.0168992	0.0571615	0.0353954	0.00422517	0.100126	0.0203324	0.0293347	0.0184684	0.888148	0.022566	0.101102	0.88183	0.0083034	0.00938212	0.00672696	0.0062912	0.0884845	0.0149803	0.867943	0.866212	0.0384081	0.0359204	0.108216	0.900748	0.0422842	0.0210667	0.0415074	0.0430895	0.0806476	0.893216	0.0396643	0.0357178	0.0463312	0.0913672	0.0577904	0.0339724	0.0396227	0.916335	0.0360498	0.0056663	0.0426283	0.0336215	0.0488229	0.00773054	0.910905	0.00995286	0.730362	0.0303938	0.0126354	0.0302095	0.00769598	0.0429361	0.0642278	0.898377	0.0381677	0.013428	0.0389836	0.0190894	0.0306789	0.250736	0.0880354	0.00762724
V6_S5	0.0129384	0.0506333	0.0417528	0.148498	0.854014	0.203751	0.0861252	0.037554	0.057484	0.079892	0.944751	0.87806	0.115447	0.0780525	0.0483669	0.146615	0.0482588	0.027828	0.00757018	0.0895855	0.0619037	0.0143586	0.157104	0.850047	0.0576846	0.0378615	0.0516421	0.0216357	0.0266694	0.0158694	0.0334901	0.860881	0.122982	0.0462169	0.075931	0.118363	0.276586	0.0777822	0.0366097	0.142187	0.0729468	0.248133	0.163418	0.0397502	0.154768	0.162955	0.0583872	0.0753041	0.0355507	0.109773	0.058185	0.0108172	0.879097	0.0992077	0.0901528	0.0485827	0.0166347	0.122279	0.0879279	0.0115286	0.113999	0.878068	0.27673	0.0741676	0.0835157	0.0198906	0.913441	0.0431086	0.0691071	0.0113126	0.0657527	0.848601	0.0386583	0.0663187	0.0454954	0.06867	0.406954	0.00908934	0.0245775	0.259463	0.068951	0.359529	0.02751	0.00720962	0.184645	0.309439	0.020568	0.0560659	0.0409191	0.0101999	0.0976312	0.0311458	0.0725256	0.00743403	0.8928	0.0182356	0.0973569	0.868294	0.0345801	0.011154	0.0106949	0.0129177	0.30847	0.0587323	0.865504	0.884316	0.014052	0.0481854	0.153601	0.884163	0.0417708	0.0249908	0.0511863	0.072411	0.222076	0.898954	0.0408124	0.041413	0.0357561	0.0951556	0.0700914	0.0320504	0.0326716	0.912976	0.0499914	0.013149	0.118515	0.0838287	0.079753	0.00802022	0.905088	0.0117894	0.578596	0.0191945	0.0253397	0.027932	0.0123503	0.0413228	0.0769516	0.884847	0.089598	0.0107034	0.0579345	0.0206993	0.0538171	0.206904	0.0690782	0.00837211
V6_S6	0.00827783	0.0307178	0.0343528	0.093336	0.874298	0.117246	0.0227306	0.0347026	0.0140176	0.0479025	0.95283	0.865243	0.0541664	0.0517074	0.0095652	0.0976595	0.0198892	0.0228536	0.00649382	0.0823049	0.0260118	0.0103315	0.127389	0.898849	0.0140557	0.0235357	0.0292373	0.0188397	0.0270542	0.0089194	0.0374297	0.879128	0.0420681	0.0359209	0.0303738	0.0550192	0.174891	0.0508992	0.025663	0.0714621	0.0393084	0.254332	0.0705456	0.00979091	0.0331242	0.0914423	0.0139277	0.0418277	0.0292341	0.0561152	0.0366268	0.00766444	0.916009	0.0460483	0.0556815	0.0177679	0.013871	0.117928	0.0768756	0.00542637	0.0790115	0.876971	0.174722	0.0573843	0.0448201	0.0160624	0.928266	0.0299766	0.026913	0.009469	0.0381931	0.862746	0.0197062	0.0457086	0.0124488	0.0185348	0.30499	0.00858686	0.0212465	0.0785757	0.0273799	0.274759	0.0235484	0.00712525	0.0199965	0.164576	0.0178349	0.048651	0.033371	0.00934863	0.0685171	0.0102993	0.0316141	0.00745371	0.894456	0.0171849	0.0698679	0.867469	0.0118432	0.00960411	0.00782291	0.0124146	0.0550549	0.0136997	0.859542	0.887677	0.0196909	0.0197514	0.0899909	0.915381	0.0314005	0.0209511	0.0313862	0.0392039	0.0561503	0.913722	0.0291957	0.0199645	0.0365321	0.0705164	0.0459449	0.0309329	0.0121937	0.917569	0.0303882	0.00718529	0.0192611	0.0285147	0.0389846	0.00446343	0.905851	0.00737276	0.701583	0.0189755	0.00860571	0.025271	0.00679771	0.0313449	0.0484493	0.905598	0.0243973	0.00743189	0.0412822	0.0242185	0.0312279	0.166431	0.0581243	0.00459508
V6_S7	0.0237362	0.037902	0.0428749	0.140434	0.844662	0.142534	0.0291303	0.0506538	0.0229622	0.0664132	0.937876	0.875802	0.0726307	0.0668455	0.0270556	0.115487	0.0295925	0.0281259	0.0115263	0.110718	0.0488109	0.0165515	0.128373	0.903492	0.0230714	0.0536613	0.0429499	0.0262234	0.0328325	0.0368416	0.0460704	0.859274	0.0618081	0.0453047	0.0434341	0.0923681	0.22466	0.0663058	0.0389529	0.081152	0.0552795	0.314385	0.0860616	0.0182239	0.0398638	0.0956071	0.0228081	0.0598586	0.0450793	0.0783183	0.0533593	0.0214813	0.834891	0.0705067	0.0786544	0.0412488	0.0245613	0.110456	0.113192	0.0226324	0.0805807	0.817778	0.224587	0.0665888	0.0608099	0.0292306	0.898415	0.0395821	0.0490854	0.0240996	0.0486345	0.849191	0.0452484	0.0684658	0.0260626	0.043233	0.286246	0.0111407	0.0346454	0.142502	0.0485949	0.294171	0.0280312	0.0373178	0.0439447	0.182074	0.0281384	0.0730318	0.0395973	0.0164521	0.078198	0.0288571	0.0448577	0.0365221	0.865859	0.0281028	0.0781199	0.886472	0.0305093	0.0154048	0.0213357	0.0271346	0.0777302	0.0228936	0.842647	0.881149	0.0226403	0.0453129	0.116271	0.899179	0.0383625	0.0304531	0.0431988	0.0554827	0.102697	0.871497	0.0372085	0.0422666	0.0400889	0.0786141	0.0650541	0.0445219	0.0506346	0.899563	0.0380703	0.0139845	0.0593187	0.0334272	0.0473513	0.0152803	0.905691	0.0119232	0.686756	0.0404285	0.0224629	0.0410327	0.0121315	0.037322	0.0704853	0.879094	0.0550532	0.0253059	0.0663592	0.0371145	0.0391135	0.1982	0.103575	0.0154369
V6_S8	0.0121688	0.0348586	0.0368583	0.148048	0.835723	0.118888	0.0290727	0.0406314	0.0168484	0.0520582	0.948833	0.874522	0.0578849	0.0578918	0.0135443	0.0879511	0.0227457	0.0285732	0.00875021	0.0966612	0.0285583	0.0101754	0.128832	0.905444	0.0174116	0.0336885	0.0421828	0.0268824	0.0270738	0.0213996	0.0379854	0.893609	0.052116	0.0379931	0.0262111	0.114069	0.181201	0.0576896	0.0290912	0.066086	0.0421138	0.275108	0.086898	0.015795	0.0454898	0.106585	0.01715	0.0463612	0.0397406	0.0584795	0.039747	0.0124928	0.909994	0.0522159	0.0646511	0.0265571	0.0173304	0.0556163	0.098913	0.00828536	0.0866852	0.858391	0.179887	0.0531974	0.0502857	0.024635	0.912049	0.0350898	0.0357346	0.0110488	0.0418096	0.847456	0.0274973	0.0540747	0.0158629	0.0225228	0.313298	0.00925115	0.0282131	0.0964607	0.035851	0.291544	0.0269528	0.0134094	0.0236761	0.156197	0.0250582	0.0533789	0.033368	0.0104611	0.0785836	0.00944596	0.0316838	0.0130286	0.878683	0.0235731	0.078571	0.868581	0.0158024	0.0103333	0.0124895	0.0156617	0.0604494	0.016943	0.850005	0.881141	0.0172989	0.0272989	0.0930042	0.893494	0.0354369	0.0235519	0.0389099	0.0420519	0.147402	0.883419	0.0369395	0.0268121	0.0337541	0.065223	0.0566607	0.0302034	0.088974	0.906584	0.035374	0.00844556	0.0620855	0.0265289	0.0457334	0.00745546	0.905082	0.0110456	0.705067	0.0273461	0.0150142	0.0318762	0.00655487	0.0356527	0.0522475	0.897895	0.0449286	0.0104165	0.0348954	0.022473	0.0296899	0.159766	0.0791964	0.00716841
V6_S9	0.0113965	0.0380091	0.0298921	0.153115	0.840374	0.124781	0.0231896	0.0423964	0.0179885	0.0573389	0.939198	0.86026	0.0553739	0.0605777	0.0123836	0.0932356	0.0282403	0.0345315	0.011464	0.0947773	0.0301393	0.0153346	0.119172	0.880181	0.0179047	0.0351132	0.0374155	0.0193523	0.0280897	0.0142761	0.0365433	0.864541	0.0521028	0.0398999	0.0259196	0.0898078	0.227814	0.0602665	0.0304348	0.0702772	0.0475718	0.314002	0.0909287	0.0145508	0.055916	0.0514453	0.0182744	0.0458042	0.0401107	0.0666696	0.0467859	0.0104005	0.869761	0.0536484	0.0611604	0.0125281	0.0236413	0.102851	0.0902281	0.00615955	0.10408	0.838468	0.22752	0.0609785	0.0570446	0.0204673	0.895611	0.0341	0.0377214	0.0113735	0.0446968	0.832485	0.0280754	0.0553439	0.0182709	0.0270584	0.349135	0.008192	0.0281571	0.130067	0.0381778	0.32198	0.0329266	0.009245	0.0674187	0.196179	0.0220379	0.0589896	0.0497646	0.0105273	0.0711416	0.0312143	0.0283296	0.0095064	0.875562	0.028307	0.071315	0.866351	0.014684	0.00953634	0.010204	0.0130857	0.0428944	0.0187193	0.812087	0.86244	0.0208262	0.0255808	0.0891239	0.902196	0.0426255	0.0255576	0.0359879	0.0469941	0.0517143	0.877032	0.0372682	0.0272456	0.0335848	0.0736337	0.0579675	0.0277349	0.0160665	0.900364	0.038976	0.00906819	0.0262096	0.0302982	0.0466503	0.00819556	0.896004	0.0143921	0.670931	0.0283794	0.0111264	0.0281784	0.0129025	0.043096	0.0568193	0.898498	0.032615	0.0116891	0.040445	0.0315973	0.0352217	0.209723	0.073188	0.00832144
V7_S1	0.00628158	0.0291604	0.038114	0.0653666	0.86519	0.114181	0.0187861	0.0321456	0.00992879	0.0461238	0.944791	0.871495	0.0467052	0.0529445	0.00669661	0.0886475	0.0195637	0.0267597	0.0022633	0.0559781	0.0276387	0.0040167	0.109347	0.907701	0.0102217	0.0162883	0.028622	0.0146965	0.0220778	0.00799921	0.0255625	0.883212	0.0386844	0.0307316	0.0182889	0.0488176	0.145356	0.0531836	0.0243175	0.0631503	0.032759	0.267976	0.0585011	0.00796078	0.0279581	0.0611952	0.0102747	0.0394053	0.0250452	0.0516502	0.0286953	0.00626616	0.871191	0.0418384	0.0542507	0.0121746	0.0078283	0.0793343	0.0589381	0.00320868	0.0697464	0.867486	0.14467	0.0480628	0.0447981	0.0143553	0.921495	0.0280909	0.0279183	0.0058724	0.0326153	0.8424	0.0170618	0.0429644	0.00986325	0.0171086	0.346069	0.00645793	0.0157607	0.0923006	0.0283151	0.286514	0.0196815	0.0047843	0.0173143	0.150613	0.0126785	0.0497558	0.0302433	0.00479899	0.0710297	0.00633226	0.0208756	0.00482163	0.892575	0.01399	0.0696469	0.884384	0.00897802	0.00455567	0.00612631	0.00652783	0.0757355	0.0100561	0.865255	0.888443	0.0230263	0.0170433	0.0913722	0.910913	0.0272504	0.0186863	0.0301073	0.0327482	0.0516709	0.912934	0.0302628	0.0183483	0.0226434	0.0602194	0.0435768	0.0241733	0.0210754	0.919094	0.0286939	0.00504809	0.0545969	0.0211536	0.0391229	0.00430044	0.905801	0.00572536	0.740116	0.0153993	0.00673888	0.0154326	0.00400428	0.0269104	0.0424817	0.900551	0.0157894	0.00538865	0.0274161	0.0119487	0.0243725	0.19482	0.0702315	0.00399929
V7_S10	0.0080761	0.0293362	0.0296427	0.091822	0.862924	0.113221	0.0192919	0.03223	0.016137	0.0470217	0.933251	0.859159	0.0507665	0.0544919	0.00979064	0.104321	0.022306	0.0246083	0.00778387	0.0736437	0.0293651	0.00643646	0.117859	0.895514	0.0157326	0.0250612	0.0312343	0.0170684	0.0251205	0.0119835	0.0293416	0.858048	0.0384787	0.0344614	0.0212994	0.116892	0.189374	0.0546016	0.0243918	0.0638756	0.0397393	0.34601	0.0690701	0.0118823	0.0254227	0.0613892	0.0157105	0.0469718	0.036647	0.0544649	0.0423094	0.00750754	0.896854	0.0449892	0.0511378	0.0154305	0.0205588	0.0922564	0.0745583	0.00665	0.0825784	0.848953	0.190711	0.055177	0.0487239	0.0202721	0.900533	0.0316549	0.0267641	0.00816531	0.0402398	0.819427	0.0231973	0.0458815	0.0132521	0.0190666	0.321534	0.00745717	0.0217275	0.103742	0.0271913	0.255247	0.0225548	0.0069952	0.0259347	0.19686	0.017049	0.0472009	0.0292727	0.00676131	0.0603492	0.0291943	0.0326568	0.00676649	0.877803	0.0304979	0.0606826	0.866856	0.0156686	0.00626831	0.00754767	0.00983701	0.0727457	0.0159772	0.831368	0.875229	0.0175207	0.0203723	0.0973072	0.880205	0.0289621	0.0197592	0.0284262	0.0392584	0.0663955	0.894796	0.027904	0.023835	0.0341647	0.0599962	0.0492723	0.0252493	0.0144347	0.914346	0.0288754	0.00651198	0.0236109	0.0228771	0.0346401	0.00615199	0.891453	0.00847496	0.684961	0.0199408	0.00996575	0.0199647	0.00592444	0.0289382	0.0552004	0.895282	0.0234288	0.00999638	0.0278461	0.0224633	0.028176	0.173683	0.0646782	0.00640791
V7_S11	0.00973872	0.0286711	0.0337697	0.0775877	0.835338	0.123579	0.0291699	0.0395259	0.0144091	0.0505458	0.909312	0.843091	0.057245	0.0538388	0.00960934	0.0923878	0.0246702	0.0303398	0.0104792	0.0728056	0.029896	0.00962241	0.117005	0.865783	0.0143592	0.0245688	0.040854	0.017994	0.0283824	0.0120724	0.0348795	0.865051	0.0462025	0.0362607	0.021193	0.0611173	0.157808	0.0528787	0.0305913	0.0663905	0.0387872	0.214883	0.0827952	0.0129226	0.0473597	0.0593688	0.0142681	0.049339	0.032531	0.0603467	0.0426853	0.00801294	0.876251	0.0521792	0.0635987	0.0156755	0.0165064	0.0937712	0.0770027	0.00504168	0.0910275	0.767067	0.158007	0.0581098	0.0539187	0.0149554	0.896162	0.0337644	0.0326321	0.00938944	0.042562	0.812886	0.0240175	0.0536936	0.0143241	0.0103653	0.356941	0.00841084	0.02101	0.0855115	0.0319765	0.30482	0.021275	0.00741806	0.0188885	0.178721	0.0158081	0.0469984	0.0266388	0.00592168	0.081695	0.102636	0.03246	0.00740524	0.88375	0.0243384	0.0824754	0.854541	0.010888	0.00742178	0.00810262	0.0103883	0.0782316	0.0141529	0.808978	0.86643	0.0168943	0.0207882	0.0895266	0.896249	0.0308821	0.0217222	0.0320245	0.0386167	0.144911	0.85994	0.0354374	0.0245449	0.0316615	0.0726181	0.0525541	0.0262265	0.0297872	0.914465	0.0287001	0.00563404	0.0350629	0.027588	0.0435988	0.00710561	0.884331	0.0109563	0.663164	0.0283542	0.0120524	0.0159196	0.00651886	0.0311204	0.0519282	0.893138	0.0167588	0.00898824	0.0320272	0.0134186	0.0306324	0.185289	0.0743978	0.00709413
V7_S12	0.0135632	0.0304974	0.0381828	0.0998101	0.848336	0.127007	0.0229495	0.0371921	0.0157626	0.0556413	0.935101	0.872284	0.0666279	0.0641861	0.0142959	0.089497	0.0224481	0.0325705	0.00733402	0.0859048	0.0275559	0.00886382	0.116129	0.902887	0.015649	0.0255679	0.0316415	0.0233449	0.0251523	0.0173487	0.0371246	0.87397	0.0501208	0.0372882	0.0245065	0.0902293	0.18715	0.0643958	0.0270218	0.0657598	0.0442457	0.283051	0.0827832	0.0139317	0.0437644	0.0764923	0.0158888	0.0514799	0.0393257	0.0616113	0.0432079	0.0147607	0.885268	0.0578972	0.0639341	0.0252269	0.02212	0.103666	0.0855227	0.00568818	0.0759605	0.853692	0.187986	0.0587657	0.052451	0.0228001	0.905115	0.0320261	0.0326162	0.0126941	0.0453958	0.849419	0.0263099	0.057038	0.016318	0.0332472	0.321294	0.00868739	0.0226236	0.126922	0.0327458	0.28009	0.0260235	0.0182715	0.0370881	0.193413	0.0193378	0.0597436	0.032857	0.00769274	0.0646226	0.0208774	0.0328891	0.0189615	0.880452	0.0209241	0.065689	0.872623	0.0191809	0.00554868	0.0146455	0.00828988	0.0731505	0.0151829	0.846457	0.878067	0.0180402	0.0268126	0.089271	0.90563	0.0311993	0.0638228	0.0353853	0.0442751	0.142677	0.894881	0.0365598	0.0385832	0.0342931	0.0713195	0.0541175	0.0303905	0.0358423	0.909946	0.0302991	0.00693377	0.0505249	0.0262788	0.0442774	0.00816222	0.893458	0.00859971	0.712703	0.0246753	0.0103883	0.0303932	0.0101389	0.0309686	0.055894	0.904256	0.0304413	0.00885284	0.0388702	0.0206232	0.0317284	0.191714	0.079022	0.00829825
V7_S13	0.00557434	0.0369283	0.0406378	0.0457917	0.850685	0.119117	0.0249622	0.0321198	0.0211646	0.0561798	0.932278	0.864636	0.0476132	0.0511499	0.00639563	0.0970705	0.0230609	0.0504398	0.0105729	0.0673978	0.0241134	0.0128567	0.136826	0.901808	0.0207277	0.037834	0.0342431	0.0188317	0.0320948	0.0106784	0.0397325	0.849057	0.0440114	0.0395005	0.0191259	0.0582145	0.149997	0.0509157	0.0317339	0.0769281	0.0396233	0.293093	0.0687018	0.00879738	0.0292937	0.0575651	0.0206986	0.04443	0.0348092	0.061958	0.0335284	0.0065661	0.901306	0.0525923	0.059596	0.0118805	0.0164928	0.0836247	0.0673342	0.00620513	0.0782621	0.875717	0.149941	0.0577796	0.0479685	0.0167412	0.916497	0.0376091	0.033045	0.00566689	0.0391849	0.850338	0.0293596	0.0554399	0.0126219	0.0241868	0.285452	0.00656603	0.0240983	0.07815	0.0339042	0.276581	0.0284666	0.00746714	0.0197883	0.171124	0.01976	0.0542884	0.0330114	0.0064925	0.0626987	0.0093433	0.0285948	0.00729074	0.893863	0.0224451	0.062565	0.865706	0.0108118	0.0110098	0.00676774	0.00839036	0.0376807	0.0209119	0.849382	0.881112	0.0239839	0.0291172	0.101154	0.912706	0.0353197	0.0248406	0.0376049	0.0392921	0.170246	0.90242	0.048764	0.0222917	0.0357725	0.0754034	0.0424319	0.0252488	0.0204254	0.908482	0.0365243	0.00822474	0.0183468	0.0333279	0.0417289	0.00381804	0.900495	0.0123765	0.715121	0.0282511	0.00602669	0.0363812	0.00694375	0.035382	0.0547153	0.902824	0.0129495	0.00911407	0.0331959	0.0242926	0.0364401	0.179714	0.0730999	0.00373573
V7_S14	0.00586049	0.0334437	0.0322881	0.0597624	0.865279	0.126101	0.0189426	0.0353604	0.0128869	0.0500165	0.942822	0.871348	0.0488314	0.0508362	0.0054467	0.0816866	0.0201853	0.0264268	0.00315749	0.0768308	0.0269458	0.00495439	0.12514	0.895052	0.0128071	0.0193749	0.0315505	0.0219824	0.0240917	0.00348746	0.0316442	0.88101	0.037142	0.0363326	0.0192428	0.0404777	0.150079	0.050693	0.0235589	0.0709632	0.0364524	0.26588	0.0749845	0.0073044	0.0346379	0.0621895	0.0129494	0.045554	0.030793	0.0555923	0.0390448	0.00503531	0.897044	0.0470097	0.0561182	0.00966746	0.00881932	0.0925574	0.0769217	0.00231642	0.0782535	0.878201	0.149311	0.0557871	0.050261	0.0173173	0.907883	0.0313953	0.0251782	0.00600354	0.0388728	0.865649	0.0180852	0.0488335	0.0103858	0.0165333	0.337553	0.00376867	0.0178185	0.047914	0.0248486	0.32916	0.0304983	0.00529649	0.0190458	0.204851	0.0123275	0.0471512	0.0315427	0.00440228	0.0624552	0.0072822	0.0224735	0.00530395	0.883561	0.0200508	0.0618997	0.87223	0.0107433	0.00488791	0.00526925	0.00473866	0.0511396	0.0131147	0.835088	0.876876	0.0191061	0.0138793	0.0849662	0.899832	0.029102	0.0153873	0.0291049	0.0357398	0.0892728	0.893236	0.0378519	0.0188254	0.031242	0.0678316	0.0470142	0.021037	0.0143044	0.906926	0.0336714	0.00398645	0.0176311	0.0294433	0.0393471	0.00358722	0.897457	0.00635488	0.716952	0.0228703	0.00427273	0.0211997	0.00502482	0.029267	0.0488931	0.9001	0.00910048	0.00498159	0.028792	0.0170715	0.0301742	0.19834	0.0638131	0.00364929
V7_S15	0.0204058	0.0489768	0.0410065	0.250764	0.821796	0.136987	0.0338989	0.055551	0.0246302	0.0593143	0.92603	0.857593	0.0739803	0.0586467	0.0179888	0.129244	0.0308688	0.0376749	0.0110089	0.0875142	0.0337072	0.013465	0.137309	0.86613	0.0246883	0.0410537	0.0472215	0.0287142	0.0433346	0.030753	0.0458836	0.853711	0.0658654	0.0425056	0.0450931	0.326056	0.269836	0.0585997	0.0357323	0.0735837	0.0564719	0.277801	0.0970605	0.0244822	0.0480149	0.121508	0.0242997	0.0545699	0.0543904	0.0660403	0.0500559	0.0152403	0.875263	0.0656311	0.0656595	0.0359414	0.022809	0.12225	0.086281	0.0163928	0.0841328	0.753216	0.270624	0.0625192	0.0586957	0.0246785	0.875822	0.0378331	0.0436363	0.0214958	0.0519299	0.802739	0.0362399	0.063894	0.0220168	0.0293582	0.365928	0.0148821	0.0420894	0.107611	0.0449396	0.325384	0.0326663	0.0116544	0.0308743	0.181035	0.0455872	0.070516	0.0428634	0.0287236	0.0778551	0.0153685	0.0345998	0.0116733	0.856728	0.0303564	0.0788369	0.868522	0.022707	0.0158443	0.0151547	0.0220634	0.126527	0.02472	0.733926	0.838572	0.0220057	0.0392262	0.126796	0.878015	0.038856	0.0263114	0.0407729	0.0565837	0.0857132	0.762595	0.0491869	0.0313157	0.0423993	0.0727501	0.0703576	0.036531	0.0298596	0.866303	0.0508678	0.00995784	0.0548132	0.029922	0.0381959	0.0108085	0.880069	0.0152635	0.660321	0.0269938	0.0242075	0.0452062	0.0170062	0.038282	0.0642334	0.829985	0.0635804	0.0148611	0.0412711	0.032827	0.0400322	0.194647	0.0836179	0.0115519
V7_S16	0.00387074	0.0229612	0.0328632	0.0551486	0.845884	0.122393	0.0172653	0.0337708	0.0115268	0.0472675	0.934467	0.8386	0.0463124	0.0522161	0.00436891	0.0910596	0.0192489	0.0242847	0.00390092	0.0849465	0.0217057	0.0112314	0.1237	0.89187	0.0115034	0.0223075	0.0272037	0.013818	0.0240226	0.00495793	0.0280807	0.860431	0.0333015	0.03472	0.0179041	0.0390287	0.148186	0.0519368	0.0238322	0.063596	0.0335894	0.32848	0.0589755	0.00615574	0.0197169	0.0463564	0.0115231	0.0472132	0.0287275	0.0552658	0.0362357	0.00555832	0.885939	0.0417545	0.0512926	0.0116126	0.0113965	0.0914547	0.0869812	0.00249114	0.0769105	0.792417	0.147515	0.0561841	0.0387169	0.0130566	0.90575	0.0325176	0.0222178	0.00421579	0.0332409	0.833779	0.0189204	0.0501751	0.0114532	0.0140278	0.335392	0.00436017	0.0159597	0.0688987	0.0220785	0.310924	0.0198796	0.0054666	0.0200998	0.162915	0.0119009	0.0429059	0.0250235	0.00503858	0.0552401	0.0160896	0.0248074	0.00528409	0.871899	0.022903	0.0560995	0.847039	0.00821009	0.00666411	0.00558457	0.00457794	0.0511963	0.0115629	0.814133	0.869329	0.0191586	0.0197244	0.0904325	0.894279	0.0284332	0.0186702	0.035604	0.0337191	0.077493	0.901844	0.0315713	0.0167177	0.0348682	0.0598676	0.0439199	0.0189028	0.0406972	0.911794	0.0228221	0.00470752	0.0196943	0.0253972	0.0321854	0.00293665	0.872191	0.00706719	0.673296	0.0220136	0.0059767	0.0165396	0.00572022	0.0294808	0.0466497	0.89531	0.012219	0.00746362	0.0281953	0.0150409	0.0297836	0.213917	0.0627509	0.00301651
V7_S2	0.0045502	0.0308646	0.0338681	0.0624169	0.866248	0.117216	0.0182726	0.0393853	0.00998887	0.0463413	0.937225	0.890263	0.0526893	0.059887	0.00599812	0.0946281	0.0206422	0.0283037	0.0023063	0.0862829	0.0208848	0.00511255	0.122957	0.918018	0.0101059	0.0183011	0.031214	0.0139724	0.0228823	0.00462981	0.0286226	0.86344	0.042909	0.0350616	0.0188567	0.0806788	0.164442	0.0604844	0.0220412	0.0649923	0.0367595	0.263512	0.0707757	0.00554559	0.0206674	0.057739	0.00992886	0.0452762	0.0321951	0.0556771	0.0326725	0.00517117	0.894059	0.0429379	0.0568754	0.0131692	0.00412366	0.0987316	0.0923897	0.00419239	0.0851082	0.871794	0.163071	0.0526132	0.0484045	0.0140909	0.916972	0.0316206	0.0256203	0.00440421	0.0368065	0.864349	0.0227283	0.0506293	0.0105169	0.00942292	0.308183	0.00403875	0.016868	0.112864	0.0254311	0.298397	0.0217803	0.0030898	0.0161337	0.168334	0.0106371	0.0473707	0.0276655	0.00689302	0.06866	0.0143234	0.0264945	0.00320401	0.887195	0.023043	0.0685885	0.875709	0.00907505	0.00560939	0.00518251	0.00635595	0.0540211	0.0100135	0.835778	0.882044	0.0145544	0.0225623	0.0948521	0.914241	0.0290172	0.0163612	0.0311085	0.0369593	0.0511614	0.892017	0.0337681	0.0242262	0.0264252	0.0628294	0.0484413	0.0240653	0.0524133	0.93183	0.0308939	0.00494607	0.0171049	0.0236491	0.0446931	0.00278274	0.88089	0.00348424	0.721513	0.019151	0.0054999	0.016903	0.0032624	0.0298954	0.0491414	0.902859	0.0142313	0.00959432	0.0316712	0.0125897	0.0259295	0.198529	0.0617632	0.00280924
V7_S4	0.00659005	0.0344924	0.0361091	0.0773499	0.860174	0.118765	0.0200357	0.0367818	0.0141269	0.0517692	0.94817	0.876336	0.0541464	0.0550784	0.00742412	0.0886464	0.0193714	0.0361368	0.0070165	0.0833619	0.0253583	0.00924341	0.114879	0.895597	0.0142287	0.027698	0.0295133	0.01569	0.0231952	0.00923495	0.0339418	0.859392	0.0365434	0.0353195	0.0182466	0.0688076	0.198916	0.0551614	0.0254655	0.0678775	0.0394633	0.245979	0.0704486	0.00781529	0.0249606	0.0633762	0.0138804	0.0449343	0.0322315	0.0582698	0.036214	0.00668255	0.905351	0.0464259	0.0582595	0.0158924	0.0112763	0.0950916	0.0799355	0.00431378	0.0722778	0.863184	0.199557	0.0560423	0.0488196	0.0155843	0.915187	0.0330106	0.0227702	0.00712017	0.0430891	0.861064	0.0205486	0.0515469	0.0126316	0.0145833	0.320386	0.00587289	0.0155231	0.0937998	0.0231991	0.274682	0.0240386	0.00510007	0.0155804	0.152284	0.0165854	0.0500818	0.0348664	0.00489178	0.0622655	0.00671725	0.0282016	0.00522388	0.883458	0.0232078	0.0623323	0.869645	0.0111957	0.00619003	0.00654366	0.00762187	0.0274353	0.0140179	0.851114	0.868258	0.0154358	0.0232806	0.0869222	0.894898	0.0292172	0.0197875	0.0309415	0.0392866	0.0617066	0.880879	0.0364759	0.021872	0.0310745	0.0616716	0.0448782	0.0253	0.0126542	0.911197	0.0349238	0.00614376	0.0167005	0.0246134	0.0379544	0.00570338	0.900347	0.0100756	0.706153	0.014681	0.0061909	0.0216468	0.00684016	0.0292615	0.0505293	0.890576	0.0215477	0.007877	0.0319641	0.0170103	0.0304309	0.188582	0.0681994	0.00531438
V7_S5	0.00854013	0.0394327	0.0419054	0.0435239	0.839667	0.121719	0.0237124	0.039886	0.0178412	0.053851	0.923762	0.852919	0.052025	0.0553252	0.00568739	0.0854238	0.0252491	0.0317382	0.00875192	0.0680183	0.0246413	0.0131699	0.0996473	0.892429	0.0181244	0.0268345	0.027487	0.0223015	0.0324154	0.00796425	0.0362297	0.862529	0.036542	0.0384602	0.0194989	0.0454456	0.193361	0.0555321	0.0260887	0.0651582	0.0362001	0.267414	0.0774219	0.00687113	0.0338639	0.0605269	0.0177227	0.0506927	0.0331144	0.0591777	0.0388592	0.00630791	0.88413	0.0510225	0.0534766	0.00849754	0.0137907	0.102168	0.0674399	0.00403715	0.0768651	0.86431	0.193505	0.0576853	0.0524704	0.0177751	0.899113	0.0345612	0.029738	0.00988106	0.0360948	0.830539	0.0228104	0.0545128	0.0132813	0.0194853	0.359694	0.00676942	0.0187775	0.0834384	0.029739	0.274387	0.0243935	0.00660787	0.0177545	0.173088	0.0146161	0.050497	0.0341134	0.00490147	0.0602738	0.00475304	0.0287775	0.00643942	0.862949	0.0274729	0.0610545	0.85365	0.0102042	0.00522376	0.00634599	0.00657713	0.037134	0.0180925	0.843523	0.855505	0.0176495	0.0277778	0.0819442	0.884456	0.0324482	0.0265203	0.0340969	0.0362393	0.209595	0.881348	0.0379903	0.0222775	0.0358591	0.0648863	0.0497286	0.0265472	0.0166047	0.898856	0.0381092	0.00862695	0.0160064	0.0269506	0.0399141	0.00444689	0.894661	0.00772032	0.688868	0.029228	0.00508239	0.0224237	0.00689795	0.0314932	0.0510282	0.885898	0.0142297	0.00873389	0.0393912	0.0222101	0.0304997	0.200698	0.0672905	0.00465331
V7_S6	0.00580379	0.0300592	0.035017	0.0765009	0.862412	0.132649	0.0168828	0.0348513	0.0139553	0.0489391	0.944483	0.871576	0.0504971	0.0579962	0.00637714	0.1017	0.0208209	0.0248003	0.00895871	0.0793465	0.026119	0.0111985	0.146753	0.902594	0.0134618	0.0236572	0.0253504	0.0181655	0.0341288	0.00641355	0.0302329	0.882684	0.0380312	0.0410237	0.0210713	0.0412489	0.173925	0.0580892	0.0236938	0.0669058	0.0432276	0.400419	0.086659	0.00770603	0.0314693	0.0673671	0.0138309	0.0504281	0.0305209	0.0576556	0.0410879	0.00762228	0.908869	0.0463222	0.0574405	0.0115272	0.0138117	0.106032	0.0797551	0.00617534	0.0958532	0.887474	0.173018	0.0558237	0.044284	0.0167883	0.913553	0.0348166	0.023556	0.00575629	0.0390417	0.842978	0.0217192	0.0521285	0.0133091	0.0137096	0.292957	0.0040829	0.016245	0.0792119	0.0239802	0.311451	0.0252778	0.00649793	0.0240503	0.207534	0.0134639	0.0470962	0.0376953	0.00565498	0.0547546	0.0144671	0.0262574	0.00683323	0.896989	0.0184594	0.0558576	0.87895	0.0124529	0.0065245	0.00793146	0.00771467	0.0776453	0.0136291	0.845924	0.872909	0.0208822	0.0217229	0.104791	0.903788	0.0325346	0.0181637	0.0348616	0.0432172	0.215904	0.899969	0.034998	0.0199311	0.0264922	0.0640217	0.04961	0.0251559	0.0112636	0.92015	0.0288037	0.00792129	0.0172232	0.0286394	0.039618	0.00498782	0.908604	0.00811596	0.730025	0.0194427	0.00483787	0.0181936	0.00971528	0.0341022	0.0505343	0.907868	0.0177426	0.00799555	0.0333337	0.0229738	0.0311627	0.190105	0.0734312	0.00528459
V7_S7	0.00928967	0.0300301	0.0356316	0.0645513	0.851949	0.110973	0.02113	0.0335916	0.0160474	0.0483551	0.936938	0.868147	0.0491111	0.0499584	0.00846746	0.0833635	0.0254711	0.0281595	0.0112035	0.0899459	0.0260406	0.0167143	0.120575	0.888414	0.016294	0.0335186	0.0290894	0.0180574	0.0313218	0.0125802	0.0317311	0.851777	0.0334154	0.0367521	0.0203794	0.075169	0.172058	0.0493424	0.0256868	0.06488	0.0374758	0.227959	0.0625495	0.0104726	0.0182675	0.0549057	0.0161423	0.0435386	0.0288751	0.0552886	0.0415434	0.0108969	0.868644	0.0454381	0.0555471	0.0107204	0.0169273	0.0939627	0.093131	0.00967941	0.0682313	0.846449	0.171743	0.0495848	0.0429438	0.0199368	0.912625	0.0320249	0.0277821	0.00862789	0.037017	0.836389	0.0258052	0.047824	0.0167165	0.0192251	0.339942	0.0095123	0.0224907	0.0704681	0.02743	0.292476	0.0236057	0.0102488	0.0135331	0.164633	0.0186101	0.04576	0.0293437	0.00683969	0.0538407	0.00951337	0.0286532	0.0103451	0.876821	0.0215033	0.0537395	0.862905	0.0140676	0.0119979	0.0105521	0.0113755	0.0397294	0.0159801	0.836591	0.861938	0.0172388	0.0257764	0.0851099	0.900123	0.0309853	0.0217643	0.0302375	0.0380935	0.0691553	0.875267	0.0305652	0.0215259	0.0289394	0.052622	0.0467082	0.0277126	0.0294886	0.904936	0.0310404	0.0136034	0.016948	0.0251214	0.0354816	0.00620775	0.898544	0.0115509	0.651765	0.0218788	0.00837592	0.024067	0.00660774	0.031913	0.0493413	0.899259	0.0229312	0.0133128	0.0309272	0.0399466	0.0298606	0.183279	0.0566101	0.00625797
V7_S8	0.00869197	0.0316377	0.0293742	0.0680142	0.837885	0.0999246	0.0187663	0.0290924	0.015298	0.0452967	0.927538	0.85366	0.0440054	0.0502963	0.00733989	0.0842747	0.0232759	0.0297003	0.00994502	0.075809	0.0221412	0.00834645	0.121098	0.889437	0.0155799	0.0257736	0.0286018	0.0190738	0.0271189	0.0100872	0.028525	0.876538	0.0330535	0.0338213	0.017068	0.0574678	0.177963	0.0500222	0.0267809	0.0594132	0.0368523	0.261054	0.064409	0.00848645	0.0334331	0.0581807	0.0149954	0.0398293	0.0286423	0.050314	0.0346772	0.00689701	0.856035	0.0396618	0.0520914	0.0132028	0.0142711	0.0979187	0.0756944	0.00357202	0.0745167	0.858922	0.177731	0.0474856	0.0456405	0.0157579	0.902653	0.0302059	0.0260381	0.00822161	0.0354168	0.831525	0.0199413	0.0436327	0.0122192	0.0126307	0.319494	0.00452923	0.0171893	0.088787	0.026245	0.266463	0.0235365	0.00820947	0.0335632	0.162845	0.0144287	0.0424032	0.0334197	0.00445233	0.0558242	0.0115625	0.0252187	0.0082445	0.884757	0.0199754	0.0565698	0.842255	0.00897413	0.00628385	0.00674296	0.00875407	0.0696352	0.0153079	0.819239	0.858988	0.0130819	0.0210388	0.0842733	0.890047	0.027181	0.0180438	0.0304611	0.0364598	0.139589	0.889126	0.0315362	0.0193031	0.0273838	0.0564909	0.0436665	0.0202991	0.0135491	0.906805	0.0314993	0.00519041	0.017912	0.0288794	0.0329806	0.0036992	0.89159	0.0106976	0.6909	0.01623	0.00623126	0.016186	0.00508996	0.0262571	0.0447546	0.907182	0.0165897	0.00698956	0.0279848	0.0227874	0.0264797	0.187979	0.0637824	0.00348117
V7_S9	0.0132683	0.0263917	0.0289512	0.072942	0.852112	0.101745	0.0140478	0.0285928	0.0115611	0.0430919	0.924355	0.851001	0.0419893	0.0431208	0.00668593	0.0812537	0.014632	0.0195267	0.00479907	0.0671478	0.021791	0.00988772	0.102573	0.887528	0.0116267	0.0168844	0.0258642	0.0174584	0.0272945	0.00804777	0.0252721	0.866321	0.0339611	0.0306118	0.0178614	0.0523309	0.119337	0.0430658	0.020492	0.056207	0.0337294	0.260267	0.0554717	0.0077007	0.0273418	0.057007	0.0111998	0.0416024	0.0256413	0.0485179	0.0317641	0.00550871	0.90102	0.038649	0.0463127	0.00768879	0.0114643	0.0719766	0.0672458	0.00427051	0.0646771	0.850539	0.119859	0.047031	0.0406797	0.0147108	0.895433	0.0282942	0.0215093	0.0136514	0.0329695	0.816375	0.016516	0.0432837	0.0105067	0.0138993	0.346229	0.00729101	0.0137787	0.0759935	0.021101	0.283898	0.0191743	0.00885123	0.0157405	0.162713	0.013708	0.0380377	0.0268654	0.00766438	0.0441625	0.00539466	0.0233243	0.00894092	0.865714	0.0248536	0.0449652	0.854772	0.00936807	0.00554686	0.00526684	0.0060354	0.0387751	0.0115205	0.81975	0.86854	0.0226259	0.0147229	0.0879583	0.885428	0.0266055	0.0165494	0.0289326	0.033162	0.0467553	0.888435	0.028241	0.0161891	0.0285575	0.0533957	0.0401027	0.0195601	0.00719004	0.892595	0.0259208	0.00683362	0.019995	0.0198754	0.0323084	0.0049451	0.882976	0.00609711	0.702766	0.0145091	0.00713197	0.014972	0.0124464	0.0276211	0.0438557	0.889609	0.0182582	0.00662795	0.0253192	0.0150883	0.0249048	0.175116	0.0574759	0.00478563
V8_S1	0.0230659	0.0537611	0.0437255	0.185098	0.840623	0.139719	0.0440642	0.0484641	0.028181	0.0630981	0.947842	0.889365	0.0754715	0.0594895	0.0188033	0.108622	0.0230473	0.0390276	0.00947137	0.0972686	0.0301823	0.00996482	0.127013	0.894653	0.0287392	0.0394791	0.0513415	0.0242416	0.0294864	0.0402919	0.0527249	0.872944	0.0621974	0.0460281	0.0332867	0.225282	0.240733	0.0600818	0.0401674	0.0793989	0.0517238	0.306548	0.0889747	0.0234442	0.069929	0.101053	0.0284523	0.0554609	0.0502394	0.0680999	0.0562107	0.0145414	0.889227	0.0652815	0.0747002	0.0483292	0.0184218	0.119942	0.100278	0.00817684	0.0948309	0.830082	0.240312	0.0695052	0.0680265	0.0240749	0.904635	0.0421301	0.0510705	0.0230378	0.0506486	0.816614	0.0331649	0.0717214	0.0215757	0.0337998	0.25248	0.0151261	0.032966	0.153937	0.0504554	0.294878	0.0295322	0.00704744	0.0397983	0.198297	0.0385277	0.0703907	0.0390643	0.0115194	0.0981755	0.00668676	0.0385542	0.00753031	0.867199	0.0297801	0.0994393	0.866384	0.0153559	0.0213029	0.016579	0.019987	0.139987	0.028635	0.831288	0.848797	0.0176985	0.0408962	0.113087	0.893284	0.0429518	0.0239626	0.0454371	0.0516011	0.340081	0.861555	0.0424713	0.0355536	0.0423127	0.0777635	0.0642667	0.037884	0.0496274	0.88385	0.0548676	0.0137159	0.0612416	0.0401791	0.0592122	0.00910709	0.906947	0.0149426	0.624395	0.0234754	0.0253147	0.0335343	0.013907	0.0423724	0.0681423	0.844824	0.0672634	0.0168059	0.0466151	0.0255222	0.0425306	0.188655	0.107144	0.00910799
V8_S2	0.0569847	0.0736766	0.0189089	0.736282	0.818391	0.15187	0.0636512	0.0716666	0.0343957	0.0785502	0.948421	0.929575	0.133641	0.0708553	0.0455606	0.167574	0.0394824	0.0300828	0.00714557	0.161389	0.04678	0.00584465	0.122761	0.877578	0.0341218	0.0826651	0.0837483	0.0447928	0.0509762	0.103974	0.0676797	0.894979	0.143355	0.0410202	0.08828	0.734045	0.357895	0.0705763	0.0441498	0.0715206	0.0842998	0.259687	0.0832387	0.0518389	0.122044	0.312813	0.0344477	0.0810159	0.0851507	0.0745642	0.0712363	0.0381347	0.909731	0.106512	0.0857982	0.113629	0.0212612	0.120686	0.160109	0.0299766	0.0936874	0.544546	0.35735	0.0727157	0.0594583	0.0424012	0.902401	0.0342178	0.0871433	0.0565566	0.0689385	0.772669	0.0844778	0.0936141	0.0484731	0.0725858	0.340504	0.0434201	0.0701095	0.250969	0.0870866	0.326029	0.0314983	0.0124817	0.101093	0.239064	0.0898109	0.110831	0.0386028	0.0531676	0.116774	0.0256559	0.0537696	0.0123029	0.902188	0.0405583	0.116083	0.897253	0.0532642	0.0371654	0.038354	0.0639909	0.197429	0.0336146	0.561397	0.874511	0.00681412	0.096658	0.170089	0.907025	0.0329298	0.0644284	0.0563953	0.0840983	0.204901	0.560471	0.0383764	0.0616511	0.0598492	0.0855049	0.103608	0.0933418	0.0599382	0.786329	0.0748219	0.01548	0.143962	0.010468	0.0746841	0.0370551	0.917415	0.0158801	0.517836	0.0304432	0.0707605	0.0642058	0.0301426	0.0328669	0.101742	0.749322	0.181873	0.0487122	0.0588975	0.0218249	0.0395596	0.10544	0.132188	0.0369177
V8_S3	0.0107416	0.0349844	0.0399946	0.100558	0.815454	0.110535	0.0250883	0.0397312	0.018541	0.0509819	0.933414	0.863513	0.0600094	0.0566054	0.0140585	0.0799703	0.0133815	0.0332338	0.00387625	0.0768573	0.0270098	0.00894127	0.113508	0.866894	0.0183784	0.02515	0.0369134	0.020163	0.0270314	0.0107096	0.0399722	0.830053	0.0421425	0.0373518	0.0210064	0.0611105	0.135378	0.0560645	0.0273918	0.0716829	0.0325036	0.264073	0.0761995	0.0093317	0.0341874	0.0663381	0.0185977	0.0459094	0.0363874	0.0504609	0.0376678	0.0114378	0.891637	0.0507641	0.0582392	0.0197294	0.0106191	0.0754485	0.0815171	0.00923313	0.0657174	0.839654	0.134555	0.055389	0.050141	0.0175366	0.901276	0.0434855	0.0300864	0.0107964	0.0398888	0.816241	0.0221524	0.0536129	0.0106629	0.0139742	0.275679	0.0186096	0.0247895	0.0526316	0.0296218	0.261494	0.0226877	0.0079517	0.0223072	0.165629	0.0217711	0.0526155	0.0370225	0.0087687	0.0639624	0.0118426	0.0304617	0.0077724	0.845679	0.0208486	0.0627355	0.833513	0.00901779	0.0129317	0.0114933	0.0136828	0.030066	0.0181882	0.854488	0.857975	0.0210802	0.0152195	0.0796552	0.875385	0.038296	0.015761	0.0341748	0.032971	0.145578	0.892824	0.0357359	0.0260078	0.0318138	0.0654376	0.0464192	0.0249947	0.041793	0.896609	0.0356882	0.00574346	0.0305992	0.0322449	0.0470587	0.00414704	0.889183	0.00761635	0.66936	0.0225863	0.0112779	0.0189177	0.00568071	0.0384544	0.0531315	0.857826	0.0244767	0.01706	0.0336184	0.013334	0.035291	0.157539	0.0774868	0.003984
V8_S4	0.0143966	0.0655447	0.0570535	0.198209	0.840959	0.156232	0.0362576	0.0676087	0.0427903	0.0754698	0.940937	0.89711	0.0983095	0.0763351	0.0477578	0.119545	0.0427902	0.0501092	0.0148667	0.110792	0.0484497	0.00958735	0.122409	0.87891	0.0423979	0.0546632	0.0531806	0.0485909	0.0528179	0.03651	0.0643431	0.870536	0.0852362	0.0610081	0.0604764	0.216391	0.233559	0.076135	0.0473012	0.106219	0.0542459	0.34514	0.119626	0.0365561	0.0615592	0.144647	0.042371	0.0737921	0.062702	0.0735511	0.077633	0.0302157	0.898819	0.0881745	0.0757078	0.0656366	0.0375118	0.111394	0.111351	0.0538551	0.0958499	0.799645	0.233189	0.0705242	0.079931	0.0263516	0.907118	0.0678703	0.0528267	0.0161128	0.0647437	0.834883	0.0481001	0.0930691	0.0271944	0.0533372	0.321596	0.0168057	0.0509296	0.0947754	0.0536136	0.304553	0.0362525	0.00799379	0.0608257	0.184388	0.0455256	0.0735964	0.062589	0.0218339	0.101943	0.0138382	0.0451348	0.00789773	0.858814	0.0252923	0.102267	0.862936	0.0195775	0.050863	0.0316064	0.0583056	0.076389	0.0421296	0.837687	0.881987	0.0174731	0.0499149	0.123111	0.875758	0.057629	0.0482815	0.0555519	0.0543622	0.103014	0.862316	0.0597552	0.0553209	0.0592391	0.085889	0.0772171	0.0417336	0.0720725	0.875634	0.0656135	0.00763173	0.0884811	0.0427834	0.0566837	0.017498	0.908423	0.0138889	0.643777	0.038829	0.0203833	0.0374114	0.0187218	0.060402	0.0724805	0.817902	0.0927895	0.0470015	0.0741334	0.0180213	0.0522052	0.201134	0.131104	0.0159913
V8_S6	0.00785765	0.0231813	0.038989	0.0862332	0.843065	0.110366	0.016792	0.0250484	0.00887632	0.0432563	0.933128	0.859646	0.0470137	0.0445699	0.00814838	0.0818114	0.0182672	0.0278825	0.00174176	0.0861145	0.0188794	0.00256908	0.106852	0.857988	0.00879659	0.0134786	0.0267638	0.0168158	0.0248634	0.012656	0.034206	0.839987	0.0358009	0.0303373	0.0243623	0.138076	0.164702	0.0449687	0.0200185	0.0602423	0.0352578	0.269258	0.0490097	0.0062978	0.0233035	0.0682689	0.0089053	0.0438765	0.0301296	0.049402	0.0396189	0.00588734	0.864891	0.043082	0.0501734	0.0249644	0.00456314	0.0745504	0.0884241	0.00734484	0.0635715	0.826983	0.167194	0.0436328	0.0354261	0.0179086	0.886568	0.0234064	0.0257715	0.00807613	0.0366864	0.826073	0.021496	0.0461888	0.0117911	0.0108864	0.323929	0.00310554	0.00936027	0.0338437	0.0249635	0.255617	0.0209691	0.00656752	0.0243403	0.174976	0.0135365	0.0434097	0.0248628	0.0104053	0.0475123	0.0242335	0.0232203	0.0070851	0.792194	0.0215609	0.0480765	0.84055	0.0115641	0.00813265	0.00655779	0.00836778	0.0538819	0.00892812	0.810253	0.857307	0.0120776	0.0229084	0.0804014	0.900514	0.0236384	0.0170794	0.0264535	0.0360418	0.148038	0.847986	0.0284662	0.0190301	0.0240493	0.0655719	0.0452881	0.0230415	0.0269464	0.905065	0.0234262	0.0048164	0.0101273	0.021177	0.0291005	0.00456033	0.884039	0.00584994	0.655449	0.0226536	0.0113446	0.0191433	0.0103545	0.0236549	0.0442535	0.894114	0.0424183	0.00918971	0.0231987	0.0120442	0.0220343	0.176513	0.0491664	0.00514562
V8_S7	0.0169365	0.03193	0.0235115	0.287489	0.843642	0.102469	0.0265935	0.0363814	0.0172964	0.0492514	0.942602	0.886975	0.0606606	0.04681	0.0184501	0.102973	0.0249869	0.0263915	0.00606311	0.0785265	0.0247871	0.0112548	0.121876	0.894631	0.0166068	0.0354971	0.0351678	0.0242304	0.0283341	0.034138	0.03532	0.86667	0.0493495	0.0356724	0.036611	0.357354	0.226056	0.0464258	0.0258693	0.0607542	0.0449019	0.253924	0.0773442	0.0197896	0.0556407	0.105336	0.0169079	0.0413993	0.0392165	0.0550778	0.0398822	0.0171429	0.866917	0.0548549	0.0547531	0.0369698	0.0172122	0.0814693	0.0787117	0.0163102	0.0698777	0.791687	0.227583	0.0513368	0.0428602	0.0240278	0.90952	0.0306417	0.0312403	0.0163947	0.04142	0.830225	0.0303465	0.0528669	0.0179542	0.0282843	0.331846	0.0114605	0.0204998	0.0765021	0.0315603	0.276404	0.0228698	0.0102909	0.0341402	0.187949	0.0309764	0.0496829	0.0326857	0.010936	0.0568147	0.0250166	0.0264251	0.00994855	0.896263	0.0260696	0.0580747	0.874143	0.0186938	0.0106304	0.015459	0.0208119	0.0808705	0.0164815	0.798614	0.881101	0.0158794	0.0328277	0.0974704	0.913967	0.0282416	0.0255097	0.0315046	0.0453096	0.151244	0.844559	0.0286454	0.0255385	0.030566	0.0662024	0.0538858	0.031063	0.0262625	0.866448	0.0322631	0.013825	0.0568342	0.02247	0.0405513	0.0089561	0.906636	0.00803038	0.663911	0.0183539	0.0258881	0.0253122	0.00867248	0.0279405	0.053949	0.860727	0.072292	0.0208493	0.0345569	0.0207398	0.029302	0.182584	0.0757076	0.00938007
V8_S8	0.00304308	0.135982	0.0299805	0.523949	0.778159	0.238242	0.0831072	0.103515	0.00942416	0.210268	0.916638	0.834848	0.174545	0.25211	0.0567526	0.168633	0.0727219	0.00937833	0.00270062	0.0330506	0.119248	0.00531924	0.178022	0.767517	0.00944716	0.344459	0.0142109	0.173442	0.0142831	0.00440039	0.121755	0.764013	0.3293	0.116439	0.097307	0.690787	0.412274	0.252224	0.0135832	0.0552672	0.209166	0.373051	0.0535488	0.0326274	0.151811	0.224758	0.00930003	0.10038	0.153156	0.211202	0.126593	0.140424	0.826132	0.160642	0.425154	0.135989	0.15585	0.109634	0.0310004	0.00394186	0.0747359	0.560717	0.411229	0.218393	0.0538926	0.22184	0.844386	0.0369163	0.208769	0.00364845	0.300961	0.845275	0.246306	0.243312	0.202742	0.0359309	0.332567	0.089311	0.286678	0.0602438	0.209928	0.254039	0.170944	0.0094469	0.137063	0.230218	0.0968253	0.139007	0.0385102	0.181038	0.02634	0.0409184	0.187782	0.00980029	0.662431	0.0383673	0.0266054	0.81896	0.0258367	0.0317826	0.140417	0.178342	0.061417	0.00941469	0.66571	0.766207	0.0096539	0.252805	0.190662	0.783038	0.267805	0.148645	0.114191	0.212179	0.110648	0.858818	0.210705	0.191244	0.218386	0.177499	0.102883	0.110468	0.0293252	0.881148	0.134976	0.033974	0.481514	0.0101824	0.0238227	0.00422254	0.821034	0.0031857	0.392371	0.135053	0.109552	0.33929	0.00252429	0.261915	0.21992	0.672221	0.473935	0.294369	0.19512	0.00891066	0.0300135	0.103152	0.292346	0.00463547
VY_S1	0.0228734	0.068616	0.0522494	0.114458	0.85381	0.134828	0.0248604	0.0515448	0.0443148	0.0769669	0.919697	0.866608	0.0842221	0.0849288	0.0293494	0.130397	0.0857877	0.0601923	0.0315632	0.130081	0.0391871	0.0516273	0.192002	0.874653	0.0429553	0.0870625	0.0640201	0.0356734	0.0437479	0.0209857	0.0485451	0.877625	0.0657699	0.0601398	0.0373253	0.118647	0.304166	0.0844931	0.056978	0.104872	0.0623125	0.332151	0.109073	0.0354454	0.0537924	0.0929458	0.0424107	0.0627993	0.054053	0.083811	0.0644979	0.0419721	0.900152	0.0701054	0.0827684	0.069225	0.0812104	0.134047	0.129536	0.0244434	0.144682	0.875144	0.301959	0.0785125	0.0776062	0.0342959	0.895688	0.0502902	0.0495891	0.0230139	0.0624792	0.821113	0.042661	0.0753104	0.0272655	0.040423	0.535303	0.00880836	0.0255421	0.128349	0.0511816	0.459169	0.0440091	0.0155553	0.0790896	0.248694	0.0376153	0.0773916	0.0595415	0.0398688	0.093538	0.031978	0.0487919	0.015273	0.895736	0.0264178	0.0928301	0.883306	0.0169736	0.0173493	0.0415156	0.0201809	0.0427383	0.0426094	0.841181	0.877922	0.0255841	0.0416114	0.132447	0.914065	0.0487541	0.0482953	0.0555669	0.0623975	0.111384	0.90593	0.0590067	0.0557898	0.0577285	0.0940477	0.0822388	0.0524481	0.0765594	0.89937	0.0693523	0.00950007	0.0666201	0.0513226	0.070269	0.0179693	0.920415	0.020577	0.667081	0.0529634	0.0217063	0.04147	0.010832	0.0475458	0.0742533	0.908477	0.0493539	0.0138578	0.0646302	0.0705547	0.0601709	0.259594	0.103278	0.0176969
VY_S2	0.0199217	0.0422748	0.0539774	0.0713116	0.87336	0.133281	0.021819	0.034575	0.017357	0.0619045	0.934747	0.881135	0.0587891	0.0773172	0.00717231	0.0948648	0.0433522	0.0273428	0.0101632	0.104597	0.0267482	0.0228111	0.155568	0.904085	0.0175774	0.0261529	0.0391648	0.0271411	0.0325118	0.00778485	0.0406355	0.875142	0.0402943	0.0488047	0.0217399	0.0749197	0.274556	0.0768276	0.0304364	0.0642548	0.0422859	0.345785	0.0671632	0.0185392	0.0197457	0.0827755	0.0175919	0.0459435	0.0344349	0.0693835	0.0469349	0.0134523	0.848185	0.0502175	0.066059	0.0112174	0.0277574	0.106553	0.107956	0.0163742	0.125745	0.883349	0.275875	0.0687678	0.0583997	0.0205095	0.89944	0.0447724	0.0289005	0.0202363	0.0448022	0.857884	0.0258179	0.059864	0.0178861	0.0145662	0.564559	0.00886893	0.0167934	0.0820316	0.0294291	0.388733	0.0328786	0.0162643	0.0285321	0.274636	0.0219992	0.0461437	0.0304221	0.00698676	0.0753049	0.0108686	0.0272087	0.0150888	0.91827	0.0276661	0.0752588	0.866977	0.00622468	0.0145068	0.013189	0.0127908	0.118845	0.0173257	0.824466	0.893743	0.0189301	0.0257424	0.0926963	0.920854	0.0456449	0.0332498	0.0405596	0.0423915	0.323128	0.891954	0.0423962	0.02855	0.0371428	0.0590603	0.0698215	0.0310269	0.0262873	0.91297	0.0432039	0.0103754	0.015098	0.028126	0.0431109	0.0045533	0.915585	0.00460109	0.685516	0.0389134	0.0122003	0.0265151	0.00702863	0.0458086	0.0594161	0.909574	0.00424729	0.0124049	0.0361681	0.0309704	0.0414814	0.247756	0.088393	0.0044054
VY_S4	0.0085312	0.0443497	0.0352101	0.0372512	0.873479	0.115914	0.025759	0.0336083	0.0199637	0.0581492	0.921658	0.867024	0.0506867	0.0670187	0.00595649	0.103215	0.0931705	0.0202435	0.00914632	0.116559	0.0236675	0.0191922	0.195321	0.908053	0.0206683	0.0321301	0.0377333	0.0256512	0.0307634	0.0092989	0.0372231	0.899387	0.0393585	0.0384783	0.0225671	0.0502451	0.255445	0.0658796	0.0308375	0.0818588	0.0483487	0.32848	0.0568247	0.0134137	0.0231017	0.0659352	0.020661	0.0518936	0.0326474	0.0666921	0.0346537	0.00905689	0.88754	0.0436589	0.0667427	0.0156281	0.0446577	0.116168	0.119964	0.0113072	0.143879	0.865707	0.255961	0.067395	0.0497307	0.0192709	0.890436	0.0365268	0.0254421	0.00849334	0.0410887	0.841378	0.0249944	0.0559593	0.0169637	0.0142396	0.583677	0.0628758	0.0189094	0.0829122	0.0256468	0.432472	0.0252084	0.00939246	0.0180237	0.243514	0.0140022	0.0537176	0.0347411	0.00356621	0.0534045	0.0284094	0.040053	0.00965152	0.899238	0.0266295	0.0539236	0.883617	0.0125205	0.00652537	0.00919419	0.00800784	0.0334739	0.0195675	0.855358	0.892893	0.0190739	0.0294718	0.103043	0.918311	0.0330036	0.0302937	0.0326749	0.0486782	0.0732671	0.904018	0.037001	0.0219289	0.0441506	0.0581552	0.0611543	0.0238219	0.041145	0.907949	0.043619	0.00800289	0.0441551	0.0318982	0.0336292	0.00730788	0.919751	0.00940454	0.628368	0.0193521	0.00623177	0.022814	0.012971	0.0333864	0.0585286	0.933246	0.0482974	0.0116351	0.037596	0.0267843	0.032927	0.298627	0.0571791	0.00714677
VY_S5	0.0631784	0.0954132	0.027331	0.701236	0.831269	0.180564	0.0802884	0.0867168	0.0421856	0.100235	0.960264	0.930419	0.154589	0.0902572	0.0512565	0.218992	0.0549268	0.0327219	0.0141636	0.177784	0.0534479	0.0103678	0.174373	0.928051	0.0422621	0.114935	0.118179	0.0562142	0.0495	0.123487	0.0801667	0.890641	0.190432	0.0483422	0.148949	0.729346	0.514169	0.0905415	0.0542163	0.0949346	0.122327	0.37053	0.122523	0.0589024	0.111852	0.321775	0.0423195	0.0906092	0.0926214	0.0936714	0.0878483	0.0431906	0.922599	0.123865	0.116408	0.121175	0.0528666	0.177963	0.177882	0.0314197	0.147462	0.783539	0.513617	0.0934005	0.090126	0.0462408	0.903084	0.038935	0.100237	0.0626809	0.0919887	0.827231	0.100122	0.114256	0.0640948	0.0710884	0.489108	0.0457295	0.0903958	0.246098	0.100057	0.430642	0.0490257	0.0147797	0.0920138	0.303914	0.110448	0.131555	0.045266	0.0896728	0.149878	0.014506	0.0646352	0.0147646	0.931174	0.0524575	0.148516	0.923433	0.0620052	0.0343843	0.0432146	0.0730673	0.539459	0.0429695	0.65661	0.912533	0.0117367	0.0999133	0.213078	0.919852	0.0508842	0.0710819	0.0695971	0.122382	0.232548	0.619071	0.0430716	0.0841899	0.0854134	0.0916477	0.137077	0.106364	0.0774104	0.849796	0.0955741	0.0294342	0.155275	0.0213899	0.0985602	0.0285333	0.93911	0.0183124	0.542586	0.0449112	0.0872231	0.0914844	0.0367016	0.0509739	0.120456	0.828366	0.192172	0.0502912	0.0783975	0.0360696	0.0467511	0.170537	0.150194	0.0290073
VY_S7	0.00647988	0.0377572	0.0293788	0.0870272	0.829833	0.130164	0.0204105	0.0355112	0.0177706	0.0582933	0.924209	0.859434	0.0521219	0.0625737	0.00695714	0.0896863	0.047306	0.0252639	0.0106141	0.12457	0.0279995	0.0168876	0.160457	0.899612	0.0174975	0.0340923	0.0358183	0.0289545	0.0301911	0.00624989	0.0320847	0.891162	0.0392594	0.0423798	0.023992	0.0268147	0.23973	0.0622917	0.035982	0.0742348	0.0456222	0.338729	0.0796523	0.0118199	0.0303095	0.0515906	0.0176896	0.0500919	0.0330976	0.0667406	0.0457907	0.0108959	0.890968	0.051554	0.0639087	0.00934353	0.0334813	0.130286	0.124157	0.00794602	0.104302	0.851725	0.240544	0.0636418	0.0565321	0.0229711	0.891171	0.0400152	0.0295132	0.00589771	0.0370183	0.845065	0.0278994	0.0533601	0.0222999	0.0162685	0.519023	0.0106834	0.0257877	0.128163	0.0295016	0.384221	0.0474604	0.0112912	0.0227539	0.233388	0.0158522	0.0520187	0.0329417	0.00482221	0.063685	0.0090838	0.0406076	0.0117394	0.881894	0.0231504	0.0629701	0.871337	0.0113823	0.0066279	0.0110934	0.0112848	0.0626926	0.0177442	0.857396	0.869008	0.0216809	0.0302409	0.088128	0.917348	0.0330886	0.0251551	0.0362956	0.0454683	0.0745325	0.907397	0.0346442	0.0231485	0.0361353	0.0784365	0.0630347	0.0262723	0.0190839	0.906881	0.0375099	0.00792761	0.0300795	0.0384859	0.0477549	0.00547371	0.897838	0.0151319	0.639579	0.0269436	0.00734211	0.0202212	0.0116981	0.0334698	0.0553539	0.915481	0.019981	0.00815275	0.0313408	0.0370924	0.0324639	0.275289	0.0717643	0.00565269
VY_S8	0.0071245	0.232444	0.154575	0.185954	0.811683	0.259215	0.0281721	0.0940373	0.180062	0.166873	0.924045	0.87739	0.245774	0.0884061	0.161288	0.219285	0.233437	0.121288	0.0657983	0.34253	0.106013	0.327923	0.296404	0.858307	0.180679	0.179824	0.176991	0.0822172	0.128743	0.0139712	0.10581	0.891807	0.114051	0.15839	0.0665655	0.0518368	0.376862	0.0891281	0.153426	0.337562	0.150941	0.442712	0.292686	0.17943	0.0440374	0.183539	0.180816	0.129371	0.149511	0.149839	0.131231	0.237308	0.897216	0.212822	0.14701	0.268111	0.256236	0.263062	0.330426	0.213239	0.257471	0.872664	0.37362	0.105971	0.133184	0.100014	0.880586	0.246771	0.126363	0.00652108	0.158805	0.848008	0.161276	0.225551	0.0880395	0.121779	0.642673	0.00719152	0.0280158	0.280739	0.124838	0.551726	0.162777	0.160519	0.191086	0.375072	0.0500388	0.10634	0.200206	0.0401449	0.23078	0.276816	0.210512	0.1629	0.895086	0.0374428	0.234106	0.876554	0.0230721	0.244597	0.238105	0.0158746	0.042245	0.179802	0.859601	0.90151	0.018403	0.158983	0.203617	0.914622	0.166312	0.247814	0.179298	0.149232	0.259409	0.916025	0.174007	0.250948	0.20504	0.159332	0.190795	0.20042	0.311908	0.88323	0.237305	0.0125286	0.276574	0.112455	0.303863	0.154832	0.913645	0.101477	0.675347	0.251585	0.202602	0.0409136	0.00408163	0.165053	0.207909	0.894627	0.114945	0.099298	0.205436	0.240371	0.175212	0.390064	0.282801	0.155187
VZ_S2	0.0233129	0.0446289	0.0407199	0.123794	0.861441	0.132133	0.0187501	0.0331679	0.0255825	0.0533301	0.952159	0.913322	0.0706735	0.0505769	0.0138645	0.10401	0.0291053	0.046088	0.00832955	0.0850627	0.0310943	0.0269276	0.120711	0.909823	0.0257565	0.0341223	0.0436997	0.0200421	0.0298146	0.0294682	0.036163	0.880301	0.0404563	0.0541998	0.0205578	0.0696083	0.183322	0.0506277	0.0332603	0.0915409	0.0433184	0.388743	0.104	0.0134376	0.0297425	0.0911485	0.0254981	0.0504521	0.0416756	0.0591766	0.0417087	0.024807	0.91025	0.0487588	0.0568576	0.0248648	0.0207721	0.0879489	0.0822577	0.0163691	0.0691018	0.87902	0.183331	0.0509789	0.0683796	0.0229339	0.942828	0.04601	0.0309752	0.0232965	0.0480256	0.838046	0.0233446	0.0648803	0.0116508	0.011828	0.294265	0.00985152	0.0173661	0.113046	0.0311801	0.327143	0.0282821	0.0198186	0.0295534	0.154198	0.0211596	0.0531527	0.0431818	0.00838566	0.0772482	0.038611	0.0395745	0.0198941	0.89926	0.0187755	0.0768354	0.876866	0.0143028	0.0245954	0.0247231	0.00844942	0.0634588	0.0256862	0.863248	0.905306	0.0160766	0.0240984	0.100998	0.903541	0.0356642	0.0426849	0.0504168	0.0440464	0.104259	0.931482	0.0370251	0.0334685	0.0421333	0.0591427	0.0486396	0.0416596	0.0225456	0.917085	0.0435027	0.0081944	0.036107	0.0250788	0.0538599	0.0132391	0.907126	0.0130676	0.771675	0.0241194	0.0153722	0.0204314	0.00963553	0.0354762	0.0511203	0.904497	0.0287565	0.0074374	0.0503304	0.0272758	0.0410396	0.178992	0.095447	0.0131995
VZ_S3	0.00749926	0.0339918	0.0333751	0.0789329	0.877454	0.120829	0.0144912	0.0270028	0.0140801	0.0468936	0.972901	0.91611	0.0490525	0.045257	0.00583453	0.0853866	0.0196451	0.0258327	0.00603467	0.0581529	0.0244716	0.0107755	0.116595	0.915316	0.014253	0.0264787	0.027815	0.020576	0.0293686	0.00861953	0.0308723	0.883509	0.0341513	0.035215	0.0173349	0.050592	0.171241	0.0455795	0.0248886	0.0741468	0.0341762	0.275607	0.0742295	0.00715503	0.0227802	0.0549564	0.0139327	0.0428197	0.0311468	0.0540182	0.0273516	0.00745251	0.913135	0.0453785	0.0536959	0.00930207	0.0123275	0.0937146	0.0619921	0.00794758	0.0748332	0.880883	0.170935	0.0535879	0.0466522	0.0166623	0.955689	0.0339132	0.0272924	0.00732982	0.0369041	0.887176	0.0191924	0.0469881	0.0120739	0.013957	0.3293	0.00458413	0.0122665	0.0615675	0.027014	0.333433	0.018305	0.0057285	0.0255174	0.176192	0.0156327	0.0426716	0.0333425	0.00344745	0.0681321	0.0119749	0.0290763	0.00603606	0.912307	0.0176903	0.0672952	0.886291	0.00966636	0.0080918	0.00744805	0.00765008	0.0585126	0.0137313	0.885057	0.88827	0.0151917	0.0160725	0.0874792	0.93268	0.0293696	0.016428	0.0307694	0.0336967	0.242293	0.945986	0.0345816	0.0206181	0.0226864	0.056934	0.0402604	0.0253668	0.0215084	0.936137	0.0347244	0.0100639	0.0077253	0.0428186	0.0397555	0.00297906	0.875799	0.002421	0.696656	0.0235513	0.00398442	0.0189158	0.00910711	0.0290411	0.0494634	0.925915	0.0192355	0.00700722	0.0292086	0.0181737	0.030433	0.218653	0.059896	0.00298416
VZ_S6	0.0236678	0.0499416	0.0455668	0.109457	0.860958	0.122882	0.0222759	0.0303883	0.0265369	0.0548572	0.940473	0.900951	0.0690572	0.0592934	0.0136291	0.0830519	0.0362608	0.0358923	0.0299633	0.0887051	0.0412719	0.0384647	0.126347	0.865145	0.0264058	0.0418406	0.0407506	0.0277673	0.0339871	0.0310409	0.0376831	0.857913	0.0481125	0.04794	0.0232518	0.0811039	0.162489	0.0591172	0.0443456	0.0969779	0.0459155	0.25727	0.0944594	0.0218016	0.039666	0.0831546	0.026865	0.049558	0.0469077	0.0636762	0.0561815	0.0332386	0.919492	0.0533523	0.0632744	0.0410688	0.0428507	0.0770156	0.0888374	0.0433574	0.0712061	0.887056	0.162508	0.0575599	0.0633197	0.0257911	0.927618	0.0548428	0.0371451	0.0266447	0.038193	0.841852	0.0335057	0.066045	0.0178465	0.0253398	0.337068	0.00696147	0.0193655	0.134234	0.0375097	0.283569	0.0417747	0.0186991	0.0222072	0.172181	0.0259038	0.0442155	0.0442194	0.0104859	0.102086	0.0380505	0.0433313	0.0188482	0.877182	0.0173663	0.103473	0.876273	0.0131522	0.0438419	0.0332996	0.0150939	0.108493	0.0261847	0.862219	0.851916	0.0341903	0.0340592	0.0846386	0.896626	0.0378149	0.0403812	0.0496011	0.0456766	0.134	0.918768	0.039059	0.0316377	0.046913	0.0606838	0.0549563	0.0479686	0.0498055	0.916503	0.0512529	0.0128436	0.0363612	0.0266649	0.0706142	0.00847383	0.90029	0.00953261	0.751964	0.0556102	0.0169538	0.0381419	0.0129374	0.0382792	0.0543715	0.88017	0.0485946	0.0104078	0.0648418	0.0538796	0.0454943	0.1822	0.0926242	0.00797221
VZ_S7	0.010144	0.0371782	0.0436844	0.10437	0.876275	0.15094	0.0224218	0.0391726	0.0136921	0.056719	0.951079	0.886765	0.0530596	0.061048	0.00974389	0.119172	0.0517726	0.0280404	0.00714203	0.0929067	0.0273894	0.0136242	0.175548	0.909909	0.0136598	0.041053	0.0419149	0.0253418	0.0283047	0.0154034	0.0341353	0.882216	0.0495462	0.0422409	0.025556	0.119329	0.294094	0.0609556	0.032749	0.0692572	0.0454043	0.294368	0.138185	0.0110441	0.0301232	0.0852151	0.0136226	0.0463991	0.034359	0.0676955	0.0423963	0.0105114	0.903769	0.051645	0.0675821	0.0157827	0.0258976	0.140318	0.0924288	0.0100351	0.124762	0.849245	0.293019	0.0613142	0.0618385	0.0227904	0.907539	0.0363726	0.0321067	0.010817	0.0437298	0.863284	0.0252767	0.0566897	0.0172979	0.0169631	0.54897	0.00916629	0.021613	0.0930326	0.0321419	0.423705	0.0268872	0.009771	0.0319602	0.22782	0.0215017	0.0556811	0.0349535	0.00680011	0.0762584	0.0809744	0.0335149	0.00957165	0.914022	0.0282571	0.0746586	0.878321	0.0158635	0.00990146	0.0105933	0.0103082	0.076438	0.0137024	0.859366	0.906572	0.0205319	0.0250167	0.113604	0.924562	0.0321608	0.0262399	0.0385402	0.0453775	0.242509	0.912555	0.0404665	0.0269523	0.0376031	0.067799	0.0617756	0.031038	0.043192	0.911893	0.0372221	0.00901322	0.0223485	0.02984	0.0509372	0.00477306	0.927972	0.00747312	0.719489	0.0220785	0.00782926	0.0275925	0.00715471	0.03192	0.0586534	0.927522	0.0307029	0.00996	0.0365372	0.0252291	0.0357387	0.278767	0.0814143	0.00512731
VZ_S8	0.00589174	0.0444788	0.0376673	0.0820298	0.870031	0.138602	0.023927	0.0433186	0.0168939	0.0632067	0.940582	0.88469	0.0734259	0.0660444	0.00867421	0.130644	0.054944	0.0443744	0.00748327	0.120218	0.0299387	0.0152925	0.172555	0.907156	0.0169128	0.0377026	0.0461747	0.0226472	0.0371899	0.0137064	0.0394937	0.891886	0.0602496	0.0534709	0.0290478	0.107221	0.312803	0.0659683	0.038395	0.0729165	0.0480596	0.40046	0.0960748	0.0171618	0.0401668	0.08248	0.0170622	0.0611557	0.0414416	0.0762657	0.0492575	0.0111999	0.90016	0.0554176	0.0717302	0.0230775	0.0285739	0.142311	0.122971	0.00674905	0.129632	0.888859	0.310751	0.0819642	0.0580001	0.0241497	0.909518	0.0427081	0.0396188	0.00606633	0.0495849	0.833728	0.0293936	0.0723787	0.019839	0.0148216	0.539534	0.00644916	0.0250425	0.127136	0.0401462	0.452472	0.0269969	0.00894445	0.0341089	0.246149	0.021459	0.0635147	0.0473959	0.00797282	0.105306	0.0180512	0.0508124	0.00913989	0.910234	0.0228183	0.102836	0.891795	0.0190835	0.0122579	0.0113148	0.00928883	0.0916302	0.0168977	0.854445	0.89213	0.0162043	0.0297321	0.127106	0.913113	0.037832	0.0281757	0.0404025	0.0481198	0.160124	0.907877	0.048548	0.031006	0.0472338	0.0796884	0.0711804	0.0334824	0.0793941	0.906484	0.0461281	0.00988213	0.0136948	0.0322544	0.0603734	0.00484927	0.923372	0.006129	0.65353	0.0360687	0.00939742	0.0355197	0.00541227	0.0382106	0.0689529	0.925919	0.0331861	0.0104327	0.0460503	0.0276633	0.0391191	0.257321	0.074904	0.0048006
