sample	cns_path	tissue	genome_len_autosomes	n_segments_autosomes	aneuploidy_score	fga	fga_gain	fga_loss	max_gain_log2	min_loss_log2	n_gain_segments	n_loss_segments	chr1_mean_log2	chr2_mean_log2	chr3_mean_log2	chr4_mean_log2	chr5_mean_log2	chr6_mean_log2	chr7_mean_log2	chr8_mean_log2	chr9_mean_log2	chr10_mean_log2	chr11_mean_log2	chr12_mean_log2	chr13_mean_log2	chr14_mean_log2	chr15_mean_log2	chr16_mean_log2	chr17_mean_log2	chr18_mean_log2	chr19_mean_log2	chr20_mean_log2	chr21_mean_log2	chr22_mean_log2	n_chr_altered	cnr_path	mad_bin_log2	frac_bins_extreme
V10_S3	/data/farneysk/ElnitskiLab/Bismark_Output/WGEmSeq/seq_files/EMseq_BAMs/CoordSorted/Colon/cnvkit/V10_S3.coordsort.cns	Colon	2697474548	638	0.20024888020850487	0.6213186445976431	0.4120197448476537	0.20929889974998941	1.7108	-25.3251	331	182	-0.06993154041094243	0.12536529969319365	-0.005181482018429068	-0.032229305807172516	0.004436056362558947	-0.023854040150598953	0.4389525712928728	-0.060266563944521734	0.36904327492113065	0.1698595886163385	-0.05543216943722306	0.27337696833288605	1.6550318172039145	-0.005044187387186874	0.0634773	-0.06707570509807984	-0.14714496627601603	0.22704190082637757	-0.0894908443537194	0.3825897048991448	0.22629046412861406	-0.14031122638175111	17	/data/farneysk/ElnitskiLab/Bismark_Output/WGEmSeq/seq_files/EMseq_BAMs/CoordSorted/Colon/cnvkit/V10_S3.coordsort.cnr	0.1743145	0.0003940837987933183
V21_S11	/data/farneysk/ElnitskiLab/Bismark_Output/WGEmSeq/seq_files/EMseq_BAMs/CoordSorted/Colon/cnvkit/V21_S11.coordsort.cns	Colon	2697529110	442	0.15024271177921536	0.6632303074571826	0.4522224603537272	0.21100784710345535	1.73447	-26.1989	257	144	-0.03915863868578024	0.11585442407016093	0.15416493719504484	-0.05173299412104651	-0.03575444933979346	0.055188480181541315	0.2936633169119196	0.39571455130276145	-0.03997136079305909	-0.07938290845890547	0.1512683193957845	0.011558100500471527	0.4867640798582242	-0.06488389441737828	-0.08152927862284949	0.1256301737665831	-0.11281815020186814	-0.0035102593028340763	-0.016594030398057694	0.4717744560332877	-0.05511348729916471	-0.27099042376441007	16	/data/farneysk/ElnitskiLab/Bismark_Output/WGEmSeq/seq_files/EMseq_BAMs/CoordSorted/Colon/cnvkit/V21_S11.coordsort.cnr	0.14563790000000001	0.0003962650744323957
V21_S12	/data/farneysk/ElnitskiLab/Bismark_Output/WGEmSeq/seq_files/EMseq_BAMs/CoordSorted/Colon/cnvkit/V21_S12.coordsort.cns	Colon	2697866343	230	0.011877452680713704	0.003595525043399083	0.0008970544468518173	0.0026984705965472657	1.53979	-25.7046	24	79	-0.012872198398689142	-0.01285305045657806	-0.006317844562394609	-0.013412967935386114	-0.002190413569388695	-0.009196065804440339	0.00049008379444763	-0.010400540281685515	-0.010609108418432581	-0.027093578456241454	-0.013242978621655351	-0.003540874620755485	0.000155691931271511	-0.00707267	-0.015121259895010652	0.009125053805555703	-0.006991747090834654	-0.01655764281882341	0.01323315528605788	0.0016534648120855877	-0.009749269475280641	-0.03296520481525573	0	/data/farneysk/ElnitskiLab/Bismark_Output/WGEmSeq/seq_files/EMseq_BAMs/CoordSorted/Colon/cnvkit/V21_S12.coordsort.cnr	0.08467343499999999	0.0002951993031551425
V21_S13	/data/farneysk/ElnitskiLab/Bismark_Output/WGEmSeq/seq_files/EMseq_BAMs/CoordSorted/Colon/cnvkit/V21_S13.coordsort.cns	Colon	2697697794	570	0.04194386612176439	0.17770428217208972	0.05905185760773914	0.11865242456435059	0.844088	-27.0262	105	231	-0.02133815513665085	0.02212557307906883	0.02073478559429453	-0.05164591116099626	0.006387239022511022	0.01799202337069855	0.0306088354679345	0.008826850264203876	-0.05044211923510198	-0.04128634720393371	0.002090298432832067	-0.04236697435453449	-0.012042483877623375	0.004837377969012724	-0.049057389118425034	-0.015777546565859415	-0.04059593497342282	-0.04861172331440687	-0.04570756285748133	0.08143362001848778	0.0029318608674363715	-0.0931339235233271	4	/data/farneysk/ElnitskiLab/Bismark_Output/WGEmSeq/seq_files/EMseq_BAMs/CoordSorted/Colon/cnvkit/V21_S13.coordsort.cnr	0.11354194000000001	0.0003570021129290024
V21_S14	/data/farneysk/ElnitskiLab/Bismark_Output/WGEmSeq/seq_files/EMseq_BAMs/CoordSorted/Colon/cnvkit/V21_S14.coordsort.cns	Colon	2697888413	900	0.02528389002393579	0.1204901056817727	0.03450452159230946	0.08598558408946323	0.833318	-25.8979	174	318	0.002326160645667441	0.004642493598439817	7.169655195803936e-05	-0.02259172466233272	-0.0013535341869289781	0.002934039044510384	-0.012770022218274592	0.0031778898048841512	-0.008861742659095295	-0.00289844698593761	-0.0005037754222575968	-0.020431078925172808	-0.007092911329369358	-0.028422271855961648	0.000535311	-0.026781067781280997	-0.0263945435273608	-0.008002837774653935	-0.1281749528248166	-0.0079396129592303	-0.039131292735902004	-0.044520226688005864	1	/data/farneysk/ElnitskiLab/Bismark_Output/WGEmSeq/seq_files/EMseq_BAMs/CoordSorted/Colon/cnvkit/V21_S14.coordsort.cnr	0.11153513999999999	0.0003151943298466854
V21_S15	/data/farneysk/ElnitskiLab/Bismark_Output/WGEmSeq/seq_files/EMseq_BAMs/CoordSorted/Colon/cnvkit/V21_S15.coordsort.cns	Colon	2697509337	402	0.015905540924192673	0.03193886368371818	0.006177919301860048	0.02576094438185813	0.888526	-26.1118	32	134	-0.017605605469049743	-0.0010496006235137414	-0.006648459025912993	0.007747242440516733	0.0011706669779560817	-0.0063466504835644035	-0.00045576288311635724	0.013880718235718606	-0.0230526870573103	-0.021687700511743215	-0.0006974279462045433	-0.010114968604910948	-0.0004217020108462929	-0.00135646	-0.018208	-0.019234576935437106	-0.0231560907974301	0.006548795675539701	-0.030887830736343658	-0.014851101012832164	-0.012815826189512727	-0.06404554546146687	1	/data/farneysk/ElnitskiLab/Bismark_Output/WGEmSeq/seq_files/EMseq_BAMs/CoordSorted/Colon/cnvkit/V21_S15.coordsort.cnr	0.0949565	0.00025084669849390187
V23_S1	/data/farneysk/ElnitskiLab/Bismark_Output/WGEmSeq/seq_files/EMseq_BAMs/CoordSorted/Colon/cnvkit/V23_S1.coordsort.cns	Colon	2697846728	278	0.01912265772503169	0.052769858466177474	0.048330653719776476	0.004439204746400997	1.0422	-25.2182	45	79	-0.006228846140521892	0.011110752448110339	-0.007181285951235163	-0.012747113102582286	-0.010418728362457262	0.011355378842717164	0.01363739648706901	-0.0023909747784328114	-0.026654415006443184	-0.022310260851933744	0.014848674572655242	-0.007164377389754113	0.06205117218467124	-0.011510438101200077	-0.0009591752537928453	0.0010575899812921847	0.01411917701494387	-0.024643003872032238	-0.03352901152282384	0.039780534965830054	-0.0102905	-0.02654637590981563	1	/data/farneysk/ElnitskiLab/Bismark_Output/WGEmSeq/seq_files/EMseq_BAMs/CoordSorted/Colon/cnvkit/V23_S1.coordsort.cnr	0.106023725	0.00026975108736590605
V23_S3	/data/farneysk/ElnitskiLab/Bismark_Output/WGEmSeq/seq_files/EMseq_BAMs/CoordSorted/Colon/cnvkit/V23_S3.coordsort.cns	Colon	2697944793	311	0.01306872344439207	0.0214908530190966	0.0009518411965518674	0.020539011822544733	0.583273	-26.4985	26	109	-0.001567231923557451	-0.0036272354760373557	-0.004774687411490482	-0.015149794446651356	-0.006766267269858357	-0.010195953055761263	-0.01667265410198867	-0.007690365066700739	-0.024444967094432755	-0.015505952458966805	0.0017351634476136053	-0.005518237774996877	-0.013152638307348434	-0.00540563	-0.0032981400000000006	-0.013407928637867838	-0.035925885885611075	-0.008626954444815095	-0.050589064489240006	-0.003114771130575013	-0.019856564168449702	-0.01849577725963667	1	/data/farneysk/ElnitskiLab/Bismark_Output/WGEmSeq/seq_files/EMseq_BAMs/CoordSorted/Colon/cnvkit/V23_S3.coordsort.cnr	0.107460835	0.00023994032029851485
V23_S6	/data/farneysk/ElnitskiLab/Bismark_Output/WGEmSeq/seq_files/EMseq_BAMs/CoordSorted/Colon/cnvkit/V23_S6.coordsort.cns	Colon	2697577794	274	0.015483214921341214	0.018481293889239362	0.00094186384750467	0.017539430041734694	1.27403	-25.613	26	77	-0.008445180913062556	0.0017533072517500825	-0.012606719927869523	-0.01076062934443052	-0.0013719934193371737	-0.0011725505701518809	-0.011596212909751944	-0.006612755038896241	-0.009313562573854291	-0.0010370138801782819	-0.001312447446594316	-0.008781905612674506	-0.008739248274721334	-0.00588039	-0.00159883	-0.03008622370498203	-0.007058131732348644	-0.004966857333759263	-0.03957439304924205	-0.0015495091281469823	-0.08113647310631028	-0.06297421636547895	2	/data/farneysk/ElnitskiLab/Bismark_Output/WGEmSeq/seq_files/EMseq_BAMs/CoordSorted/Colon/cnvkit/V23_S6.coordsort.cnr	0.0960443175	0.0002930180275160651
V23_S7	/data/farneysk/ElnitskiLab/Bismark_Output/WGEmSeq/seq_files/EMseq_BAMs/CoordSorted/Colon/cnvkit/V23_S7.coordsort.cns	Colon	2697877422	329	0.01700428034456367	0.008268360459261815	0.003348048701673	0.004920311757588815	1.68123	-26.1533	38	96	-0.01331135229491967	-0.00024220470426959128	0.0024215584185015735	-0.007821331631864773	0.0017280433293421571	-0.000741096669278958	0.005240776870556049	-0.02550045583442296	-0.004129763186735265	-0.02828558222130379	-0.004140411160758791	-0.04986252101797428	0.008318741385337646	-0.0102209	-0.0256876888726427	-0.02636267981391553	-0.017518943589581337	-0.018692860992603703	-0.025605532210952072	0.011298285573766314	-0.0161017	-0.03568333208943889	0	/data/farneysk/ElnitskiLab/Bismark_Output/WGEmSeq/seq_files/EMseq_BAMs/CoordSorted/Colon/cnvkit/V23_S7.coordsort.cnr	0.08199395500000001	0.0003144672379669929
V23_S8	/data/farneysk/ElnitskiLab/Bismark_Output/WGEmSeq/seq_files/EMseq_BAMs/CoordSorted/Colon/cnvkit/V23_S8.coordsort.cns	Colon	2697844877	241	0.012006360010795638	0.009455121462863857	0.0015017279290368926	0.007953393533826963	0.622156	-26.2463	37	81	-0.009025138304321334	-2.016814829186901e-05	-0.003056265522227103	-0.0029858464145955683	-0.001198356720891426	0.00040315467275330697	-0.006274739212156083	-0.007543905674905595	-0.01993157585387521	-0.04166482294994975	-0.009148461583900496	-0.017059725717159586	-0.0019555422575493375	-0.02127281386028873	-0.010659253608534053	-0.01735088258141765	-0.023474842417080654	-0.003077791683343972	-0.01800656512121352	-0.010645854364533478	-0.0111467	-0.03199934555702208	0	/data/farneysk/ElnitskiLab/Bismark_Output/WGEmSeq/seq_files/EMseq_BAMs/CoordSorted/Colon/cnvkit/V23_S8.coordsort.cnr	0.09353368000000001	0.0003340987187186896
V24_S1	/data/farneysk/ElnitskiLab/Bismark_Output/WGEmSeq/seq_files/EMseq_BAMs/CoordSorted/Colon/cnvkit/V24_S1.coordsort.cns	Colon	2697823468	314	0.020818255880574562	0.03722655955485965	0.017617620857614986	0.019608938697244664	0.635755	-25.8436	69	81	-0.0031895655938272904	0.02535734889255593	0.01702698216001674	-0.015406119047851378	-0.004249159361609672	-0.006717227649123094	-0.007696537125478591	-0.023353545620446663	-0.009774671797381946	-0.03745711152963254	0.015760988471713564	0.015845104270192166	-0.0053627229311544716	-0.002523921333942404	-0.0051075446091881395	-0.01092843470659429	0.0022377565513399048	-0.03944757204875553	-0.011720027221285187	0.037001748726315085	-0.06464891198368403	-0.032345335288708914	1	/data/farneysk/ElnitskiLab/Bismark_Output/WGEmSeq/seq_files/EMseq_BAMs/CoordSorted/Colon/cnvkit/V24_S1.coordsort.cnr	0.08601606499999999	0.0002813845574409856
V24_S2	/data/farneysk/ElnitskiLab/Bismark_Output/WGEmSeq/seq_files/EMseq_BAMs/CoordSorted/Colon/cnvkit/V24_S2.coordsort.cns	Colon	2697895793	252	0.012211714430485274	0.004653547788085379	0.0012566456453939102	0.003396902142691469	0.785541	-26.1744	35	65	-0.011573651346001218	-0.0038023510780676273	-0.0025310801138690715	-0.0020204679415126003	0.0001354617621709232	-0.008062663714875845	-0.004303589638360925	-0.004756139744798046	-0.047111431129119294	-0.01852606921282246	-0.0012196996327753955	-0.004397614538863122	0.0025460057345858414	-0.016819429780533603	-0.013911842533654316	-0.01881267984975551	-0.03839883845050132	-0.007330311331680216	-0.018790735476855256	0.003496654147458101	-0.0180443	-0.02900649577321685	0	/data/farneysk/ElnitskiLab/Bismark_Output/WGEmSeq/seq_files/EMseq_BAMs/CoordSorted/Colon/cnvkit/V24_S2.coordsort.cnr	0.083144492	0.00037336168022208293
V24_S3	/data/farneysk/ElnitskiLab/Bismark_Output/WGEmSeq/seq_files/EMseq_BAMs/CoordSorted/Colon/cnvkit/V24_S3.coordsort.cns	Colon	2697590245	425	0.01486485449190113	0.014953433745086812	0.00291414829015294	0.012039285454933872	0.905092	-25.822	56	115	-0.017253739126578484	-0.004893901684357238	-0.005139276853341485	-0.0029625121113526862	-0.009488473626335113	-0.011657450850634929	-0.004773128096255906	-0.025129221840849716	-0.009675230769561899	-0.011246513069387253	0.0016557865213326262	-0.007768110196480766	0.0032288455366486116	-0.0102077	-0.00989236	-0.007155200166933953	-0.027423063921385233	0.0015501903212485851	-0.028949727269121758	-0.006240048335951591	-0.0197976031414591	-0.033908034753587425	0	/data/farneysk/ElnitskiLab/Bismark_Output/WGEmSeq/seq_files/EMseq_BAMs/CoordSorted/Colon/cnvkit/V24_S3.coordsort.cnr	0.0888857469	0.0003108317785685306
VY_S1	/data/farneysk/ElnitskiLab/Bismark_Output/WGEmSeq/seq_files/EMseq_BAMs/CoordSorted/Colon/cnvkit/VY_S1.coordsort.cns	Colon	2697519954	311	0.008720078450433197	0.015393024966665362	0.0035378381486478525	0.01185518681801751	2.06615	-25.4932	68	76	-0.005168378460962619	-0.002222052153425155	0.001973111084251681	-0.002204102385512352	0.002495604679328202	-0.0002577968867839069	-0.0034142336193092168	-0.001944176021908518	-0.014532503370082002	-0.0044322687296590325	-0.0023136983314581776	0.007774937755470967	0.0006297775838028448	0.009611365381487973	-0.0089638	-0.012212524458445678	-0.02171386084409449	-0.0005705382709448633	-0.035823816343757885	-0.0022614974212584044	-0.00962865	-0.010458627393393087	0	/data/farneysk/ElnitskiLab/Bismark_Output/WGEmSeq/seq_files/EMseq_BAMs/CoordSorted/Colon/cnvkit/VY_S1.coordsort.cnr	0.09892979660000001	7.670819330755551e-05
VY_S2	/data/farneysk/ElnitskiLab/Bismark_Output/WGEmSeq/seq_files/EMseq_BAMs/CoordSorted/Colon/cnvkit/VY_S2.coordsort.cns	Colon	2697790263	218	0.01107094426317615	0.007950072803713727	0.0010305449011845588	0.006919527902529167	0.83567	-25.5959	27	74	-0.005851693031702582	-0.0026871458244647887	-0.0022852105230359225	-0.005378880075354228	2.714549379092366e-05	-0.0009916086385071082	-0.004732218498107577	-0.008925356379008076	-0.02081435000725448	-0.020290000921999677	-0.004909286460563299	-0.009206339203847442	0.004967764201110751	-0.00424598	-0.0148456	-0.014617473395831079	-0.035597510134861524	-0.0020000131690083673	-0.01704176984750248	-0.0004665215014413435	-0.033640491789533856	-0.04864367833097147	0	/data/farneysk/ElnitskiLab/Bismark_Output/WGEmSeq/seq_files/EMseq_BAMs/CoordSorted/Colon/cnvkit/VY_S2.coordsort.cnr	0.112436223	0.0002784761899222157
VY_S4	/data/farneysk/ElnitskiLab/Bismark_Output/WGEmSeq/seq_files/EMseq_BAMs/CoordSorted/Colon/cnvkit/VY_S4.coordsort.cns	Colon	2697839258	233	0.012307616335374891	0.0032552614000103636	0.0006640684743123417	0.0025911929256980217	1.26817	-25.4779	27	71	-0.006295575652570731	-0.013196081533965377	-0.019894430914930095	-0.011284909849618031	-0.006851366083749788	-0.011924331807722212	-0.009668497308930928	-0.008680857023237598	-0.029941919744987753	-0.009470686299871444	-0.005368165138178139	-0.015635723620104774	-0.0066387963470963705	-0.004676482369950309	-0.0132536	-0.0006694829067628243	0.0055085098282347585	-0.0014022525336179457	0.004631069642929509	0.004837270811765532	0.002878278257078322	-0.011278079871701251	0	/data/farneysk/ElnitskiLab/Bismark_Output/WGEmSeq/seq_files/EMseq_BAMs/CoordSorted/Colon/cnvkit/VY_S4.coordsort.cnr	0.109643453	0.0003704533127033131
VY_S7	/data/farneysk/ElnitskiLab/Bismark_Output/WGEmSeq/seq_files/EMseq_BAMs/CoordSorted/Colon/cnvkit/VY_S7.coordsort.cns	Colon	2697552703	234	0.01506708888240089	0.009519912612435805	0.0016840030576410947	0.00783590955479471	0.723942	-25.1947	25	71	-0.00461759131460345	-0.013016884047700156	-0.0021945168677936127	-0.01860579268679544	-0.006260655008772208	-0.006748995242675592	-0.014728617861744763	-0.016965253350250644	-0.018989867254403502	-0.03443224962484112	-0.0019375721268403434	-0.00907727817360062	-0.014150704330779997	0.0026822348100357	0.0077467	-0.008949589690683291	-0.02733309742667837	-0.005766852489616936	-0.033349998489963256	0.0027274598707094193	-0.0029261116307296993	-0.021764093687570894	0	/data/farneysk/ElnitskiLab/Bismark_Output/WGEmSeq/seq_files/EMseq_BAMs/CoordSorted/Colon/cnvkit/VY_S7.coordsort.cnr	0.120872344	0.0002624801685689814
VY_S8	/data/farneysk/ElnitskiLab/Bismark_Output/WGEmSeq/seq_files/EMseq_BAMs/CoordSorted/Colon/cnvkit/VY_S8.coordsort.cns	Colon	2694672286	173	0.040273220242616016	0.18041857688070645	0.08377108272972382	0.09664749415098263	1.0452	-25.5421	24	73	-0.06339634426666003	0.015116038301558062	-0.015404669009193067	-0.039430039311933715	-0.025946290673841667	0.028763699214305296	0.01077132103356195	0.0470754691138069	-0.07202736090613787	-0.04650526234379391	-0.004796040554917005	-0.016645856813944544	0.0834386909273814	-0.036494711408648774	-0.040299004531462373	-0.012573987842278618	0.005356662589028795	-0.02426809764013288	-0.016322018601935852	0.06463402977380624	-0.027118192534083176	-0.10362941130930267	5	/data/farneysk/ElnitskiLab/Bismark_Output/WGEmSeq/seq_files/EMseq_BAMs/CoordSorted/Colon/cnvkit/VY_S8.coordsort.cnr	0.11730391	0.0004511605113491771
VZ_S2	/data/farneysk/ElnitskiLab/Bismark_Output/WGEmSeq/seq_files/EMseq_BAMs/CoordSorted/Colon/cnvkit/VZ_S2.coordsort.cns	Colon	2697649494	334	0.017584873416875396	0.013572048956483151	0.0033215441887203155	0.010250504767762835	0.743021	-25.5384	53	97	-0.01315531041294246	0.0005742502108172022	0.0023067351885903346	-0.0008016118221230667	-0.004333128951714908	0.003748745072703628	0.011077136460778448	0.0006877077645998088	-0.020297232838430886	-0.03165052324190071	-0.0045128674093001956	-0.018691554999611216	0.011183671217159467	-0.017405949188373144	-0.0153417	-0.012146852451045919	-0.026706714882263873	-0.0057636409797089646	-0.049058655589710044	0.01728944429100504	-0.042391619015895145	-0.04128421428960918	0	/data/farneysk/ElnitskiLab/Bismark_Output/WGEmSeq/seq_files/EMseq_BAMs/CoordSorted/Colon/cnvkit/VZ_S2.coordsort.cnr	0.108499685	0.00034827701037269275
VZ_S3	/data/farneysk/ElnitskiLab/Bismark_Output/WGEmSeq/seq_files/EMseq_BAMs/CoordSorted/Colon/cnvkit/VZ_S3.coordsort.cns	Colon	2697878284	233	0.014894352341345285	0.004339183894776478	0.000888911117385309	0.0034502727773911687	0.877081	-25.9435	26	71	-0.010159222020376859	-0.0030523485522858393	-0.0019481733596558842	-0.006293630070759143	0.001994195764197573	-0.013617557985962243	-0.00389633156232191	-0.0012936266682916726	-0.04355964052473645	-0.04476005936893209	-0.00930553956033304	-0.02020995243329166	0.004034887710024272	-0.00160274	-0.0139861	-0.021807541930784696	-0.026858874187750147	0.0025087523065128806	-0.029516653116407998	-0.006142626494128691	-0.00629254	-0.04456452772578265	0	/data/farneysk/ElnitskiLab/Bismark_Output/WGEmSeq/seq_files/EMseq_BAMs/CoordSorted/Colon/cnvkit/VZ_S3.coordsort.cnr	0.100133615	0.00033482581059838206
VZ_S6	/data/farneysk/ElnitskiLab/Bismark_Output/WGEmSeq/seq_files/EMseq_BAMs/CoordSorted/Colon/cnvkit/VZ_S6.coordsort.cns	Colon	2697756862	196	0.017965930385314452	0.04303183383024975	0.0384748616385875	0.0045569721916622445	0.911802	-25.1543	37	65	-0.012306929107482349	0.009153393016219683	-0.007097153767119454	-0.009871201769481803	-0.0030989264233468768	0.0005677004339347907	0.016883749389500786	-0.0031595143847268363	-0.07581921902671732	-0.032825413134144346	-0.008855658519053995	0.011691258129980609	0.06670990670444323	-0.013431873500484071	-0.0134931	-0.002184989028438912	-0.017045997776701207	-0.020013932406641465	0.0005438703057571734	0.024122775422588876	-0.009680163351083267	-0.029196681501999586	2	/data/farneysk/ElnitskiLab/Bismark_Output/WGEmSeq/seq_files/EMseq_BAMs/CoordSorted/Colon/cnvkit/VZ_S6.coordsort.cnr	0.09837878	0.00035227601571100135
VZ_S7	/data/farneysk/ElnitskiLab/Bismark_Output/WGEmSeq/seq_files/EMseq_BAMs/CoordSorted/Colon/cnvkit/VZ_S7.coordsort.cns	Colon	2697704082	192	0.01764962722412079	0.008281160320385355	0.0010362748896934055	0.0072448854306919495	0.670249	-25.5764	8	69	-0.017426980568981135	-0.006698305471140841	-0.0031347973760599357	-0.0006598535496410405	-0.002345254916687051	-0.004088561063852415	-0.00460678394562196	-0.02749374203320112	-0.06447056831475646	-0.04720922614155302	-0.003465528771298098	-0.005772309550353015	-0.003159011247523551	-0.00507539109043932	-0.015705	-0.009103597622924654	-0.024943430577239006	-0.0003255730608797783	-0.08092708715883214	-0.011307637393189823	-0.00876213	-0.03291156624018914	2	/data/farneysk/ElnitskiLab/Bismark_Output/WGEmSeq/seq_files/EMseq_BAMs/CoordSorted/Colon/cnvkit/VZ_S7.coordsort.cnr	0.110301007	0.000371907496462698
VZ_S8	/data/farneysk/ElnitskiLab/Bismark_Output/WGEmSeq/seq_files/EMseq_BAMs/CoordSorted/Colon/cnvkit/VZ_S8.coordsort.cns	Colon	2697701333	327	0.014611234546427808	0.0076593960744430565	0.00410942600071733	0.0035499700737257264	0.955813	-25.5596	41	100	-0.013432624749953612	-0.006992497225750944	-0.020060235661364438	-0.0045964666074604634	-0.0036171961798976532	-0.0024358926706786244	-0.003378463588234114	-0.008713641657787066	-0.08229163846956868	-0.02105122131584817	-0.009701783163313134	-0.004434719696832368	0.002120602762906082	-0.001514466779844008	-0.006954553208744439	0.002534494037187452	0.001954077975337568	-0.002984995598137744	0.02664192670913917	-0.00438889916430798	0.00502699	-0.006733014523222271	1	/data/farneysk/ElnitskiLab/Bismark_Output/WGEmSeq/seq_files/EMseq_BAMs/CoordSorted/Colon/cnvkit/VZ_S8.coordsort.cnr	0.09168398800000001	0.00033046325932022726
V12_S14	/data/farneysk/ElnitskiLab/Bismark_Output/WGEmSeq/seq_files/EMseq_BAMs/CoordSorted/Healthy/cnvkit/V12_S14.coordsort.cns	Healthy	2697438696	201	0.012395131923348846	0.01765547890694306	0.0013204804265920563	0.016334998480351005	0.897971	-24.6938	17	65	-0.003153601010411558	-0.003952437670562786	-0.0010524923270487413	-0.013448769646381102	-0.0036354401588014275	-0.005373722286082756	-0.013719192580779064	-0.009359125367582582	-0.008597186011398935	-0.019737135312811002	-0.0019369891033481532	-0.01447837670321252	-0.011295870345070243	-0.008230294910048818	0.004877849710354895	-0.019018973400438607	-0.04614325663354234	-0.008464461857269578	-0.041619527019391075	-0.005277236759246639	-0.021382435924142684	-0.047775924144929455	0	/data/farneysk/ElnitskiLab/Bismark_Output/WGEmSeq/seq_files/EMseq_BAMs/CoordSorted/Healthy/cnvkit/V12_S14.coordsort.cnr	0.110219073	0.0002279433042835891
V12_S3	/data/farneysk/ElnitskiLab/Bismark_Output/WGEmSeq/seq_files/EMseq_BAMs/CoordSorted/Healthy/cnvkit/V12_S3.coordsort.cns	Healthy	2696578098	336	0.021693264231755556	0.05005897737585199	0.004963897767295446	0.04509507960855655	0.880691	-25.4613	42	105	-0.02229459206999022	-0.009374630981503759	-0.008740333419791623	-0.025496464718214665	-0.018732193109576585	-0.02081796217825951	-0.025751713418193534	-0.01691326399973264	-0.01474303428143379	-0.011964505325417056	-0.004096977625479762	-0.02322665210273909	-0.027879988996754198	-0.00997232	-0.00835761	-0.022047067257548354	-0.021916018553469942	-0.01473503263408803	-0.07433715833355262	0.001390697659017002	-0.048326645808589606	-0.02346379099284087	1	/data/farneysk/ElnitskiLab/Bismark_Output/WGEmSeq/seq_files/EMseq_BAMs/CoordSorted/Healthy/cnvkit/V12_S3.coordsort.cnr	0.1219065	0.00033882481593669066
V13_S1	/data/farneysk/ElnitskiLab/Bismark_Output/WGEmSeq/seq_files/EMseq_BAMs/CoordSorted/Healthy/cnvkit/V13_S1.coordsort.cns	Healthy	2697680839	495	0.01896215211245915	0.04710735612709002	0.00957521313365417	0.03753214299343585	0.930726	-25.7624	66	123	0.0045121555057344885	0.006500210123819443	-0.0015971009912781413	-0.008937577133307223	-0.009442408923066175	-0.0038143963803212015	-0.014812360106583844	-0.013383249993729729	-0.0030812660261534085	-0.01881853926814284	-0.003514942300025295	-0.014576962338166502	-0.012217121449983465	-0.002862185055420727	-0.011407202968811767	-0.02193769402595222	-0.040183419425743785	-0.009417711413736408	-0.065946526427253	-0.0018666047539524432	-0.01832944254062833	-0.0184064929723869	1	/data/farneysk/ElnitskiLab/Bismark_Output/WGEmSeq/seq_files/EMseq_BAMs/CoordSorted/Healthy/cnvkit/V13_S1.coordsort.cnr	0.10654889000000001	0.00030065249225283603
V13_S10	/data/farneysk/ElnitskiLab/Bismark_Output/WGEmSeq/seq_files/EMseq_BAMs/CoordSorted/Healthy/cnvkit/V13_S10.coordsort.cns	Healthy	2697725325	496	0.015105362776854285	0.021000720301278263	0.0029299576672061674	0.018070762634072094	1.04612	-25.492	59	130	-0.007109289002744057	-0.005370752479785355	-0.013284831087809092	0.004583102619774123	0.0007080636687466578	-0.01112776910837541	-0.00629579218865212	-0.0010538625270736888	-0.014834996736710912	-0.008647827291833752	-0.002707304549857158	-0.00974936513779399	-0.005508926019411989	-0.0197804133849296	-0.008705	-0.015215890619472873	-0.02394045285490163	-0.0004787331602764733	-0.03876517423899945	-0.002940328879569261	-0.010960288302355372	-0.0696936586082622	1	/data/farneysk/ElnitskiLab/Bismark_Output/WGEmSeq/seq_files/EMseq_BAMs/CoordSorted/Healthy/cnvkit/V13_S10.coordsort.cnr	0.1038066165	0.00030101603819268223
V13_S2	/data/farneysk/ElnitskiLab/Bismark_Output/WGEmSeq/seq_files/EMseq_BAMs/CoordSorted/Healthy/cnvkit/V13_S2.coordsort.cns	Healthy	2697567193	199	0.012768450637573628	0.005155657303399004	0.0012251172124927306	0.003930540090906273	1.08813	-26.0361	30	64	-0.021732242626926284	-0.0021510532461160086	-0.017259997653464237	-0.008846288179507144	-0.00567904870546812	-0.005546416733769856	-0.0152564893480273	-0.004438746424107334	-0.009488255808455092	-0.01743027966852713	-0.002539756337722538	-0.017576818355132435	-0.004767454405131179	-0.025568699794184673	-0.00809848	-0.012019041976981238	-0.011909363009310584	-0.003041674137800543	-0.03325211022292346	-0.006109139312341786	-0.0112407	-0.056617294257547614	1	/data/farneysk/ElnitskiLab/Bismark_Output/WGEmSeq/seq_files/EMseq_BAMs/CoordSorted/Healthy/cnvkit/V13_S2.coordsort.cnr	0.091222878	0.00036281884796654214
V13_S8	/data/farneysk/ElnitskiLab/Bismark_Output/WGEmSeq/seq_files/EMseq_BAMs/CoordSorted/Healthy/cnvkit/V13_S8.coordsort.cns	Healthy	2697474928	402	0.016998023160931606	0.03380495219935553	0.004601327660606898	0.029203624538748633	0.767181	-25.8679	48	129	-0.013960119569172822	-0.004480482328888856	0.0005805786605017804	-0.006009829400513157	0.0032874591564782145	-0.0031500918229792536	-0.008594863679038202	0.0009869911144761816	-0.04314200403879239	-0.028259967750495153	-0.0005849986208219537	-0.027657719766192402	-0.004138193627906277	-0.005995069999999999	-0.0043062277188929965	-0.015696875668801995	-0.030484293621211564	0.0030591559398788796	-0.047277649755776176	-0.0026137768922260786	-0.04050967886175158	-0.05420035792026046	1	/data/farneysk/ElnitskiLab/Bismark_Output/WGEmSeq/seq_files/EMseq_BAMs/CoordSorted/Healthy/cnvkit/V13_S8.coordsort.cnr	0.11608314	0.0003580927507485411
V13_S9	/data/farneysk/ElnitskiLab/Bismark_Output/WGEmSeq/seq_files/EMseq_BAMs/CoordSorted/Healthy/cnvkit/V13_S9.coordsort.cns	Healthy	2697666098	237	0.012529863219542168	0.010191909599332482	0.0012770794734582457	0.008914830125874237	0.654071	-26.3567	25	79	-0.01716955038850778	-0.004508145347437465	-0.003093302093737927	-0.014507680986197079	-0.0011905632229883497	-0.010282258748890898	-0.005933358425974296	-0.019733403665167744	-0.011274673601489137	-0.019240970677603993	-0.0029960830207878923	-0.005993595017359114	-0.004315412874869603	-0.003217263540832727	-0.005662569670101201	-0.01464951078916723	-0.025043092987435612	-0.0025909314487082206	-0.048682622444899196	-0.006352948085097558	-0.0156495	-0.01319864105750835	0	/data/farneysk/ElnitskiLab/Bismark_Output/WGEmSeq/seq_files/EMseq_BAMs/CoordSorted/Healthy/cnvkit/V13_S9.coordsort.cnr	0.0946985792	0.00034209672939530675
V17_S16	/data/farneysk/ElnitskiLab/Bismark_Output/WGEmSeq/seq_files/EMseq_BAMs/CoordSorted/Healthy/cnvkit/V17_S16.coordsort.cns	Healthy	2697503385	430	0.014381666260065838	0.015728043284735302	0.012151323398617348	0.003576719886117956	2.11217	-26.1241	125	90	-0.0012081367745193636	0.007597155587898559	-0.0025453534400089986	-0.008794357774741031	-0.0013450767228595664	-0.004472838468481737	-0.0012542413199012128	-0.025167912533455298	0.011000568995225519	-0.0045069693392742515	-0.006512038152770295	-0.008713753382852508	-0.0008165945434104457	-0.004552856427825915	0.0102653	0.0007386348253514947	-0.009585870971444043	-0.0027525166887724184	-0.06471372387742592	-0.00968917116189197	0.009099778117634374	-0.02857841206805314	1	/data/farneysk/ElnitskiLab/Bismark_Output/WGEmSeq/seq_files/EMseq_BAMs/CoordSorted/Healthy/cnvkit/V17_S16.coordsort.cnr	0.083231573	0.00025702697947128786
V17_S18	/data/farneysk/ElnitskiLab/Bismark_Output/WGEmSeq/seq_files/EMseq_BAMs/CoordSorted/Healthy/cnvkit/V17_S18.coordsort.cns	Healthy	2697840090	251	0.010584997334023133	0.014677937045557062	0.003976318700193976	0.010701618345363087	1.00488	-25.7756	33	64	-0.008592219459069015	-0.0021568425313654117	-0.0037451382546989233	-0.01691378961785614	-0.003938679042811935	-0.003168149980080945	-0.011903706730972723	-0.006661439159229637	-0.0031713314595884167	-0.002452857940710268	-0.0021233062270752455	-0.006191350838954647	-0.006858352374600966	-0.00048455600000000003	-0.00406312	-0.01195316104947895	-0.0025152667353333805	0.00046712129429742814	-0.048131820019506236	0.0027973736707191882	-0.0128368	-0.020439873201553244	0	/data/farneysk/ElnitskiLab/Bismark_Output/WGEmSeq/seq_files/EMseq_BAMs/CoordSorted/Healthy/cnvkit/V17_S18.coordsort.cnr	0.0991322175	0.0002573905254111341
V17_S19	/data/farneysk/ElnitskiLab/Bismark_Output/WGEmSeq/seq_files/EMseq_BAMs/CoordSorted/Healthy/cnvkit/V17_S19.coordsort.cns	Healthy	2697693035	296	0.009621429708059626	0.008004721708450421	0.0036805177131652416	0.004324203995285179	1.19798	-25.8353	54	89	-0.0065050584366229	-0.0005315863937189029	-0.005619391763076326	-0.0028681729893991256	0.0020712246014951193	-0.0034349944798224476	-0.008074127667271565	-0.0020644612777098574	-0.011480461284416838	-0.014938675051098256	-0.005779130519559801	-0.013172386044191681	-0.006731646087968834	0.0035121972538810125	-0.01851379720024501	-0.0059453445013650085	-0.003974001221986669	-0.00264220152267254	-0.0011478614444195314	-0.005935366405835416	-0.017778504511660926	-0.01183761966214692	0	/data/farneysk/ElnitskiLab/Bismark_Output/WGEmSeq/seq_files/EMseq_BAMs/CoordSorted/Healthy/cnvkit/V17_S19.coordsort.cnr	0.08469639200000001	0.00028611065465898664
V32_S10	/data/farneysk/ElnitskiLab/Bismark_Output/WGEmSeq/seq_files/EMseq_BAMs/CoordSorted/Healthy/cnvkit/V32_S10.coordsort.cns	Healthy	2697769954	240	0.019053339529165565	0.006356947513101408	0.0019421396521343273	0.004414807860967081	1.68401	-25.5483	27	85	-0.018901637478905435	-0.009971487786539265	-0.026507166002844973	-0.012797560186739897	-0.0064877322386499865	-0.009427877875828402	-0.006783711856819385	-0.0008186726106216094	-0.06933537847943992	-0.04625587949836182	-0.017631412463435327	-0.007101532245446415	-0.004508302779262034	-0.005451518133216573	-0.015672832095945225	0.00040097077495878974	-0.008141770065415952	-0.002425636741776485	0.014995622649376835	-0.011605913490540935	-0.01814278137537492	-0.07479167605225219	2	/data/farneysk/ElnitskiLab/Bismark_Output/WGEmSeq/seq_files/EMseq_BAMs/CoordSorted/Healthy/cnvkit/V32_S10.coordsort.cnr	0.0991047	0.0005184165102207305
V32_S11	/data/farneysk/ElnitskiLab/Bismark_Output/WGEmSeq/seq_files/EMseq_BAMs/CoordSorted/Healthy/cnvkit/V32_S11.coordsort.cns	Healthy	2697273704	384	0.018262989935320953	0.02235559406172893	0.01285642015067819	0.009499173911050741	1.06986	-25.5459	70	109	-0.02148305858455496	-0.00970863302475895	-0.012884957058053472	-0.0002681850142160813	-0.01453970484604804	-0.012335840442288314	0.0036129043246171193	-0.005270374505527773	-0.002695791232077165	-0.05920326102073508	-0.009296758095024678	-0.011390815497959438	0.00016746134089825823	-0.026806961311972598	-0.019450192421607913	0.012716698917673193	0.004585204365338477	-0.0022089960183578334	0.04734519443953209	-0.010740386785607514	-0.02025326400436434	0.0054759482469725965	1	/data/farneysk/ElnitskiLab/Bismark_Output/WGEmSeq/seq_files/EMseq_BAMs/CoordSorted/Healthy/cnvkit/V32_S11.coordsort.cnr	0.10831750000000001	0.00031919333518499397
V32_S12	/data/farneysk/ElnitskiLab/Bismark_Output/WGEmSeq/seq_files/EMseq_BAMs/CoordSorted/Healthy/cnvkit/V32_S12.coordsort.cns	Healthy	2697646059	329	0.013033836263737195	0.02084761149905915	0.014711063324115642	0.006136548174943509	0.702298	-25.8733	55	84	-0.014031938407009076	-0.011572273491370423	-0.008832965408979798	-0.0015508035819092921	-0.004751801455544077	-0.008280196336460861	0.0033415650887314483	-0.0045208349881470196	-0.008784280759510862	-0.015616998153086129	-0.007036796400115654	-0.005498295917014673	0.0032353488463136315	-0.008863008104017968	-0.0105859812330277	-0.0005394482847150616	0.005712513942902081	-0.002305224383940908	0.04969616519954375	-0.00576176543683194	0.008989356896007907	0.00132311436575865	0	/data/farneysk/ElnitskiLab/Bismark_Output/WGEmSeq/seq_files/EMseq_BAMs/CoordSorted/Healthy/cnvkit/V32_S12.coordsort.cnr	0.098785233	0.00023521422308051378
V32_S7	/data/farneysk/ElnitskiLab/Bismark_Output/WGEmSeq/seq_files/EMseq_BAMs/CoordSorted/Healthy/cnvkit/V32_S7.coordsort.cns	Healthy	2697760727	352	0.01952261929608663	0.023967905067660954	0.0069580614811878385	0.017009843586473117	1.04529	-25.7714	46	106	-0.011822877796367377	-0.010832426164898736	-0.0052934350865537945	-0.026530035405194885	-0.009660054059569784	-0.005531740578038345	-0.013194684071877516	-0.047101696275784075	-0.025509407126001974	-0.008144177571137123	-0.01577451334194692	-0.003995092292471221	-0.004093550892387285	-0.01069953181779527	-0.01820655255032095	-0.016250358996103224	0.006492649560535814	-0.016548299373949568	-0.023153937755631217	-0.012380022003117285	-0.04284526474871981	0.002427591359775425	0	/data/farneysk/ElnitskiLab/Bismark_Output/WGEmSeq/seq_files/EMseq_BAMs/CoordSorted/Healthy/cnvkit/V32_S7.coordsort.cnr	0.09910915000000001	0.0004529782410484083
V32_S8	/data/farneysk/ElnitskiLab/Bismark_Output/WGEmSeq/seq_files/EMseq_BAMs/CoordSorted/Healthy/cnvkit/V32_S8.coordsort.cns	Healthy	2697782873	277	0.019071620629016253	0.013107972236726407	0.007439253989214572	0.005668718247511834	1.06007	-25.3273	41	85	-0.02319164906050706	-0.010326052643431059	-0.034131581893918087	-0.00864682823123017	-0.00896515843568404	-0.014236766451866703	-0.005264214113133047	-0.011933787451753965	-0.03266663275239861	-0.017366291195534914	-0.009959042496408069	-0.003144736937823077	-0.004895921519691378	-0.0104494	-0.0227558	-0.0029085435477753953	0.0010371493960183553	-0.0025159780014078394	0.006483365272536508	-0.009898863966922437	-0.00238802	-0.03159776367354089	0	/data/farneysk/ElnitskiLab/Bismark_Output/WGEmSeq/seq_files/EMseq_BAMs/CoordSorted/Healthy/cnvkit/V32_S8.coordsort.cnr	0.12595058	0.0004002640797707043
V32_S9	/data/farneysk/ElnitskiLab/Bismark_Output/WGEmSeq/seq_files/EMseq_BAMs/CoordSorted/Healthy/cnvkit/V32_S9.coordsort.cns	Healthy	2697757035	260	0.013014811628332684	0.010967198163566276	0.0048564940541430185	0.006110704109423257	0.998236	-25.6596	45	82	-0.02174626725277288	-0.011643752381372725	-0.01002686097625938	-0.01768520646967333	-0.0067562603977610455	-0.00915154503397387	-0.008037797870806026	-0.00254650628729596	-0.02879899185879631	-0.005324955734766963	-0.0065736260402771115	-0.004414468766339937	-0.002516751399194862	-0.007727706665569454	-0.0161936	0.005669087149489745	-0.001655535438564126	-0.002891141804443347	0.0055970440948374355	-0.003926328195315496	-0.04335139185528966	-0.021576516638551667	0	/data/farneysk/ElnitskiLab/Bismark_Output/WGEmSeq/seq_files/EMseq_BAMs/CoordSorted/Healthy/cnvkit/V32_S9.coordsort.cnr	0.096718637	0.00032101106488422517
V34_S1	/data/farneysk/ElnitskiLab/Bismark_Output/WGEmSeq/seq_files/EMseq_BAMs/CoordSorted/Healthy/cnvkit/V34_S1.coordsort.cns	Healthy	2697614785	500	0.019448221625303522	0.023882453624674956	0.014680020001447316	0.009202433623227639	0.65581	-26.1184	79	138	-0.021778680186415884	-0.009842710608432967	-0.010633853988038906	0.0025735745783494277	-0.004823919244887232	-0.00918985114751836	0.002166586596869947	-0.003769577198855795	-0.034341521594540535	-0.03214036571447764	-0.020048179914411605	-0.026385930059171735	0.0034900722903956176	-0.010259709896503256	-0.018403464168531485	0.01170839164845067	-0.013924320170044259	-0.004936141060604117	0.049666281441062	-0.011306444352563793	-0.013664089703318292	-0.03166778526800421	0	/data/farneysk/ElnitskiLab/Bismark_Output/WGEmSeq/seq_files/EMseq_BAMs/CoordSorted/Healthy/cnvkit/V34_S1.coordsort.cnr	0.09912294799999999	0.0003290090755608423
V34_S2	/data/farneysk/ElnitskiLab/Bismark_Output/WGEmSeq/seq_files/EMseq_BAMs/CoordSorted/Healthy/cnvkit/V34_S2.coordsort.cns	Healthy	2697843763	242	0.01741543827409368	0.010274481191296474	0.007119323684868255	0.003155157506428218	1.02744	-26.7125	41	79	-0.02873586100140224	-0.008996331832428347	-0.026889557246384265	-0.011021411008839906	-0.015373726871520102	-0.00937736778243172	-0.008524647567627846	-0.01198311001360853	-0.011044989099386462	-0.005869473473228945	-0.010963349411862769	-0.005969201361054922	-0.012836126542506703	-0.014646473890515247	-0.0014536547845176967	0.0034245776051909254	-0.0037822076382919467	-0.0022964901522166494	0.003613008895718316	0.009884957702500054	-0.00606814	-0.014181635637507585	0	/data/farneysk/ElnitskiLab/Bismark_Output/WGEmSeq/seq_files/EMseq_BAMs/CoordSorted/Healthy/cnvkit/V34_S2.coordsort.cnr	0.09928909999999999	0.00037736068556039153
V34_S3	/data/farneysk/ElnitskiLab/Bismark_Output/WGEmSeq/seq_files/EMseq_BAMs/CoordSorted/Healthy/cnvkit/V34_S3.coordsort.cns	Healthy	2697570248	280	0.017261022565539682	0.014771093368019678	0.007954266257165511	0.006816827110854167	1.33909	-25.8485	50	89	-0.015739297953430646	-0.005367121708069668	-0.005935310707783535	-0.004398187518035189	-0.003810634316006166	-0.00533556680502981	0.000976169456757686	-0.0010564681448044756	-0.072095907840484	-0.03370522612658927	-0.0037667855295474913	-0.02347408444990184	-0.005398362397835302	-0.013575653442200948	-0.04207114205432261	-0.0017953714950049498	0.00535665479134512	-0.00704466858828963	0.02111029139577077	-0.008557436534401965	-0.02250302048732879	-0.000476895256386832	1	/data/farneysk/ElnitskiLab/Bismark_Output/WGEmSeq/seq_files/EMseq_BAMs/CoordSorted/Healthy/cnvkit/V34_S3.coordsort.cnr	0.092912955	0.0003620917560868497
V34_S4	/data/farneysk/ElnitskiLab/Bismark_Output/WGEmSeq/seq_files/EMseq_BAMs/CoordSorted/Healthy/cnvkit/V34_S4.coordsort.cns	Healthy	2697828257	223	0.011159438225761362	0.003767472956674573	0.00273238112206488	0.001035091834609693	1.27885	-25.7635	29	66	-0.010754139486138707	-0.009027036586641316	-0.0112663286101251	-0.008720177483900382	-0.010597469303661632	-0.012032332731370107	-0.00694119582730389	-0.006942485590876681	-0.01235359442823191	-0.006406742473255703	-0.00568690714317204	-0.011656426167061836	-0.007914112740811155	-0.008123881118220105	-0.023768935737245298	0.0007463878036255155	-0.006035856853228086	-0.005799855302938253	0.007686549068057994	-0.0026750867081261945	0.00321859	0.002308577311239456	0	/data/farneysk/ElnitskiLab/Bismark_Output/WGEmSeq/seq_files/EMseq_BAMs/CoordSorted/Healthy/cnvkit/V34_S4.coordsort.cnr	0.09266374	0.00027774909804252325
V34_S5	/data/farneysk/ElnitskiLab/Bismark_Output/WGEmSeq/seq_files/EMseq_BAMs/CoordSorted/Healthy/cnvkit/V34_S5.coordsort.cns	Healthy	2697711484	214	0.012533689409620262	0.008157717061488403	0.0055356167954096905	0.002622100266078713	0.666718	-25.7223	41	64	-0.00729039831960936	-0.007940725787607595	-0.007877047850709192	-0.02310497834207569	-0.011087873008685073	-0.005205801611025052	-0.004588026092263637	-0.007763807970320745	-0.007246437891501873	-0.01469090418098166	-0.004152052315559748	-0.01478399733858682	-0.009267198140182073	-0.009209024425673194	-0.0239146	-0.004726930105588062	-0.005156095221335879	-0.008955469091851374	0.006483741766253069	-0.00395484008325505	-0.0114473	0.001807582805217394	0	/data/farneysk/ElnitskiLab/Bismark_Output/WGEmSeq/seq_files/EMseq_BAMs/CoordSorted/Healthy/cnvkit/V34_S5.coordsort.cnr	0.102936578	0.000302106676012221
V34_S6	/data/farneysk/ElnitskiLab/Bismark_Output/WGEmSeq/seq_files/EMseq_BAMs/CoordSorted/Healthy/cnvkit/V34_S6.coordsort.cns	Healthy	2697459051	318	0.017593861660297968	0.01504048337080762	0.005824033545264002	0.009216449825543616	1.08975	-25.4024	57	98	-0.026494605322974842	-0.006750651718520747	-0.008695611560277969	-0.011719290108850087	0.0012298912054686695	-0.004245958947904474	0.0016574994893284428	-0.0013198392977372018	-0.04187455756823798	-0.03805772708013609	-0.008804652666486005	-0.019712564113990316	-0.0014761827493158877	-0.011125237817981554	-0.007505416428585045	-0.009384088243963824	-0.009359108891771961	-0.0005412591599637064	0.021100920271637277	-0.014504376115168473	-0.000642814	-0.022886279211098863	0	/data/farneysk/ElnitskiLab/Bismark_Output/WGEmSeq/seq_files/EMseq_BAMs/CoordSorted/Healthy/cnvkit/V34_S6.coordsort.cnr	0.09994707100000001	0.00037408877210177543
V34_S7	/data/farneysk/ElnitskiLab/Bismark_Output/WGEmSeq/seq_files/EMseq_BAMs/CoordSorted/Healthy/cnvkit/V34_S7.coordsort.cns	Healthy	2697885627	295	0.0167705005417353	0.019489174586866206	0.01077806031100517	0.008711114275861034	1.10348	-25.5686	42	109	-0.022061608695387418	-0.010923074980628937	-0.01260770654558012	-0.009460505276129554	-0.021724131728206402	-0.009839743433809098	-0.00485405541866573	-0.005158514280021771	-0.0077721898614298845	-0.012474110920565553	-0.01589788884630112	-0.01606673273841638	0.0007645003200386554	-0.01843406455400953	-0.02190402479821333	0.004555488931858968	0.001497500724109613	-0.003247325560244822	0.019413756113815205	-0.008338802697396359	-0.04163924694924079	0.002441261677388464	0	/data/farneysk/ElnitskiLab/Bismark_Output/WGEmSeq/seq_files/EMseq_BAMs/CoordSorted/Healthy/cnvkit/V34_S7.coordsort.cnr	0.117707832	0.000330099713380381
V34_S8	/data/farneysk/ElnitskiLab/Bismark_Output/WGEmSeq/seq_files/EMseq_BAMs/CoordSorted/Healthy/cnvkit/V34_S8.coordsort.cns	Healthy	2697831063	239	0.01217981514363422	0.005948069625292175	0.0026121998877733288	0.0033358697375188463	0.88107	-26.0333	34	79	-0.010334503951399973	-0.008277881689529136	-0.009488010143350904	-0.003962370550727884	-0.0030467593168553085	-0.01776284376326959	-0.002984050783657991	-0.0054186729434047756	-0.02124171021349272	-0.014849584499912076	-0.011134523587511465	-0.02128418059386959	-0.00011724922741310744	-0.00851925	-0.012853699999999997	0.0019820145959344405	-0.02155294933370138	-0.004208609243317452	0.01616120302755238	-0.004070848014120753	0.00518341	-0.01978153742105577	0	/data/farneysk/ElnitskiLab/Bismark_Output/WGEmSeq/seq_files/EMseq_BAMs/CoordSorted/Healthy/cnvkit/V34_S8.coordsort.cnr	0.08870115	0.0003046514975911446
V34_S9	/data/farneysk/ElnitskiLab/Bismark_Output/WGEmSeq/seq_files/EMseq_BAMs/CoordSorted/Healthy/cnvkit/V34_S9.coordsort.cns	Healthy	2697187682	279	0.014630035023912222	0.020669480797369296	0.01519392375750884	0.005475557039860454	0.74027	-25.7733	44	80	-0.006039834099135446	-0.002309259527534053	-0.008453652340373792	-0.005325806116619093	-0.0058918399791356504	0.0003111813913531244	0.0016762264785387525	-0.00847786590406442	-0.05116715175693736	-0.03559867717963107	-0.0044598860298226475	0.005366430721264408	0.00035783626936520147	-0.009907069154256066	-0.00794294	-0.0034165847397579214	0.01538266383447715	-0.0070373582380638885	0.04205464220321054	-0.003876788872774409	0.00768275	0.013540971100314008	1	/data/farneysk/ElnitskiLab/Bismark_Output/WGEmSeq/seq_files/EMseq_BAMs/CoordSorted/Healthy/cnvkit/V34_S9.coordsort.cnr	0.10992026	0.00027556782240344585
V36_S14	/data/farneysk/ElnitskiLab/Bismark_Output/WGEmSeq/seq_files/EMseq_BAMs/CoordSorted/Healthy/cnvkit/V36_S14.coordsort.cns	Healthy	2697534889	357	0.017003831444880557	0.0198575767151088	0.015885981002412904	0.003971595712695896	0.967734	-26.206	55	96	-0.022686486428862455	-0.008535988556403088	-0.01245892133231772	-0.0073706379913692725	-0.010696082326432155	-0.019650482109956874	-0.0016998394151433575	-0.01010729638166567	-0.025396030116102024	-0.019122364433328293	-0.008566189565937526	-0.01236863973078685	-5.9643436261513376e-05	0.000429705	-0.0120195	0.014583975313636732	0.014331580737290009	-0.005886613702935691	0.04594052669832814	-0.0033367546777409865	0.007041550039499813	0.005951555851452493	0	/data/farneysk/ElnitskiLab/Bismark_Output/WGEmSeq/seq_files/EMseq_BAMs/CoordSorted/Healthy/cnvkit/V36_S14.coordsort.cnr	0.1052571205	0.00036063757232746474
V36_S16	/data/farneysk/ElnitskiLab/Bismark_Output/WGEmSeq/seq_files/EMseq_BAMs/CoordSorted/Healthy/cnvkit/V36_S16.coordsort.cns	Healthy	2697729402	462	0.02185271278509661	0.05767866928560094	0.04007057376468479	0.017608095520916148	0.932567	-25.6208	115	122	-0.015234899665834505	-0.011307366168958277	-0.012168974359213408	-0.010754847703955623	-0.010011640363758742	-0.004484847124967996	-0.0007223376349673399	-0.03712102744666402	-0.03817730761488302	-0.03714195105299762	-0.0006140882229584681	0.003953751988449034	0.002361917085979076	-0.0020845649579452085	0.00163044	0.011730288046884377	0.026712086808250792	-0.0019475678577432467	0.06726661970214397	0.0005730745215567221	-0.05172305870230623	0.008825407933284535	2	/data/farneysk/ElnitskiLab/Bismark_Output/WGEmSeq/seq_files/EMseq_BAMs/CoordSorted/Healthy/cnvkit/V36_S16.coordsort.cnr	0.12808150299999999	0.00039662862037224196
V36_S5	/data/farneysk/ElnitskiLab/Bismark_Output/WGEmSeq/seq_files/EMseq_BAMs/CoordSorted/Healthy/cnvkit/V36_S5.coordsort.cns	Healthy	2697917021	284	0.01254125202945341	0.010686774565554735	0.006531450323653227	0.004155324241901508	0.891992	-25.8914	61	80	-0.014229067375846503	-0.010769009163848996	-0.011333003738841057	-0.002290935924108817	-0.003373803105065672	-0.01032829680791501	4.3839927905188644e-05	-0.004153899924961327	-0.0219991722087812	-0.01622871153355777	-0.007020491158749812	-0.003788008106694072	-0.003748312388844237	-0.010882268289923567	-0.0138893	0.0078080131398387065	-0.004690879062403447	-0.0017921536412763442	0.02248882361611408	-0.00451603874093662	0.00495003	0.0037874081031461977	0	/data/farneysk/ElnitskiLab/Bismark_Output/WGEmSeq/seq_files/EMseq_BAMs/CoordSorted/Healthy/cnvkit/V36_S5.coordsort.cnr	0.096797323	0.00026720626578698246
V36_S6	/data/farneysk/ElnitskiLab/Bismark_Output/WGEmSeq/seq_files/EMseq_BAMs/CoordSorted/Healthy/cnvkit/V36_S6.coordsort.cns	Healthy	2697668877	335	0.01616137850608446	0.038765861478261776	0.03409548621189064	0.004670375266371137	0.963941	-25.7786	75	83	-0.012595538239327336	-0.016931038140664757	-0.011929903886301474	-0.009509855800299125	-0.009963680508685567	-0.0068300061368185	-1.7731703613563426e-05	-0.005124775453262472	-0.030411044209260007	-0.014963725051362084	-0.004906572345616065	0.002712314019443326	-0.0016012009464734648	-0.0033189869740916744	-0.004938300968678337	0.02143340194626838	0.02220295801279944	-0.0060878211958178855	0.07054180032852825	-0.0010708098366411418	0.0079629	0.007922882458955916	1	/data/farneysk/ElnitskiLab/Bismark_Output/WGEmSeq/seq_files/EMseq_BAMs/CoordSorted/Healthy/cnvkit/V36_S6.coordsort.cnr	0.1043345	0.0002868377465386791
V36_S8	/data/farneysk/ElnitskiLab/Bismark_Output/WGEmSeq/seq_files/EMseq_BAMs/CoordSorted/Healthy/cnvkit/V36_S8.coordsort.cns	Healthy	2697490333	311	0.01606230480625352	0.02777594124560668	0.022866230230898107	0.004909711014708574	1.08966	-26.2208	65	76	-0.0021603016675251713	-0.010628016829294663	-0.007488567824502638	-0.008355042918715942	-0.011109815723831289	-0.005464130700166114	-0.0022829368090940337	-0.007967198344437038	-0.0094948971163708	-0.012867160474947384	-0.006784243714803884	-0.0218911265861458	-0.0022335577745670656	-0.002069970651314221	-0.01985294106918578	0.0010623287747761182	-0.009109991218872343	-0.008617497036773468	0.024435888451806418	-0.00756064320441967	-0.025181048533039332	-0.013754824825258504	0	/data/farneysk/ElnitskiLab/Bismark_Output/WGEmSeq/seq_files/EMseq_BAMs/CoordSorted/Healthy/cnvkit/V36_S8.coordsort.cnr	0.10228801450000001	0.0002937451193957576
V37_S8	/data/farneysk/ElnitskiLab/Bismark_Output/WGEmSeq/seq_files/EMseq_BAMs/CoordSorted/Healthy/cnvkit/V37_S8.coordsort.cns	Healthy	2697646537	318	0.017965588002962544	0.02786694252524307	0.01870788196593155	0.009159060559311517	1.58136	-25.8003	57	94	-0.009469621483752636	-0.005968932864740213	-0.009021951748629083	-0.016240534589463878	-0.014139032013421562	-0.004667814963581851	-0.0012479063192597287	-0.012605719534259234	-0.019175806908712456	-0.028406063058137875	-0.009415090351543396	-0.006018197494180429	-0.00733685279912531	-0.013989695890532472	-0.002130996623700037	-0.0082952847463415	0.017668665701163298	-0.012925539002989187	0.03152792420084478	-0.012336702811804694	-0.031711826993730687	0.020659957828836343	0	/data/farneysk/ElnitskiLab/Bismark_Output/WGEmSeq/seq_files/EMseq_BAMs/CoordSorted/Healthy/cnvkit/V37_S8.coordsort.cnr	0.09797711599999999	0.00026866044954636735
V6_S13	/data/farneysk/ElnitskiLab/Bismark_Output/WGEmSeq/seq_files/EMseq_BAMs/CoordSorted/Healthy/cnvkit/V6_S13.coordsort.cns	Healthy	2697464566	446	0.015070208853500605	0.022684119291597027	0.007317476288213085	0.015366643003383942	0.890823	-25.6156	61	105	-0.001512915030471013	-0.0026854885529009804	-0.0035764548877188535	-0.0182550162164803	-0.020132784918694257	-0.0029213890275418862	-0.013566720325806287	-0.0032850685584733964	0.003948253681075244	-0.019970756266343075	-0.0035663984817231355	-0.0019223272878530289	-0.015475249581673718	-0.0011459	-0.00113804	-0.011570473415106699	-0.003558677149063615	-0.0066721875468609805	-0.04000476144098047	0.00231303954959003	-0.036805747543161065	-0.03167654035841413	0	/data/farneysk/ElnitskiLab/Bismark_Output/WGEmSeq/seq_files/EMseq_BAMs/CoordSorted/Healthy/cnvkit/V6_S13.coordsort.cnr	0.080840941	0.00022139947736635686
V6_S14	/data/farneysk/ElnitskiLab/Bismark_Output/WGEmSeq/seq_files/EMseq_BAMs/CoordSorted/Healthy/cnvkit/V6_S14.coordsort.cns	Healthy	2697962252	175	0.009170288302800225	0.0038827533603312996	0.000540577985818313	0.0033421753745129863	0.832739	-25.8754	20	50	-0.01020625364335972	-0.00685301408029667	-0.005299216223879049	-0.008330162514195346	-0.005003139296150508	-0.007057231290038171	-0.006520588342648244	-0.006853184513249305	-0.00951881677688464	-0.03553346516568041	-0.0024870054908474244	-0.0046179604083901845	-0.003932207853474418	-0.0018849791796125561	0.006712429999999999	-0.005562585144623714	-0.0246429381596535	-0.006607961901275513	0.00930798022517896	0.0004933702225477453	-0.000477449	-0.02113352512146223	0	/data/farneysk/ElnitskiLab/Bismark_Output/WGEmSeq/seq_files/EMseq_BAMs/CoordSorted/Healthy/cnvkit/V6_S14.coordsort.cnr	0.0855308655	0.0002617530766892889
V6_S15	/data/farneysk/ElnitskiLab/Bismark_Output/WGEmSeq/seq_files/EMseq_BAMs/CoordSorted/Healthy/cnvkit/V6_S15.coordsort.cns	Healthy	2697786869	260	0.013859053678503066	0.008574560602177799	0.002212763383422043	0.006361797218755756	1.87632	-26.0779	29	91	-0.015460729481904259	-0.011215540209370958	-0.017634470685639253	-0.0009334268027038953	-0.011296450499984689	-0.006450667926817187	-0.006220716245836036	-0.013308726379949419	-0.021641577882514567	-0.0367725353203062	-0.008663432156092422	-0.016265776488122483	-0.0017877457252126249	-0.014715446156683607	-0.0258081075610732	-0.0032273258045580774	-0.011616135367137414	-0.00807702552567754	0.013913450147177918	-0.003193559000434156	-0.00653249	-0.008044501555344589	0	/data/farneysk/ElnitskiLab/Bismark_Output/WGEmSeq/seq_files/EMseq_BAMs/CoordSorted/Healthy/cnvkit/V6_S15.coordsort.cnr	0.0802761705	0.00037227104240254423
V6_S16	/data/farneysk/ElnitskiLab/Bismark_Output/WGEmSeq/seq_files/EMseq_BAMs/CoordSorted/Healthy/cnvkit/V6_S16.coordsort.cns	Healthy	2697711472	209	0.013064664683431485	0.0038751008432528176	0.002045275433369251	0.0018298254098835667	0.940243	-25.7418	39	63	-0.015139261242062517	-0.010890255307903362	-0.005670648398381441	-0.005415650793923594	-0.019769733326182256	-0.006945597528962451	-0.0028198031562189758	-0.007849278897812418	-0.01232049292209805	-0.05401133550464363	-0.004200990447787593	-0.006198908321657468	-0.002411913177475006	-0.006093261070190125	-0.0140866	-0.00900340926546358	-0.013820775055870585	-0.0026072528136446022	0.006346701909815333	-0.00478890567226464	-0.00555799	-0.04064204539841223	1	/data/farneysk/ElnitskiLab/Bismark_Output/WGEmSeq/seq_files/EMseq_BAMs/CoordSorted/Healthy/cnvkit/V6_S16.coordsort.cnr	0.08555114999999999	0.0003257371621022262
V7_S10	/data/farneysk/ElnitskiLab/Bismark_Output/WGEmSeq/seq_files/EMseq_BAMs/CoordSorted/Healthy/cnvkit/V7_S10.coordsort.cns	Healthy	2697703185	224	0.011481907312090499	0.008068046967146239	0.0006239329846808184	0.007444113982465421	0.722944	-26.1464	25	72	-0.013986636451972744	-0.003083660306489055	-0.0007419084325684009	-0.0057920108962477065	0.0016547238715804494	-0.007576777700003088	-0.012194561850546553	-0.0036346416821656205	-0.014920913325248543	-0.03184230200974668	-0.002226143619478514	-0.01050672872453746	-0.005437978026310984	-0.0040399	-0.0128876	-0.006000361597161797	-0.0421089137631292	-0.004143489812982847	-0.04314969695824535	-0.006422104015911619	-0.0129083	-0.02530235360170961	0	/data/farneysk/ElnitskiLab/Bismark_Output/WGEmSeq/seq_files/EMseq_BAMs/CoordSorted/Healthy/cnvkit/V7_S10.coordsort.cnr	0.08457168	0.0002868377465386791
V7_S11	/data/farneysk/ElnitskiLab/Bismark_Output/WGEmSeq/seq_files/EMseq_BAMs/CoordSorted/Healthy/cnvkit/V7_S11.coordsort.cns	Healthy	2697569323	260	0.010859754236800792	0.01372266161406077	0.0012133348982334938	0.012509326715827277	1.31253	-25.3714	35	77	-0.009534610179608098	-0.00014391100521151951	-0.004489163709438923	-0.0023155298356275365	0.000398873959622273	-0.0032781722455934837	-0.0030914867934795855	-0.0002533662806651367	-0.00994185406693778	-0.03727199026821961	-0.00425979798247723	-0.007433164492060641	-0.004176243190298855	-0.01315147071000669	-0.00520831	-0.026236138276161964	-0.01828304789271014	0.0022735289060317127	-0.04559692702362853	-0.005346282132443286	-0.00885046	-0.021618751127040668	0	/data/farneysk/ElnitskiLab/Bismark_Output/WGEmSeq/seq_files/EMseq_BAMs/CoordSorted/Healthy/cnvkit/V7_S11.coordsort.cnr	0.101358984	0.00022757975834374286
V7_S12	/data/farneysk/ElnitskiLab/Bismark_Output/WGEmSeq/seq_files/EMseq_BAMs/CoordSorted/Healthy/cnvkit/V7_S12.coordsort.cns	Healthy	2697620099	290	0.013211392924744183	0.009785141358408895	0.006151815819489118	0.003633325538919778	2.13545	-25.3484	40	91	-0.016307440002203594	-0.00777927055385556	-0.0004367873963407712	0.00018938841565793713	0.003077031767039339	-0.004227372812085681	-0.0031696696911506527	-0.014095039735852511	0.0007671573579250666	-0.008818625506984916	-0.004404303196225447	-0.010130869314198461	-0.0006221185452960649	0.001337278808203905	-0.0115481	-0.011872582203404855	-0.023432185088764185	0.002995858063572727	-0.05791333986859406	-0.006388354161495465	-0.00931276590158162	-0.02139440960114041	1	/data/farneysk/ElnitskiLab/Bismark_Output/WGEmSeq/seq_files/EMseq_BAMs/CoordSorted/Healthy/cnvkit/V7_S12.coordsort.cnr	0.10342320475000001	0.00023412358526097508
V7_S13	/data/farneysk/ElnitskiLab/Bismark_Output/WGEmSeq/seq_files/EMseq_BAMs/CoordSorted/Healthy/cnvkit/V7_S13.coordsort.cns	Healthy	2697742490	206	0.011235324071199966	0.00881877832602177	0.0008737357285720773	0.007945042597449692	0.812016	-26.4764	22	66	-0.016340523388477614	-0.005375453233053987	0.0002556238069770133	-0.004708650195755208	-0.011508143267527644	-0.009311662054009191	-0.00954331202731217	-0.010991064568478627	-0.01151507878484274	-0.011421602670871946	-0.0018967807089833976	-0.007009787375764052	-0.0011922147597167013	0.003758550765533968	-0.0143061	-0.014526561063941124	-0.024860051807208218	0.003905841366379511	-0.053792439616361334	-0.004369299173178075	-0.005160497430659016	-0.017667000281469062	1	/data/farneysk/ElnitskiLab/Bismark_Output/WGEmSeq/seq_files/EMseq_BAMs/CoordSorted/Healthy/cnvkit/V7_S13.coordsort.cnr	0.08030380000000001	0.00028429292495975544
V7_S14	/data/farneysk/ElnitskiLab/Bismark_Output/WGEmSeq/seq_files/EMseq_BAMs/CoordSorted/Healthy/cnvkit/V7_S14.coordsort.cns	Healthy	2697751491	231	0.011637287816253835	0.005457686910421209	0.0008053877487413092	0.0046522991616799	0.88507	-25.6425	28	77	-0.02046269503099219	-0.003180019253532739	-0.007638310306989269	-0.004561662643856157	-0.006316491514663183	-0.00811856289600693	-0.010394779155041764	-0.010921599341141681	-0.017213965979990104	-0.02297738256204581	-0.004463922347445452	-0.00507839471806668	-0.01203832100162655	-0.017121235904800344	-0.0074192600000000004	-0.008575920301264866	-0.023755345423268258	-0.0026242315047204415	-0.002757867845523152	-0.0007397381563013251	-0.003071375810064571	-0.03265244406686159	0	/data/farneysk/ElnitskiLab/Bismark_Output/WGEmSeq/seq_files/EMseq_BAMs/CoordSorted/Healthy/cnvkit/V7_S14.coordsort.cnr	0.078494571	0.0003769971396205453
V7_S15	/data/farneysk/ElnitskiLab/Bismark_Output/WGEmSeq/seq_files/EMseq_BAMs/CoordSorted/Healthy/cnvkit/V7_S15.coordsort.cns	Healthy	2697792869	193	0.00909054292846899	0.004271218940641362	0.00044738386473954314	0.0038238350759018185	0.752921	-25.9316	19	53	-0.010859486286079344	-0.0017910918383614186	-0.0014393850266543515	-0.0022215042393082998	-0.007035955978381953	-0.004130508816035625	-0.004871686899020763	-0.001756829912228007	-0.035458356121340066	-0.002071174364654549	-0.0013959292960052294	-0.004416216453687534	-0.0026093443927095814	-0.01438617868172773	-0.032910879553538025	-0.005476771128238101	-0.009236164829708423	0.0009609848772993487	-0.01053003787316074	-0.002070559606457471	-0.00534976	-0.01619677185226398	0	/data/farneysk/ElnitskiLab/Bismark_Output/WGEmSeq/seq_files/EMseq_BAMs/CoordSorted/Healthy/cnvkit/V7_S15.coordsort.cnr	0.08228994	0.0002802939196214469
V7_S16	/data/farneysk/ElnitskiLab/Bismark_Output/WGEmSeq/seq_files/EMseq_BAMs/CoordSorted/Healthy/cnvkit/V7_S16.coordsort.cns	Healthy	2697919805	324	0.015459253932110026	0.010417033504077784	0.0009299394279067535	0.00948709407617103	0.817461	-26.2715	29	99	-0.006457352492306227	-0.003027705511889209	-0.006145245960890719	-0.01867177833984845	-0.011053095682376916	-0.006973611892779411	-0.012748241988113168	-0.03461026584818264	-0.014773778550018539	-0.014348420828908094	-0.004432283566769841	-0.010481229007362475	-0.014300842794135385	-0.0033414415884272532	0.0008045539999999999	-0.019496293643127667	-0.0038497036895751018	-0.008658602068575445	-0.03413045476370737	0.0016579789068459836	-0.0116855	-0.007377655612778547	0	/data/farneysk/ElnitskiLab/Bismark_Output/WGEmSeq/seq_files/EMseq_BAMs/CoordSorted/Healthy/cnvkit/V7_S16.coordsort.cnr	0.092054	0.0003053785894708371
V7_S4	/data/farneysk/ElnitskiLab/Bismark_Output/WGEmSeq/seq_files/EMseq_BAMs/CoordSorted/Healthy/cnvkit/V7_S4.coordsort.cns	Healthy	2697902095	313	0.013474683652211574	0.024136405513262335	0.002630680339791945	0.021505725173470387	0.770038	-26.3888	38	105	-0.0122982028095312	-0.00616068758416497	-0.0011210322791343254	-0.004006901496384598	-0.0004124780638029421	-0.005998288932215762	-0.010540915975000573	-0.003650912949928212	-0.003831342261797532	-0.03232695459603411	-0.004017501410467589	-0.018341770333016736	-0.0022158715983345225	-0.012128366271639698	-0.0128033	-0.013197840235614256	-0.043152821033804016	-0.0035421276194176586	-0.03471601949328487	-0.0022523579458596336	-0.0037465860771241878	-0.03374299050512569	0	/data/farneysk/ElnitskiLab/Bismark_Output/WGEmSeq/seq_files/EMseq_BAMs/CoordSorted/Healthy/cnvkit/V7_S4.coordsort.cnr	0.08260859400000001	0.0003228287945834563
V7_S5	/data/farneysk/ElnitskiLab/Bismark_Output/WGEmSeq/seq_files/EMseq_BAMs/CoordSorted/Healthy/cnvkit/V7_S5.coordsort.cns	Healthy	2697841029	206	0.014930700175356625	0.005273205072899794	0.0010379659030680416	0.004235239169831752	0.735449	-25.4049	26	68	-0.023571576283656134	-0.0026056853376304444	-0.004270546404660208	-0.0032566107586725398	-0.007673974660139468	-0.011259482189218583	-0.008039733029862925	-0.0035447225126352135	-0.05770440682832859	-0.01859325103317234	-0.011848828573182086	-0.021265744794733542	-0.0015445660527022616	-0.00012789507302949586	0.00110071	-0.020145867010529058	-0.022001584499625457	-0.0003365794720365119	-0.028538976427333832	-0.007124482391591796	-0.0117571	-0.058280954360881265	2	/data/farneysk/ElnitskiLab/Bismark_Output/WGEmSeq/seq_files/EMseq_BAMs/CoordSorted/Healthy/cnvkit/V7_S5.coordsort.cnr	0.10032049650000001	0.00047115553804072006
V7_S6	/data/farneysk/ElnitskiLab/Bismark_Output/WGEmSeq/seq_files/EMseq_BAMs/CoordSorted/Healthy/cnvkit/V7_S6.coordsort.cns	Healthy	2697764097	138	0.009589629514249135	0.0018956542589053517	0.00015671829885724808	0.0017389359600481036	0.797147	-25.9074	5	46	-0.00963205852420032	-0.004622415401122417	-0.008637309625954414	-0.0066760781506159566	-0.0018463065603472823	-0.007714291716013836	-0.0045348824140365816	-0.004769752908905244	-0.007528195990182072	-0.009809260888816233	-0.0034116112139376837	-0.009293133911113097	-0.005347999796136009	-0.01913066498669872	-0.040708404541315864	0.003931422959574045	-0.013238069705244458	-0.001690680028151211	-0.008906635788946212	-0.0029673126143123117	-0.00382459	-0.06250064613036295	1	/data/farneysk/ElnitskiLab/Bismark_Output/WGEmSeq/seq_files/EMseq_BAMs/CoordSorted/Healthy/cnvkit/V7_S6.coordsort.cnr	0.086804391	0.00024757478503528577
V7_S7	/data/farneysk/ElnitskiLab/Bismark_Output/WGEmSeq/seq_files/EMseq_BAMs/CoordSorted/Healthy/cnvkit/V7_S7.coordsort.cns	Healthy	2697559159	229	0.014941157534761272	0.004283453047340564	0.0009867231237985984	0.003296729923541966	1.0011	-25.8327	31	75	-0.013377232283380483	-0.004089958691732901	-0.0012286084108055007	-0.028808560179289032	-0.013033665216141046	-0.003515022181058499	-0.008877924023866973	-0.0052481553203333215	-0.018810539929263924	-0.060464983083497334	-0.0009723151365931479	-0.015351093003357236	-0.008166400369132248	-0.00549272	-0.0034142399999999994	-0.01126820402566349	-0.02516297956636788	-0.005012503437383149	-0.02021585847237901	-0.0019242651466121082	-0.012746139071878125	-0.03582869860701906	1	/data/farneysk/ElnitskiLab/Bismark_Output/WGEmSeq/seq_files/EMseq_BAMs/CoordSorted/Healthy/cnvkit/V7_S7.coordsort.cnr	0.087928808	0.00042498520368024824
V7_S8	/data/farneysk/ElnitskiLab/Bismark_Output/WGEmSeq/seq_files/EMseq_BAMs/CoordSorted/Healthy/cnvkit/V7_S8.coordsort.cns	Healthy	2697805948	206	0.011603639300274892	0.0020364303830202692	0.001162908326422001	0.000873522056598268	1.03238	-25.4981	27	54	-0.01161174698864589	-0.004327958354909153	-0.008266306667317435	-0.010450485889616248	-0.0077995120146364845	-0.004810822084277333	-0.013176492912364656	-0.015528819936445849	-0.0072755727447314745	-0.016022957822156694	-0.004755993566164841	-0.010173434070735572	-0.005784451808112739	-0.001060085690478629	-0.01148394294644602	-0.012899541294283395	-0.010782551736443697	-0.0035897990879297623	-0.035739354630604674	-0.0010238908998225214	-0.00408173	-0.0387654687700187	0	/data/farneysk/ElnitskiLab/Bismark_Output/WGEmSeq/seq_files/EMseq_BAMs/CoordSorted/Healthy/cnvkit/V7_S8.coordsort.cnr	0.093524351	0.00028720129247852534
V7_S9	/data/farneysk/ElnitskiLab/Bismark_Output/WGEmSeq/seq_files/EMseq_BAMs/CoordSorted/Healthy/cnvkit/V7_S9.coordsort.cns	Healthy	2697909633	320	0.009074198247064652	0.010295268106928473	0.005229675904418998	0.005065592202509475	1.2734	-25.5059	61	67	-0.0035352687390909658	-0.0026476533549121785	-0.0053896267007724485	-0.005064587714660324	-0.002608292543693453	-0.005754088129684085	-0.0075479985378183794	-0.005248083161700997	-0.008155344225067819	-0.004633116306586328	-0.006366162726346721	-0.012496400133395135	-0.0070747787045909675	0.0028439121568189746	0.000988163	-0.0030247529742736872	-0.003688205985997836	-0.003415366128081176	-0.027799734277469106	0.0034316381824484456	0.00016217	3.997286957427047e-05	0	/data/farneysk/ElnitskiLab/Bismark_Output/WGEmSeq/seq_files/EMseq_BAMs/CoordSorted/Healthy/cnvkit/V7_S9.coordsort.cnr	0.0865583	0.00020649409383266125
V24_S4	/data/farneysk/ElnitskiLab/Bismark_Output/WGEmSeq/seq_files/EMseq_BAMs/CoordSorted/Liver/cnvkit/V24_S4.coordsort.cns	Liver	2697919634	259	0.0694722018401503	0.40230773160235656	0.33235182089934706	0.06995591070300947	1.61884	-25.0166	96	87	0.04585901472252624	0.09800623403815603	-0.0030562748689790483	-0.015534597668143328	0.018869665322089734	0.03288702272368937	0.1336992937951783	-0.00906107571212192	-0.05326031604609912	-0.02182379110037063	-0.025831583217868756	-0.026773242687136822	0.10546018863381794	-0.0466104	0.0689822	-0.02570922426464226	0.01969583276639173	-0.007088349434874835	0.008626576170506455	0.10651704346723029	-0.02366172079614424	-0.04915976542856367	6	/data/farneysk/ElnitskiLab/Bismark_Output/WGEmSeq/seq_files/EMseq_BAMs/CoordSorted/Liver/cnvkit/V24_S4.coordsort.cnr	0.13030435	0.0003860857881167012
V24_S8	/data/farneysk/ElnitskiLab/Bismark_Output/WGEmSeq/seq_files/EMseq_BAMs/CoordSorted/Liver/cnvkit/V24_S8.coordsort.cns	Liver	2697658710	284	0.01368354908348358	0.01314945358673633	0.003977519083575995	0.009171934503160334	1.59388	-25.7897	49	92	-0.01572391400846438	-0.0075043841824237074	-0.003792997694000192	-0.010545332535500397	-0.009053730638784696	-0.007082715797455506	-0.011351293450030945	-0.016920384252038363	-0.01809639669181179	-0.025338876182065716	-0.0060739050123737775	-0.007082779088832914	0.0017462798095982854	-0.01793925139226935	-0.0181926	-0.027093487462200843	-0.03153990202951825	0.0004222023387366515	0.008170357089120717	-0.000908513953591595	0.00048772899999999995	-0.031680737179508776	0	/data/farneysk/ElnitskiLab/Bismark_Output/WGEmSeq/seq_files/EMseq_BAMs/CoordSorted/Liver/cnvkit/V24_S8.coordsort.cnr	0.09336722	0.00034282382127499925
V25_S1	/data/farneysk/ElnitskiLab/Bismark_Output/WGEmSeq/seq_files/EMseq_BAMs/CoordSorted/Liver/cnvkit/V25_S1.coordsort.cns	Liver	2696691487	263	0.015175297143422821	0.007018088309780762	0.00298171965119568	0.004036368658585082	1.34702	-25.1415	37	86	-0.0157139161550805	-0.009311541522026501	-0.007396596700185509	-0.030071713693863716	-0.021386199758681855	-0.010867421193945447	-0.007321803038971475	-0.02590012002110314	-0.021343490021430142	-0.018951504382021218	-0.008600448548006115	-0.004042524597724821	-0.003149682002633213	-0.009541288231478571	-0.014824299999999999	-0.004985505070853583	-0.007827472735074243	-0.0044320660254750935	0.017944391734676338	-0.005607151969308381	0.000262374	-0.015281017361920364	0	/data/farneysk/ElnitskiLab/Bismark_Output/WGEmSeq/seq_files/EMseq_BAMs/CoordSorted/Liver/cnvkit/V25_S1.coordsort.cnr	0.107200329	0.00031301305420760797
V25_S10	/data/farneysk/ElnitskiLab/Bismark_Output/WGEmSeq/seq_files/EMseq_BAMs/CoordSorted/Liver/cnvkit/V25_S10.coordsort.cns	Liver	2697835108	208	0.01611503201651508	0.006727010092716163	0.0029018293137283912	0.003825180778987772	1.33054	-25.002	22	65	-0.019947570469949476	-0.01154057111923511	-0.009025186003391437	-0.020947205379898023	-0.005629276221972564	-0.012919528124160806	-0.00434845164576123	-0.006303306216478417	-0.01704813978190141	-0.03930950799175532	-0.0064762718571950905	-0.017176706944804113	-0.004437307521985441	-0.01181078422623558	-0.0295689	0.00293080350399719	-0.03731610672401222	-0.0035175430200282674	-0.010690006706431696	-0.007191351978696998	-0.0015907724188295586	-0.032569015713115254	0	/data/farneysk/ElnitskiLab/Bismark_Output/WGEmSeq/seq_files/EMseq_BAMs/CoordSorted/Liver/cnvkit/V25_S10.coordsort.cnr	0.10841273	0.0003464592806734616
V25_S2	/data/farneysk/ElnitskiLab/Bismark_Output/WGEmSeq/seq_files/EMseq_BAMs/CoordSorted/Liver/cnvkit/V25_S2.coordsort.cns	Liver	2697876393	344	0.020081754223212785	0.011073754185890903	0.003362518024746288	0.007711236161144615	1.18944	-25.8824	49	102	-0.009613674375128755	-0.00908846447625637	-0.009597635723394397	-0.03235758716557457	-0.009781165733942346	-0.017223414446684134	-0.009676786400154675	-0.020658141374004395	-0.01428367420586214	-0.04488341606565864	-0.00841796798941636	-0.005746769412335767	0.00018607773951176266	-0.004687103885131579	-0.016064	-0.010979482104627843	-0.04467934498370416	-0.005536615275464566	-0.033760549461944386	-6.045251330560026e-06	-0.04218576745950059	-0.019023171744003434	0	/data/farneysk/ElnitskiLab/Bismark_Output/WGEmSeq/seq_files/EMseq_BAMs/CoordSorted/Liver/cnvkit/V25_S2.coordsort.cnr	0.102005	0.0004675200786422577
V25_S3	/data/farneysk/ElnitskiLab/Bismark_Output/WGEmSeq/seq_files/EMseq_BAMs/CoordSorted/Liver/cnvkit/V25_S3.coordsort.cns	Liver	2697727176	239	0.04501990256482033	0.13053245677797926	0.07446941439715103	0.05606304238082821	0.786723	-24.7643	48	87	-0.031019631761879104	-0.0055817543272056675	0.007940654833260109	-0.04734942872137654	0.025793269651769063	0.002159981216865126	0.047695755393383936	0.00805191586599879	-0.11330514025355765	-0.0468842921887917	-0.03468117241475957	-0.036326765554360166	0.12170082260152805	-0.041662547878443854	-0.07208977659282409	0.029964629609264284	-0.01203728566567808	-0.08223689927983743	0.003145009470487514	0.0675051520833635	0.0449068	-0.0662229961523026	6	/data/farneysk/ElnitskiLab/Bismark_Output/WGEmSeq/seq_files/EMseq_BAMs/CoordSorted/Liver/cnvkit/V25_S3.coordsort.cnr	0.10816753999999999	0.00040898918232701396
V25_S7	/data/farneysk/ElnitskiLab/Bismark_Output/WGEmSeq/seq_files/EMseq_BAMs/CoordSorted/Liver/cnvkit/V25_S7.coordsort.cns	Liver	2697818717	649	0.025459882402469894	0.08217905732618579	0.02644618244747688	0.055732874878708906	1.27141	-25.2454	120	276	-0.02681212149850732	-0.014754665906419207	-0.0044951504824427375	0.008524817707281997	0.0032410055804814775	-0.004098011284944707	-0.001997351633867668	-0.021011872718840405	-0.026809471210639133	-0.03384786060274965	-0.012391037305502122	-0.025288507617275417	0.0043641285254917925	-0.02592403916284608	-0.0455243	-0.02790492231169521	-0.06699627060604711	-0.006076039288266062	0.004349363359816399	-0.02281381086795315	-0.012318495148569492	-0.07000040758725559	2	/data/farneysk/ElnitskiLab/Bismark_Output/WGEmSeq/seq_files/EMseq_BAMs/CoordSorted/Liver/cnvkit/V25_S7.coordsort.cnr	0.12303635	0.00032028397300453267
V25_S8	/data/farneysk/ElnitskiLab/Bismark_Output/WGEmSeq/seq_files/EMseq_BAMs/CoordSorted/Liver/cnvkit/V25_S8.coordsort.cns	Liver	2697869634	543	0.020637176088238028	0.06828891384453012	0.024869773229376137	0.04341914061515398	0.842882	-24.5775	88	213	-0.021322450763214856	-0.00615821149547367	0.0015926423049418112	0.015576318558028285	0.008964782074157435	0.0025330098442551633	0.0014419212815881613	0.004927116244257154	-0.019368031533939477	-0.03168054640561579	-0.0020279879689515325	-0.00603607500709537	0.004986220889510013	-0.013164336384833322	-0.058558217779212995	-0.021626030798212754	-0.04326215465996708	-0.0027323585091460984	0.0009603936085663288	-0.023975469985620206	-0.0167442	-0.07113334112220634	2	/data/farneysk/ElnitskiLab/Bismark_Output/WGEmSeq/seq_files/EMseq_BAMs/CoordSorted/Liver/cnvkit/V25_S8.coordsort.cnr	0.12034740099999999	0.0001166982466906413
V26_S2	/data/farneysk/ElnitskiLab/Bismark_Output/WGEmSeq/seq_files/EMseq_BAMs/CoordSorted/Liver/cnvkit/V26_S2.coordsort.cns	Liver	2697629851	284	0.018359279298862236	0.0248169295632546	0.009929046043908119	0.01488788351934648	6.01151	-25.1677	45	93	-0.0038557050594714617	-0.008227102744324748	-0.0029945214787269786	0.005482309201667617	0.00419320623958512	-0.006657222999518314	0.00524816794013814	0.00693326762230761	-0.029933641918235512	-0.01746482772620253	-0.0007788962690043128	0.0020149285425630856	0.004231341207539826	-0.022864957468901576	-0.06772481982749523	-0.0044398058848702255	-0.0046086915127274836	-0.0036316223269051012	0.042947991532355435	-0.00876215943973266	-0.04100341591893471	-0.038775453052034996	1	/data/farneysk/ElnitskiLab/Bismark_Output/WGEmSeq/seq_files/EMseq_BAMs/CoordSorted/Liver/cnvkit/V26_S2.coordsort.cnr	0.111103945	0.0002930180275160651
V26_S3	/data/farneysk/ElnitskiLab/Bismark_Output/WGEmSeq/seq_files/EMseq_BAMs/CoordSorted/Liver/cnvkit/V26_S3.coordsort.cns	Liver	2697924249	288	0.0535390203401962	0.17214643857111497	0.10120542861839261	0.07094100995272236	0.911469	-25.213	36	104	0.1580544869199509	-0.006829968119802248	-0.0065273863889385685	-0.026328530823196628	-0.003187220635863145	-0.008368342856593027	0.04933071735279938	0.07817585885920784	-0.024324565767642355	-0.020246937665197362	-0.004174857550436814	-0.007615259563800696	0.0011764840495497942	-0.0115817	-0.07545378239029418	-0.013493081735714956	-0.03723261260158044	0.006494566663754586	-0.002599913485626582	-0.011963257941492644	-0.0124985	-0.0705640746240159	4	/data/farneysk/ElnitskiLab/Bismark_Output/WGEmSeq/seq_files/EMseq_BAMs/CoordSorted/Liver/cnvkit/V26_S3.coordsort.cnr	0.1319164	0.0002937451193957576
V3_S1	/data/farneysk/ElnitskiLab/Bismark_Output/WGEmSeq/seq_files/EMseq_BAMs/CoordSorted/Liver/cnvkit/V3_S1.coordsort.cns	Liver	2697919876	211	0.013109569152771365	0.008790890052362697	0.0006488354289436281	0.008142054623419069	1.18743	-25.4404	25	68	-0.014012027665269471	-0.0098424457367412	-0.00860852489009616	-0.007289913165157442	0.014554968765004235	-0.005469840550895512	-0.00029005941182101415	-0.0018812141538905754	-0.041260287223894604	-0.023188702939123222	-0.0019630614034266687	-0.0054331330570267745	5.620505512320439e-05	-0.00430497	-0.0232699	-0.010151479215263546	-0.01797691544317314	-0.0034206394117510157	-0.0038015544276432662	-0.011630255959786272	-0.05049527215743892	-0.020166531487451053	1	/data/farneysk/ElnitskiLab/Bismark_Output/WGEmSeq/seq_files/EMseq_BAMs/CoordSorted/Liver/cnvkit/V3_S1.coordsort.cnr	0.10185579	0.0002941086653356038
V3_S3	/data/farneysk/ElnitskiLab/Bismark_Output/WGEmSeq/seq_files/EMseq_BAMs/CoordSorted/Liver/cnvkit/V3_S3.coordsort.cns	Liver	2697777354	191	0.017741852470091028	0.007958023655350173	0.0007437470690548321	0.007214276586295342	1.30786	-26.5534	15	69	-0.0032554483266637917	-0.0018179431194079339	-0.014474745631744768	-0.017545494559282095	-0.00028610169432442047	-0.026446649999537518	-0.0020545348940600927	-0.031024826375003995	-0.04849702082819505	-0.025454743308704404	-0.0077841294670044185	0.0014405588825244097	0.004145049354742328	-0.018900161976099634	-8.65506e-05	-0.016661588816696316	-0.012808727535632997	0.005633122334015022	-0.021916167927069404	-0.002782280810757495	-0.0036850358458722214	-0.006172574916352944	0	/data/farneysk/ElnitskiLab/Bismark_Output/WGEmSeq/seq_files/EMseq_BAMs/CoordSorted/Liver/cnvkit/V3_S3.coordsort.cnr	0.09237049	0.00033155389713976596
V3_S4	/data/farneysk/ElnitskiLab/Bismark_Output/WGEmSeq/seq_files/EMseq_BAMs/CoordSorted/Liver/cnvkit/V3_S4.coordsort.cns	Liver	2697702259	181	0.01894893500832115	0.011993901807382518	0.0027356124922161026	0.009258289315166415	1.17919	-25.3983	23	62	-0.013095349238513075	-0.005938851207008371	-0.006244788212344322	-0.006477040057947217	-0.004337140112085392	-0.004554369242859677	-0.0027539817900783703	-0.03896710003914926	-0.09012675499974053	-0.031939680609199717	-0.0040683046519899195	-2.464765937573273e-05	0.007248344611929501	-0.010655132306244153	-0.0364789	-0.005629263514413479	-0.01813338349699819	-0.004487507093025415	0.029674614402836617	-0.0115816067721034	-0.033632480978971084	-0.027519387737802863	1	/data/farneysk/ElnitskiLab/Bismark_Output/WGEmSeq/seq_files/EMseq_BAMs/CoordSorted/Liver/cnvkit/V3_S4.coordsort.cnr	0.09986705185	0.00042898420901855684
V5_S1	/data/farneysk/ElnitskiLab/Bismark_Output/WGEmSeq/seq_files/EMseq_BAMs/CoordSorted/Liver/cnvkit/V5_S1.coordsort.cns	Liver	2697735488	136	0.011205116804913635	0.009841163493639003	0.001390520314792256	0.008450643178846747	0.948307	-25.2607	14	40	-0.0043451801910009665	-0.00870493096053357	-0.00844512043247616	-0.012084749917520884	-0.007071526003234704	-0.006071768609985943	-0.0057928142522800045	-0.00461363698770399	-0.024740398601179336	-0.018917753898696824	-0.003973957218298907	-0.0164554143877797	-0.00029709293001253155	-0.00943871	-0.050262549072321035	-0.016920408896514482	-0.007129953620376824	-0.010310460418083102	0.007759300955617697	-0.00927144028961824	-0.0022714680753797584	-0.009681358911992809	1	/data/farneysk/ElnitskiLab/Bismark_Output/WGEmSeq/seq_files/EMseq_BAMs/CoordSorted/Liver/cnvkit/V5_S1.coordsort.cnr	0.101631744	0.00028538356277929414
V5_S2	/data/farneysk/ElnitskiLab/Bismark_Output/WGEmSeq/seq_files/EMseq_BAMs/CoordSorted/Liver/cnvkit/V5_S2.coordsort.cns	Liver	2697737641	733	0.06759749501721461	0.3736311135972321	0.13806145020904945	0.23556966338818267	1.55486	-25.4499	337	161	-0.01750119755155602	0.012120946582109632	0.01929832621151987	-0.032347436881026904	0.01165608541995432	0.005906548355234364	0.01076816657632044	0.3666517893214334	-0.07791985154129472	-0.0930944853967573	0.061606529529674256	0.006968673072919791	0.005291063738585877	-0.0842190016796545	-0.03322129766659925	-0.0718342813304613	-0.056797125833246184	0.014935913832458809	-0.04264516328815046	0.008282097366813236	-0.10364426261175877	-0.05906257346958859	9	/data/farneysk/ElnitskiLab/Bismark_Output/WGEmSeq/seq_files/EMseq_BAMs/CoordSorted/Liver/cnvkit/V5_S2.coordsort.cnr	0.1248705	0.0003562750210493099
V5_S3	/data/farneysk/ElnitskiLab/Bismark_Output/WGEmSeq/seq_files/EMseq_BAMs/CoordSorted/Liver/cnvkit/V5_S3.coordsort.cns	Liver	2697867191	289	0.042280350278025666	0.3106261389721611	0.09353683340745293	0.2170893055647082	1.0583	-25.6946	61	104	-0.012071347595216633	0.09916719316356451	-0.05209614452126873	-0.003610224132877377	0.0050507959647982225	-0.0685538927888553	-0.015402421737819723	0.00045465739766866516	-0.12644799535784534	-0.024828875283847633	-0.044030701577617244	0.005282895415473571	-0.12638549767719556	0.0067819630652518935	-0.006650630000000001	-0.026209470237042707	-0.05687070382055688	0.002053808736640647	-0.01993762770557009	0.002853690320830854	-0.0011018	-0.014396873478241354	6	/data/farneysk/ElnitskiLab/Bismark_Output/WGEmSeq/seq_files/EMseq_BAMs/CoordSorted/Liver/cnvkit/V5_S3.coordsort.cnr	0.10240701999999999	0.00025993534699005776
V5_S4	/data/farneysk/ElnitskiLab/Bismark_Output/WGEmSeq/seq_files/EMseq_BAMs/CoordSorted/Liver/cnvkit/V5_S4.coordsort.cns	Liver	2697636189	369	0.019255537127332266	0.015902831958931732	0.00959388226831057	0.006308949690621162	0.741836	-25.0531	43	115	-0.026045504588598646	-0.009683681252775073	-0.009484682740201686	0.002628331219055065	2.0406561715282697e-05	-0.003976055125466355	-0.002539325560493057	-0.007957437679523453	-0.017845992407979367	-0.031836376218482475	-0.008492446768435816	-0.017796893996905944	-0.0007624715294665586	-0.00397964	-0.030672799999999997	-0.015032055924045948	-0.08362951752208925	-0.005390131014770632	0.028323441373915167	-0.01363148806845625	0.00422729	-0.03568984868870738	1	/data/farneysk/ElnitskiLab/Bismark_Output/WGEmSeq/seq_files/EMseq_BAMs/CoordSorted/Liver/cnvkit/V5_S4.coordsort.cnr	0.102347876	0.0003268277999217649
V6_S1	/data/farneysk/ElnitskiLab/Bismark_Output/WGEmSeq/seq_files/EMseq_BAMs/CoordSorted/Liver/cnvkit/V6_S1.coordsort.cns	Liver	2697741562	283	0.015587361775027645	0.006555190923065892	0.001889732905408676	0.004665458017657215	1.00198	-24.9557	35	83	-0.01895990358607139	-0.005210924980589656	-0.010284969410528078	-0.00011063540412023244	-0.006280530334027589	-0.007823015185271828	-0.002785953121505921	-0.027170380015739265	-0.011898338119878525	-0.019859161809485906	-0.005243195323602397	-0.006986453391996012	-0.00018272854590648696	0.00013332337613540721	-0.018451700790766214	-0.006301609892129543	-0.0584521373086506	0.002124068871568616	-0.023240999302375134	-0.008149101881250996	-0.04052622128346696	-6.737685689040439e-05	1	/data/farneysk/ElnitskiLab/Bismark_Output/WGEmSeq/seq_files/EMseq_BAMs/CoordSorted/Liver/cnvkit/V6_S1.coordsort.cnr	0.098876725	0.0003519124697711551
V6_S2	/data/farneysk/ElnitskiLab/Bismark_Output/WGEmSeq/seq_files/EMseq_BAMs/CoordSorted/Liver/cnvkit/V6_S2.coordsort.cns	Liver	2697650827	233	0.017109370443452083	0.005152234626101223	0.0009546294777014891	0.0041976051483997336	1.0367	-25.2192	22	64	-0.019844095401217086	-0.0045174458080808316	-0.0022399457687573786	-0.003114283305723107	0.00837912986548611	0.0008997700086597484	-0.00020839307882363454	0.000636417049897446	-0.03327999550518304	-0.01172735946174279	-0.0012228275247120717	-0.012255608290180901	0.004150745352495134	-0.00884007	-0.0258331	-0.015697263081395383	-0.03693647232537231	-0.0006129576713171787	-0.01996170728352137	-0.019632948009304457	-0.0104868	-0.0727090577229465	1	/data/farneysk/ElnitskiLab/Bismark_Output/WGEmSeq/seq_files/EMseq_BAMs/CoordSorted/Liver/cnvkit/V6_S2.coordsort.cnr	0.10213219	0.00032028397300453267
V6_S3	/data/farneysk/ElnitskiLab/Bismark_Output/WGEmSeq/seq_files/EMseq_BAMs/CoordSorted/Liver/cnvkit/V6_S3.coordsort.cns	Liver	2697784714	594	0.09069962299056222	0.4731067762288463	0.28747238761320965	0.18563438861563658	3.29517	-25.699	364	140	-0.04412746528042943	0.02759498755034082	0.1041323066907941	-0.027605495850791834	0.05528610354577767	-0.035956785220960616	0.05183602444940515	0.16726989868805608	-0.024824543880188316	-0.09246032326853594	0.034444291481917855	0.12960820893795505	-0.06020842792869465	-0.04405633613308526	-0.0191674	-0.10325989517442354	0.007419751951983271	0.050067194410882074	0.10126212300608477	0.2811176487075812	-0.103034	-0.013536245496425365	12	/data/farneysk/ElnitskiLab/Bismark_Output/WGEmSeq/seq_files/EMseq_BAMs/CoordSorted/Liver/cnvkit/V6_S3.coordsort.cnr	0.11361225000000001	0.0003984463500714731
V6_S4	/data/farneysk/ElnitskiLab/Bismark_Output/WGEmSeq/seq_files/EMseq_BAMs/CoordSorted/Liver/cnvkit/V6_S4.coordsort.cns	Liver	2697636037	209	0.01379235235122924	0.010271031977617372	0.0011742039906623622	0.009096827986955009	0.877093	-25.0337	28	68	-0.012767500453929933	-0.00794085355031387	-0.0017179815555253143	-0.0042347364243539845	-0.002744397520269474	-0.023008771072850147	-0.006111979076140524	-0.03107059833336874	-0.04352526522894265	-0.014865270317427104	-0.0026895646289791723	-0.006662294244933306	0.00227730868986634	-0.000851207608155236	-0.03974737499183808	-0.00807463264223388	-0.015391742997212729	-0.0038607968125080145	0.015310975440268512	-0.0033645736162852624	-0.03615346952876642	-0.012329064726354538	0	/data/farneysk/ElnitskiLab/Bismark_Output/WGEmSeq/seq_files/EMseq_BAMs/CoordSorted/Liver/cnvkit/V6_S4.coordsort.cnr	0.106110923	0.0003384612699968444
V6_S5	/data/farneysk/ElnitskiLab/Bismark_Output/WGEmSeq/seq_files/EMseq_BAMs/CoordSorted/Liver/cnvkit/V6_S5.coordsort.cns	Liver	2697855950	263	0.03601016317441506	0.14698855066742908	0.000986020398902321	0.14600253026852675	2.75808	-25.495	29	110	-0.010727490196462278	-0.05723646966201462	-0.00027397756243164413	0.0018531168470891938	-0.017836727836657306	-0.0017955732777036387	0.001968320245042218	0.004248252130140176	-0.03125534845577529	-0.14285093810801366	-0.05458191524811976	-0.011798031079395343	-0.13492064644352927	-0.00170032	-0.0103328	-0.09424214553999843	-0.03360914415939944	0.012178790517122928	-0.008510549199784983	0.000658090954719519	-0.03568007893157371	-0.010802205808849887	5	/data/farneysk/ElnitskiLab/Bismark_Output/WGEmSeq/seq_files/EMseq_BAMs/CoordSorted/Liver/cnvkit/V6_S5.coordsort.cnr	0.1023511	0.00035736565886884864
V6_S6	/data/farneysk/ElnitskiLab/Bismark_Output/WGEmSeq/seq_files/EMseq_BAMs/CoordSorted/Liver/cnvkit/V6_S6.coordsort.cns	Liver	2697963172	214	0.012644687683344192	0.008643304787112194	0.0011569831761958536	0.007486321610916341	0.841746	-25.2835	24	69	-0.006085291827092263	-0.00162053567560763	-0.015944589235936783	-0.014240641775403686	-0.012928212277627651	-0.006617774647534072	-0.008180579974828623	-0.010854561541908676	-0.01955428440831724	-0.0274241421794023	-0.004603814230740721	-0.0028173663197498594	-0.00783305408703229	-0.0102019	-0.0200647	-0.021394978351212658	-0.002006653213742519	-0.004760856308989169	-0.017179612942639085	-0.0003841223880144074	-0.0121107	-0.01792491145703801	0	/data/farneysk/ElnitskiLab/Bismark_Output/WGEmSeq/seq_files/EMseq_BAMs/CoordSorted/Liver/cnvkit/V6_S6.coordsort.cnr	0.110678966	0.0002973805787942199
V6_S7	/data/farneysk/ElnitskiLab/Bismark_Output/WGEmSeq/seq_files/EMseq_BAMs/CoordSorted/Liver/cnvkit/V6_S7.coordsort.cns	Liver	2697488393	222	0.02092965577226485	0.006616652752359035	0.0009528867692888715	0.005663765983070163	0.862114	-25.3201	21	85	-0.014195836626222081	-0.012417580742591972	-0.01372291387304947	-0.009926148436062602	-0.005797465280482688	0.0029456817199744446	0.003613529955327687	-0.01982050424095198	-0.13272162313227162	-0.020821503538186303	-0.025199149379608873	-0.01910076773879167	0.003681051069163873	-0.006637110867962508	-0.0318904	-0.017852311558821842	-0.011987448607272246	0.006926009560560168	0.0038579507952656374	0.0034214721104292353	-0.0065381	-0.053470855852409675	2	/data/farneysk/ElnitskiLab/Bismark_Output/WGEmSeq/seq_files/EMseq_BAMs/CoordSorted/Liver/cnvkit/V6_S7.coordsort.cnr	0.102802	0.0005235061533785778
V6_S8	/data/farneysk/ElnitskiLab/Bismark_Output/WGEmSeq/seq_files/EMseq_BAMs/CoordSorted/Liver/cnvkit/V6_S8.coordsort.cns	Liver	2697858716	175	0.017018161451393673	0.020750736748365736	0.00022063127193054982	0.020530105476435186	2.91746	-25.932	9	69	-0.017467458072910287	-0.011260177991861443	-0.00796010323874078	-0.006463952651105381	-0.006077920412757348	-0.006785233668636899	-0.014798091611730228	-0.010542685962618243	-0.10105207938216339	-0.017960851321876012	-0.004845665414950883	-0.000823039669336493	-0.010112272643545575	-0.0068571	-0.03793455449240118	-0.023747700091548148	-0.013426807708847681	-0.005814924743674811	-0.002515186060465442	-0.0030863323788952995	-0.07315954905953798	-0.012448649463677474	2	/data/farneysk/ElnitskiLab/Bismark_Output/WGEmSeq/seq_files/EMseq_BAMs/CoordSorted/Liver/cnvkit/V6_S8.coordsort.cnr	0.096716956	0.00043225612247717294
V39_S10	/data/farneysk/ElnitskiLab/Bismark_Output/WGEmSeq/seq_files/EMseq_BAMs/CoordSorted/Ovary/cnvkit/V39_S10.coordsort.cns	Ovary	2697884736	443	0.015656537202339275	0.021113540263567435	0.009041204642480323	0.012072335621087112	0.837439	-25.8727	76	128	-0.026047462950186086	-0.013264028740247888	-0.005325038589060912	0.003358942517819978	-0.0015129321496059505	-0.00458773902487282	0.002359172473800353	0.005239815189598037	0.0002962243356419516	-0.0318261431047234	-0.00949354989017483	-0.004736074744778966	0.0013612619745717522	-0.0026233665133459884	-0.0109484	0.009659656546297005	-0.007979448365379487	0.006557265428438214	0.008718108625026855	-0.004641373993438793	0.0115166	-0.0017319401437597055	0	/data/farneysk/ElnitskiLab/Bismark_Output/WGEmSeq/seq_files/EMseq_BAMs/CoordSorted/Ovary/cnvkit/V39_S10.coordsort.cnr	0.09983329500000002	0.00028211164932067805
V39_S11	/data/farneysk/ElnitskiLab/Bismark_Output/WGEmSeq/seq_files/EMseq_BAMs/CoordSorted/Ovary/cnvkit/V39_S11.coordsort.cns	Ovary	2697741178	338	0.031790635427932444	0.08807873710707766	0.04707779494775536	0.0410009421593223	0.999268	-25.5611	87	109	-0.006305074584114531	-0.004583812677141362	0.007139443698767943	-0.05819341608344372	-0.037265275818172905	-0.04126860917079916	0.01143603114073771	0.0044718460318135195	-0.015357301821926624	-0.009368624397564855	-0.02602701747227059	0.02625470510440745	-0.025893236716744667	0.0038172976501399144	-0.047290300891527505	-0.02440985027046093	-0.041722471041125156	-0.0030762616415505382	0.044789058162767806	0.025338370954899058	-0.038174635518508075	-0.051997448538645845	2	/data/farneysk/ElnitskiLab/Bismark_Output/WGEmSeq/seq_files/EMseq_BAMs/CoordSorted/Ovary/cnvkit/V39_S11.coordsort.cnr	0.127149	0.0003184662433053015
V39_S12	/data/farneysk/ElnitskiLab/Bismark_Output/WGEmSeq/seq_files/EMseq_BAMs/CoordSorted/Ovary/cnvkit/V39_S12.coordsort.cns	Ovary	2697539517	424	0.04463574293096715	0.3585901700063955	0.08010921976791935	0.27848095023847613	1.9223	-26.064	137	164	-0.002147843195738906	0.00015837643037533574	0.0006718100551115121	-0.026232264280729833	-0.04859791244056919	-0.038997282682431106	0.026673783619136342	0.05064444918570787	-0.011880640240904862	-0.012188888517207055	0.0021437421824631805	0.03908297734368006	-0.07850854836785184	-0.005343623106908569	-0.0842851	-0.013000712225460866	-0.09150039059825112	-0.06885224300644638	0.0440483949786831	0.003630889397668638	-0.0776449	-0.08027378011704699	7	/data/farneysk/ElnitskiLab/Bismark_Output/WGEmSeq/seq_files/EMseq_BAMs/CoordSorted/Ovary/cnvkit/V39_S12.coordsort.cnr	0.11623106	0.0003217381567639176
V39_S2	/data/farneysk/ElnitskiLab/Bismark_Output/WGEmSeq/seq_files/EMseq_BAMs/CoordSorted/Ovary/cnvkit/V39_S2.coordsort.cns	Ovary	2697521358	761	0.16517467855554982	0.7153886508727321	0.34998971971068266	0.3653989311620494	1.9001	-26.0888	327	258	0.03025305850769438	0.05116043400376779	0.1454482201597633	-0.1899110376022707	-0.02427599494263998	0.10214680088573261	0.08759408444481619	0.1977409218740699	-0.19470593146919718	0.004607283134899258	-0.07711362680317498	0.19814089724734713	0.20810230555732953	-0.138004304312935	-0.141694	-0.1362597500594964	-0.15220956059669322	-0.030633124375947243	0.2136802156218472	0.2038277357489734	0.177343	-0.21554641332131838	18	/data/farneysk/ElnitskiLab/Bismark_Output/WGEmSeq/seq_files/EMseq_BAMs/CoordSorted/Ovary/cnvkit/V39_S2.coordsort.cnr	0.17704119999999998	0.000302106676012221
V39_S3	/data/farneysk/ElnitskiLab/Bismark_Output/WGEmSeq/seq_files/EMseq_BAMs/CoordSorted/Ovary/cnvkit/V39_S3.coordsort.cns	Ovary	2697370607	668	0.025092421642657403	0.050430301882502866	0.012805015710620146	0.03762528617188272	0.855444	-26.1734	108	206	-0.03384310099288709	-0.011526728521803245	-0.01134927521180626	-0.0014283165355119714	-0.005846580701546654	-0.012768236596872207	-0.005906350116326297	-0.0027602553458810886	-0.05768786582255608	-0.05729961938156687	-0.006197508836755157	-0.021118836340690856	-0.00659307964757174	-0.02440651853947741	8.182802338558614e-05	0.002887007171928633	-0.018111049457851483	0.004258246554449672	-0.009113942113910813	-0.007703726950023254	0.004421671659184511	-0.020451031162862426	2	/data/farneysk/ElnitskiLab/Bismark_Output/WGEmSeq/seq_files/EMseq_BAMs/CoordSorted/Ovary/cnvkit/V39_S3.coordsort.cnr	0.108243225	0.00043334676029671164
V39_S4	/data/farneysk/ElnitskiLab/Bismark_Output/WGEmSeq/seq_files/EMseq_BAMs/CoordSorted/Ovary/cnvkit/V39_S4.coordsort.cns	Ovary	2697606951	353	0.018155614611344472	0.012735090628108335	0.00812576902349478	0.004609321604613555	0.802753	-25.508	60	120	-0.016053151772942552	-0.007291056764102428	-0.018073094421323974	-0.03140311518200023	-0.015191294736011846	-0.010568457102884756	-0.00559349521624413	-0.02288576967590298	-0.005884193369965524	-0.007642147409143119	-0.0037178915859179076	-0.005955413889713789	-0.012407958981411544	-0.016423607972060657	-0.0044908	0.005745834611772209	0.01696411900296979	-0.009184910227940508	0.02495482694457969	-0.00425532633242409	-0.00194314	-0.03877728714278176	0	/data/farneysk/ElnitskiLab/Bismark_Output/WGEmSeq/seq_files/EMseq_BAMs/CoordSorted/Ovary/cnvkit/V39_S4.coordsort.cnr	0.1252955775	0.00032210170270376387
V39_S5	/data/farneysk/ElnitskiLab/Bismark_Output/WGEmSeq/seq_files/EMseq_BAMs/CoordSorted/Ovary/cnvkit/V39_S5.coordsort.cns	Ovary	2697729622	318	0.017302174650234245	0.022948478044327897	0.01150347749712332	0.011445000547204579	0.720326	-25.4573	47	101	-0.02911955261945081	-0.006821485749773714	-0.011487238095535016	-0.003288400267801734	-0.007077468181049089	-0.005996375221244584	0.006514462560446368	0.0017136675578230032	-0.007237694184167645	-0.03157093722659035	-0.008181520816344457	-0.005543983154459936	0.0023154138371932623	-0.01835516683881174	-0.016635	0.010225385857651387	-0.023476135578849526	0.002710825159413335	0.04264689307978873	-0.01618038746994837	0.00267842	0.0068549183193888814	0	/data/farneysk/ElnitskiLab/Bismark_Output/WGEmSeq/seq_files/EMseq_BAMs/CoordSorted/Ovary/cnvkit/V39_S5.coordsort.cnr	0.119455909	0.00032755489180145736
V39_S6	/data/farneysk/ElnitskiLab/Bismark_Output/WGEmSeq/seq_files/EMseq_BAMs/CoordSorted/Ovary/cnvkit/V39_S6.coordsort.cns	Ovary	2697894860	288	0.013479343058751507	0.00823163360784193	0.004575444426325791	0.0036561891815161396	0.899058	-26.0368	45	87	-0.0219830769330826	-0.008494974265477665	-0.012687906496617949	-0.00915932708906372	-0.011945083610853408	-0.008562347034894498	-0.003659072843098484	-0.0050403212715222166	-0.006486873413663985	-0.012189060441258871	-0.006817218088290232	-0.011595646260889428	-0.008281290971375938	-0.00532441	0.0010493778359566817	0.007470810874561781	-0.012079622965146001	0.002846098336542831	-0.00299586889014271	-0.0058364071662138665	-0.00360729	0.015448766998090955	0	/data/farneysk/ElnitskiLab/Bismark_Output/WGEmSeq/seq_files/EMseq_BAMs/CoordSorted/Ovary/cnvkit/V39_S6.coordsort.cnr	0.0967060825	0.0002617530766892889
V39_S7	/data/farneysk/ElnitskiLab/Bismark_Output/WGEmSeq/seq_files/EMseq_BAMs/CoordSorted/Ovary/cnvkit/V39_S7.coordsort.cns	Ovary	2697536254	426	0.0236351862294027	0.058127390046191385	0.03790190913964265	0.020225480906548736	1.08973	-25.587	81	120	-0.00976199959371221	-0.0012388256704494644	0.0029107367933802666	-0.024708192925955108	-0.010742042197713787	0.0015700123621415513	0.009098419151146673	-0.01707115225811668	-0.05566348093168189	-0.007868273313444139	-0.017667300406458142	0.01754506419851921	0.003394520758469592	-0.0035343	-0.02375902212308828	0.013865796472370741	0.018113055446492762	-0.00328633181111454	0.06655126589762182	-0.0013959661460055223	-0.01848424506659252	-0.0016436922032635175	2	/data/farneysk/ElnitskiLab/Bismark_Output/WGEmSeq/seq_files/EMseq_BAMs/CoordSorted/Ovary/cnvkit/V39_S7.coordsort.cnr	0.1209006	0.00029665348691452744
V39_S8	/data/farneysk/ElnitskiLab/Bismark_Output/WGEmSeq/seq_files/EMseq_BAMs/CoordSorted/Ovary/cnvkit/V39_S8.coordsort.cns	Ovary	2697649328	242	0.02019362457638241	0.020073390725008272	0.013759640148454462	0.006313750576553811	1.28108	-26.0029	35	81	-0.02560437034045272	-0.015510167736966032	-0.024914249734268156	-0.01637835461491696	-0.009937002194807417	-0.013613345610393545	0.0008456599020924794	-0.026820125197220875	-0.02340470618763201	-0.014679465843183378	-0.005696964680253103	-0.018586802892845578	-0.0074487866673632296	-0.00540496	-0.0127515	0.00657074055797266	-0.005811120559927178	-0.002699064786322323	0.023904648022429507	-0.0036032327322103276	0.00302645	-0.003016540630147582	0	/data/farneysk/ElnitskiLab/Bismark_Output/WGEmSeq/seq_files/EMseq_BAMs/CoordSorted/Ovary/cnvkit/V39_S8.coordsort.cnr	0.159544989	0.0004631575273641029
V39_S9	/data/farneysk/ElnitskiLab/Bismark_Output/WGEmSeq/seq_files/EMseq_BAMs/CoordSorted/Ovary/cnvkit/V39_S9.coordsort.cns	Ovary	2697338831	274	0.014865486609312719	0.02145560814788122	0.012762237581860549	0.008693370566020668	1.26597	-26.201	64	81	-0.010269498912562994	-0.006932797798905834	-0.005465656522780602	0.0030861600384063815	-0.011707701644613162	-0.005973529546456463	0.002916413558981684	0.004478327715369993	-0.011266906510359338	-0.04269059554667643	0.0023123276325676544	0.002609572837400364	0.006133954567815634	0.0008271361825307047	-0.011762	0.017521050097176884	-0.025390880278641195	0.00533744397876384	0.05117891494339739	-0.0030676473642425317	-0.0035022754330650712	0.004801982504869357	1	/data/farneysk/ElnitskiLab/Bismark_Output/WGEmSeq/seq_files/EMseq_BAMs/CoordSorted/Ovary/cnvkit/V39_S9.coordsort.cnr	0.12361409963	0.0003151943298466854
V11_S12	/data/farneysk/ElnitskiLab/Bismark_Output/WGEmSeq/seq_files/EMseq_BAMs/CoordSorted/Pancreas/cnvkit/V11_S12.coordsort.cns	Pancreas	2697814376	302	0.016436159011145927	0.02337102306255929	0.002192741299262763	0.021178281763296527	0.866061	-25.4107	38	115	-0.011185984217314962	-0.0022435786069477733	-0.00857252972912645	-0.022245617217885098	-0.005217380052999014	-0.005515923709620269	-0.029568729740520643	-0.031520224637021775	-0.024054482383974785	-0.025658137650561814	0.0005758045739913899	-0.003155479945121123	-0.014630362516473481	0.0029065396724247132	0.000260985	-0.023468215227150778	-0.018788303882066752	-0.010673346491060358	-0.048747300975391296	0.0012399419121556057	-0.00987012	-0.012395459238848988	0	/data/farneysk/ElnitskiLab/Bismark_Output/WGEmSeq/seq_files/EMseq_BAMs/CoordSorted/Pancreas/cnvkit/V11_S12.coordsort.cnr	0.11677543	0.0003806325990190076
V13_S4	/data/farneysk/ElnitskiLab/Bismark_Output/WGEmSeq/seq_files/EMseq_BAMs/CoordSorted/Pancreas/cnvkit/V13_S4.coordsort.cns	Pancreas	2697553414	487	0.01769456051406917	0.028283148576052627	0.003851783970643556	0.02443136460540907	1.61016	-25.2464	69	143	-0.01621780424987959	-0.0022401199342215812	0.004738489748552493	-0.005540162314070521	0.008573387640808065	-0.0010873234463091303	-0.002082795244744268	0.00017529129272385313	-0.005368210597907853	-0.03518351152734626	-0.0014519690808524213	-0.007185115968739299	0.0025244741588483733	-0.015895898328557968	-0.0138423	-0.026777216844852268	-0.031225301769866622	0.001548419282096278	-0.030772414716571637	-0.0075507304382967065	0.000301855064913761	-0.0640359959174559	1	/data/farneysk/ElnitskiLab/Bismark_Output/WGEmSeq/seq_files/EMseq_BAMs/CoordSorted/Pancreas/cnvkit/V13_S4.coordsort.cnr	0.105933174	0.00028611065465898664
V13_S5	/data/farneysk/ElnitskiLab/Bismark_Output/WGEmSeq/seq_files/EMseq_BAMs/CoordSorted/Pancreas/cnvkit/V13_S5.coordsort.cns	Pancreas	2697890254	955	0.026810012273170182	0.09494810236265452	0.024142955001015397	0.07080514736163912	1.46657	-25.641	120	364	-0.02119654409010849	-0.0033567178153021764	0.003617563988171887	0.010984081252538679	0.00874288494220714	-0.0013367983535044492	-0.013592630890636058	-0.004191940168136746	-0.02912779520822091	-0.020204302726798264	-0.022106553033169333	-0.025486509475164263	-0.0010431704899302023	-0.004532808911184743	-0.010659251919353485	-0.016630228898737463	-0.05014394146423944	-0.0023277200141378946	-0.039322385677459305	-0.014946052222208253	-0.0103533	-0.06351556454238762	2	/data/farneysk/ElnitskiLab/Bismark_Output/WGEmSeq/seq_files/EMseq_BAMs/CoordSorted/Pancreas/cnvkit/V13_S5.coordsort.cnr	0.101202659	0.0003246465242826875
V15_S5	/data/farneysk/ElnitskiLab/Bismark_Output/WGEmSeq/seq_files/EMseq_BAMs/CoordSorted/Pancreas/cnvkit/V15_S5.coordsort.cns	Pancreas	2697803096	624	0.023446175214216547	0.059316187025385485	0.008792062710272759	0.05052412431511273	0.87779	-26.0512	68	230	-0.01602751685454869	-0.0016057536323789655	0.0016297248047566879	0.00996597935717795	0.008571312048921777	-0.006430986877516199	-0.0029484332598781683	0.004264102998934799	-0.055910464194854306	-0.01848128302106671	-7.827248360940139e-07	-0.009338349274287488	0.007374761380945039	-0.012634335423160812	-0.0324539	-0.02523977087348844	-0.07933993951632623	0.005803898664730921	-0.06636451228382734	-0.011973246386567599	-0.062468138227524374	-0.04245847751641904	4	/data/farneysk/ElnitskiLab/Bismark_Output/WGEmSeq/seq_files/EMseq_BAMs/CoordSorted/Pancreas/cnvkit/V15_S5.coordsort.cnr	0.09669725000000001	0.0003002889463129898
V15_S6	/data/farneysk/ElnitskiLab/Bismark_Output/WGEmSeq/seq_files/EMseq_BAMs/CoordSorted/Pancreas/cnvkit/V15_S6.coordsort.cns	Pancreas	2697811989	1017	0.02827756635910365	0.09893831893709477	0.022278156611750456	0.07666016232534431	1.50833	-25.7433	173	465	-0.045455514909317436	-0.00032708713789009853	0.00173896856774247	0.002007420769225869	0.01103966028058881	0.0023751758943456316	-0.00836149190048007	0.00650279867741194	-0.059713372057635834	-0.02499987832547741	0.0026812443670233364	-0.007521083524775954	0.004390024817968958	-0.008676868849240552	-0.04759677388500055	-0.03724674724237049	-0.04507574256954485	-0.0007637933333924953	-0.013688954265130159	-0.003995655682981896	-0.0175659	-0.109801650043541	2	/data/farneysk/ElnitskiLab/Bismark_Output/WGEmSeq/seq_files/EMseq_BAMs/CoordSorted/Pancreas/cnvkit/V15_S6.coordsort.cnr	0.12045881	0.000449342781649946
V15_S7	/data/farneysk/ElnitskiLab/Bismark_Output/WGEmSeq/seq_files/EMseq_BAMs/CoordSorted/Pancreas/cnvkit/V15_S7.coordsort.cns	Pancreas	2697841560	718	0.01645150592589049	0.04891529100767504	0.008044377150154066	0.04087091385752097	1.24932	-25.85	104	235	-0.012481006885114344	-0.00295724915391587	-0.019199165922105854	-0.007477203230270052	-0.005385718246262346	-0.00738065210224896	-0.0046026483386312315	0.0033032355040379393	-0.0007444202533287423	-0.011964376216314927	-0.0020419126394169555	-0.014781706408434594	-0.0020936720428428213	-0.007363363252598263	-0.0079734	-0.0032565290286838563	-0.03368399864326539	0.0019162200189969977	-0.04837661508742812	-0.005247392791907294	0.003020201244180232	-0.023022066206359368	0	/data/farneysk/ElnitskiLab/Bismark_Output/WGEmSeq/seq_files/EMseq_BAMs/CoordSorted/Pancreas/cnvkit/V15_S7.coordsort.cnr	0.090499235	0.00019413353187788929
V16_S1	/data/farneysk/ElnitskiLab/Bismark_Output/WGEmSeq/seq_files/EMseq_BAMs/CoordSorted/Pancreas/cnvkit/V16_S1.coordsort.cns	Pancreas	2697613084	310	0.1011599146485432	0.6537694395316774	0.32603381122983904	0.3277356283018384	1.07104	-26.1902	131	122	0.021056566808203413	0.05431672176724817	-0.03666730810325043	0.023305676799047804	0.05162292831075204	-0.08421195972655734	-0.014879092428225594	-0.0037962890748667964	-0.050007150306264216	-0.019492313614946376	0.09144037959505628	0.030349924638300822	0.03773962121246326	-0.16724520727810385	-0.113214	0.057432814325388284	0.031012210035928432	-0.06681044479433478	-0.0587882766662437	0.019921690408900995	-0.174056	-0.2156199729941333	12	/data/farneysk/ElnitskiLab/Bismark_Output/WGEmSeq/seq_files/EMseq_BAMs/CoordSorted/Pancreas/cnvkit/V16_S1.coordsort.cnr	0.11805587799999999	0.00030501504353099083
V16_S11	/data/farneysk/ElnitskiLab/Bismark_Output/WGEmSeq/seq_files/EMseq_BAMs/CoordSorted/Pancreas/cnvkit/V16_S11.coordsort.cns	Pancreas	2697645891	518	0.08360208291587211	0.2492081841589638	0.07591555833300435	0.17329262582595945	1.91457	-25.7739	131	202	0.002565678501301061	0.02798115975018904	-0.06106341085886124	0.006351943740808987	0.022291717624193998	-0.09642103166533957	0.023352992952904387	0.252632236440077	-0.12289157622244035	6.459412297791709e-05	0.026168405190377157	-0.011567873642575445	-0.004319479410964949	-0.0038084058114466494	-0.00991440734990469	-0.028069336620653283	-0.13504336871046416	-0.048526850352987844	-0.03099153482899656	-0.09480221788273195	-0.2612988436463571	-0.2771937767055061	8	/data/farneysk/ElnitskiLab/Bismark_Output/WGEmSeq/seq_files/EMseq_BAMs/CoordSorted/Pancreas/cnvkit/V16_S11.coordsort.cnr	0.138256737	0.00037445231804162163
V16_S3	/data/farneysk/ElnitskiLab/Bismark_Output/WGEmSeq/seq_files/EMseq_BAMs/CoordSorted/Pancreas/cnvkit/V16_S3.coordsort.cns	Pancreas	2697926243	173	0.01018617982848305	0.006104359614252064	0.001511189941006849	0.004593169673245215	0.554625	-25.9019	23	49	-0.00820306741610557	-0.004455111621737421	-0.0039018663544381207	-0.013337210781103795	-0.012575070379007063	-0.003614480110843161	-0.01482624033005215	-0.004719257877291823	-0.0193866133835395	-0.022648953721497115	-0.0042052949148578085	-0.00724438969319523	-0.011685574490272846	-0.000321302	-0.01325613665049514	-0.005566099454425215	-0.0037014011055628033	-0.008649401440748666	-0.013702776540651593	-0.004805491961462011	-0.00691264	-0.01808621103333992	0	/data/farneysk/ElnitskiLab/Bismark_Output/WGEmSeq/seq_files/EMseq_BAMs/CoordSorted/Pancreas/cnvkit/V16_S3.coordsort.cnr	0.085209875	0.00026029889292990396
V16_S5	/data/farneysk/ElnitskiLab/Bismark_Output/WGEmSeq/seq_files/EMseq_BAMs/CoordSorted/Pancreas/cnvkit/V16_S5.coordsort.cns	Pancreas	2697638437	196	0.01327346443269964	0.007978553650775995	0.0017177457647560943	0.006260807886019901	1.07927	-25.81	21	70	-0.01851157292706949	-0.0038713116272998988	-0.0014535069379438246	-0.00188979373518301	-0.005733794943924803	-0.003606212975812015	-0.003665809113463818	-0.007507620026724746	-0.07054204041114995	-0.021857265727432365	-0.002380378956002822	-0.004668381362752409	-0.00799710337101017	-0.0032407500000000006	-0.029180959869723064	-0.012764274431113613	-0.018228886599402198	-0.001575073669681759	-0.02023334578406497	-0.004263759556857238	-0.00766158	-0.028068278837716114	1	/data/farneysk/ElnitskiLab/Bismark_Output/WGEmSeq/seq_files/EMseq_BAMs/CoordSorted/Pancreas/cnvkit/V16_S5.coordsort.cnr	0.0969785587	0.0003551843832297712
V16_S6	/data/farneysk/ElnitskiLab/Bismark_Output/WGEmSeq/seq_files/EMseq_BAMs/CoordSorted/Pancreas/cnvkit/V16_S6.coordsort.cns	Pancreas	2697734157	388	0.03781918172014742	0.2302296385981519	0.055038824197976746	0.17519081440017517	0.840122	-26.0673	100	118	-0.030343748997838968	-0.005080440573693503	0.022671323430909607	0.0037791484149523936	0.014981887440358494	-0.0013099455765867062	0.016601328211220366	0.005837901611752789	-0.07992202680594798	-0.05194652590764745	0.016105750114341847	-0.01988935427926669	0.00752944912301724	0.00919967	-0.0836766	-0.01081647652805119	-0.04647746312251064	-0.009405278302032116	-0.03044879275063191	0.03583667459633424	-0.0239964	-0.10163309318501827	4	/data/farneysk/ElnitskiLab/Bismark_Output/WGEmSeq/seq_files/EMseq_BAMs/CoordSorted/Pancreas/cnvkit/V16_S6.coordsort.cnr	0.08683007	0.0003151943298466854
V16_S9	/data/farneysk/ElnitskiLab/Bismark_Output/WGEmSeq/seq_files/EMseq_BAMs/CoordSorted/Pancreas/cnvkit/V16_S9.coordsort.cns	Pancreas	2697771800	673	0.02976778727694775	0.10513296491571303	0.00855499712762955	0.09657796778808349	0.972863	-25.9343	56	349	-0.04310949617089815	-0.014927988414481515	-0.009726830038483002	-0.0035135800677426063	-0.005614310940186264	-0.0209000750534847	-0.010255740112900069	-0.01690797495502198	-0.06639340564359741	-0.0297476318380491	-0.01720039871088999	-0.026617932025090496	-0.01740993039183746	-0.025700306705099006	-0.02961180065019619	-0.01272802611818049	-0.0580693469313126	0.0035167758848538336	-0.1108042318279093	-0.026584446228366004	-0.0261124	-0.049845365903711004	3	/data/farneysk/ElnitskiLab/Bismark_Output/WGEmSeq/seq_files/EMseq_BAMs/CoordSorted/Pancreas/cnvkit/V16_S9.coordsort.cnr	0.133473535	0.0003322809890194584
V28_S7	/data/farneysk/ElnitskiLab/Bismark_Output/WGEmSeq/seq_files/EMseq_BAMs/CoordSorted/Pancreas/cnvkit/V28_S7.coordsort.cns	Pancreas	2697892116	228	0.012560141766988792	0.007611120503381908	0.0012569887357200757	0.0063541317676618315	0.83	-25.5293	24	61	-0.009937333023463365	-0.003020896807213326	-0.007235835547541345	0.0023655728481114394	0.006300112275863671	0.00015555440112055143	-0.001939411988606356	-0.0050403497062876815	-0.009394258735405487	-0.02982918462502119	-0.010607353249510398	-0.0005657354780205263	0.002655219750412641	-0.012890262141616418	-0.01284434370887673	-0.017765744307217782	-0.016818136284723385	-0.0005702509869707407	-0.017189432718953773	-0.00885423018514331	-0.00347581	-0.03866068487669586	0	/data/farneysk/ElnitskiLab/Bismark_Output/WGEmSeq/seq_files/EMseq_BAMs/CoordSorted/Pancreas/cnvkit/V28_S7.coordsort.cnr	0.100886509	0.00034209672939530675
V8_S1	/data/farneysk/ElnitskiLab/Bismark_Output/WGEmSeq/seq_files/EMseq_BAMs/CoordSorted/Pancreas/cnvkit/V8_S1.coordsort.cns	Pancreas	2697641354	885	0.025697789149404467	0.11029331328971019	0.013963055520389239	0.09633025776932096	1.15671	-25.5916	117	337	-0.01782489638948987	-0.006628650588249529	-0.0018283817714761625	0.00094906841449651	0.0030154443628564506	-0.019484557830437475	-0.012144303326118653	0.0014121759110904699	-0.006682003735872289	-0.0424986743220812	-0.009805825389704547	-0.01944237313599351	-0.0038042141493256033	-0.011494137959959617	-0.04917110451359285	-0.023149015784405876	-0.05161441458667099	-0.0030863494200507806	-0.07037772705372296	-0.014087067718171444	-0.0124727	-0.03780889075166692	2	/data/farneysk/ElnitskiLab/Bismark_Output/WGEmSeq/seq_files/EMseq_BAMs/CoordSorted/Pancreas/cnvkit/V8_S1.coordsort.cnr	0.1067871735	0.00021885465578743324
V8_S2	/data/farneysk/ElnitskiLab/Bismark_Output/WGEmSeq/seq_files/EMseq_BAMs/CoordSorted/Pancreas/cnvkit/V8_S2.coordsort.cns	Pancreas	2697616683	1799	0.029543780151869065	0.09381841519401665	0.03998967113445895	0.053828744059557704	1.25099	-25.8323	278	856	-0.022700453765195205	-0.017618795852499217	0.002206870035489254	0.010579153408660473	0.00481802994900363	-0.003080799882323701	-0.0020955151837868465	-0.03226785765491823	-0.034590641575191074	-0.03643511368963562	-0.004872718865462136	-0.008897389056010145	0.006752462587005329	-0.016490347813595135	-0.0380377	-0.02007016445376959	-0.06028570707608991	-0.01049122102157809	0.002156162862250201	-0.018403575592447922	0.0005857453568879702	-0.07849793588715329	2	/data/farneysk/ElnitskiLab/Bismark_Output/WGEmSeq/seq_files/EMseq_BAMs/CoordSorted/Pancreas/cnvkit/V8_S2.coordsort.cnr	0.11763475	0.0003406425456359218
V8_S3	/data/farneysk/ElnitskiLab/Bismark_Output/WGEmSeq/seq_files/EMseq_BAMs/CoordSorted/Pancreas/cnvkit/V8_S3.coordsort.cns	Pancreas	2697744284	488	0.015588690717831463	0.018605289722115115	0.011576493066901814	0.007028796655213301	1.13012	-26.4709	88	109	-0.00398980909461574	0.005963856317171861	0.0019611473976044115	-0.019533279833980472	-0.004706473296190847	-0.0053292390873571184	-0.009567595942594946	0.006462253235208494	-0.00917968143175805	-0.0013252517899646438	0.004908878554413688	-0.002398110004872185	-0.009220029763713037	0.0010635611552347332	0.0216672	-0.013812496211347069	0.005245282013134785	-0.010274143523584378	-0.025563988403887076	0.01680944287152534	-0.0129756	0.020122399563970238	0	/data/farneysk/ElnitskiLab/Bismark_Output/WGEmSeq/seq_files/EMseq_BAMs/CoordSorted/Pancreas/cnvkit/V8_S3.coordsort.cnr	0.09026537	0.00020104090473496773
V8_S4	/data/farneysk/ElnitskiLab/Bismark_Output/WGEmSeq/seq_files/EMseq_BAMs/CoordSorted/Pancreas/cnvkit/V8_S4.coordsort.cns	Pancreas	2697840927	271	0.01958652347459274	0.053243142530174835	0.011215062644054847	0.042028079886119986	0.910882	-25.9629	43	84	-0.020735276965119193	0.0024804605410624118	-0.001483045728645864	-0.009738400611841676	-0.014213853581898653	-0.007794900899988395	0.002667623362379602	0.010254968872928195	-0.037265033597949415	-0.03186796451138846	0.0005118466646039364	-0.01250124233847915	-0.007118904857350067	-0.004111757336602324	-0.03437209868306208	-0.009323577595737978	-0.045491430092956114	-0.004752730729907562	-0.028768517979701362	0.003023670929916741	-0.028853816896486535	-0.06893048418210583	1	/data/farneysk/ElnitskiLab/Bismark_Output/WGEmSeq/seq_files/EMseq_BAMs/CoordSorted/Pancreas/cnvkit/V8_S4.coordsort.cnr	0.0941444	0.00029120029781683394
V8_S6	/data/farneysk/ElnitskiLab/Bismark_Output/WGEmSeq/seq_files/EMseq_BAMs/CoordSorted/Pancreas/cnvkit/V8_S6.coordsort.cns	Pancreas	2697598483	253	0.01228957421292873	0.0049001384317578596	0.00379143118016055	0.001108707251597309	0.885995	-25.0144	30	79	-0.01747727969002817	-0.00561089248921098	-0.00728128574999818	-0.0020429061066774283	0.0023043597015928235	-0.007293313284590312	-0.005654472315220503	-0.004194486760473776	-0.010691630493054625	-0.007346795329148015	-0.0016880296217202083	-0.009085024526019947	0.0008537056952770306	-0.008187385495770302	-0.004647026312362781	-0.016320276393802784	-0.025545001908537337	0.0008156072065182814	-0.03718008789740475	-0.00905918764340589	-0.03460702094260657	-0.03832371257433161	0	/data/farneysk/ElnitskiLab/Bismark_Output/WGEmSeq/seq_files/EMseq_BAMs/CoordSorted/Pancreas/cnvkit/V8_S6.coordsort.cnr	0.09969119	0.00030719631917006823
V8_S7	/data/farneysk/ElnitskiLab/Bismark_Output/WGEmSeq/seq_files/EMseq_BAMs/CoordSorted/Pancreas/cnvkit/V8_S7.coordsort.cns	Pancreas	2697669964	445	0.01795193410190478	0.02171785125009458	0.0028991404079702315	0.01881871084212435	1.0961	-26.1185	37	134	-0.02154950814387811	-0.008375386613070772	-0.00441246687545592	-0.0005334139886160015	-0.009744327802659995	-0.004717765986441341	-0.008570991968789266	-0.0064917815441154336	-0.06018809802096238	-0.011771360875498425	-0.0022686956852729615	-0.006396279663402561	-0.002905762388316658	-0.015346794956268452	-0.03021514693510672	-0.008860226119240847	-0.025813545416277395	-0.0019821392152631454	-0.03490009027988555	-0.008555759160965693	-0.02405981540984813	-0.04184880966962648	1	/data/farneysk/ElnitskiLab/Bismark_Output/WGEmSeq/seq_files/EMseq_BAMs/CoordSorted/Pancreas/cnvkit/V8_S7.coordsort.cnr	0.09467020000000001	0.0003119224163880693
V8_S8	/data/farneysk/ElnitskiLab/Bismark_Output/WGEmSeq/seq_files/EMseq_BAMs/CoordSorted/Pancreas/cnvkit/V8_S8.coordsort.cns	Pancreas	2697710734	500	0.35116709474521385	0.8949497707710867	0.4082510979103366	0.4866986728607501	1.23207	-27.1373	193	254	-0.46946592044964214	-0.6086769958317665	-0.6222408706166926	-0.050916445788727005	0.060771210696869145	-0.6073309472665508	0.010440023897841811	-0.6213389086355329	-0.011345184358416178	-0.6813641538569093	-0.25035556917003937	0.09874858388323454	0.07842629586343401	0.2751601834955409	0.05661829514642994	-0.6378154553889878	0.06518150670667693	0.08194595822578021	-0.16304148085580697	0.08663550774811284	-0.35391903335310493	-0.6670025137206286	20	/data/farneysk/ElnitskiLab/Bismark_Output/WGEmSeq/seq_files/EMseq_BAMs/CoordSorted/Pancreas/cnvkit/V8_S8.coordsort.cnr	0.3456785	0.0004420718628530213
V14_S1	/data/farneysk/ElnitskiLab/Bismark_Output/WGEmSeq/seq_files/EMseq_BAMs/CoordSorted/Prostate/cnvkit/V14_S1.coordsort.cns	Prostate	2697794712	277	0.012423974874063258	0.02323047106632478	0.0009678686774740776	0.022262602388850704	1.74819	-26.5212	33	83	-0.002805136053586551	-0.0056217467089725364	-0.003567767207848857	-0.008080459982494485	-0.00035502328912821203	-0.003663048229384142	-0.010173093498268893	-0.004348135972502488	-0.016019061690717894	-0.023082699709138992	-0.00264611104400644	-0.016568571469612242	-0.006479662806767187	-0.013043216818083002	-0.006785589999999999	-0.012690943813714578	-0.04340742019668576	-0.004963700660854224	-0.049269055956813405	-0.00593069898970857	-0.0241401	-0.031675836434064984	0	/data/farneysk/ElnitskiLab/Bismark_Output/WGEmSeq/seq_files/EMseq_BAMs/CoordSorted/Prostate/cnvkit/V14_S1.coordsort.cnr	0.098192197	0.000265024990147905
V14_S10	/data/farneysk/ElnitskiLab/Bismark_Output/WGEmSeq/seq_files/EMseq_BAMs/CoordSorted/Prostate/cnvkit/V14_S10.coordsort.cns	Prostate	2697661628	283	0.014010501840887967	0.005732531774737465	0.0015665018756014274	0.004166029899136038	0.786188	-25.2036	30	87	-0.007562277451604401	0.0022476149808293563	-0.0028405943962131306	-0.005609761640465984	-0.0021115842998372064	-0.003983819961190995	-0.004953843297170522	-0.03490202477806421	-0.02577491565077326	-0.019578493659497695	-0.004369127204559734	-0.007142192684790318	-0.004717569670037009	-0.016512295808898837	-0.007655752158634271	-0.016032543035738856	-0.0393097648116655	0.00015869913945364911	-0.04657012355870656	-0.004302053033415788	-0.032066746132894425	-0.029354039846926392	0	/data/farneysk/ElnitskiLab/Bismark_Output/WGEmSeq/seq_files/EMseq_BAMs/CoordSorted/Prostate/cnvkit/V14_S10.coordsort.cnr	0.10554649999999999	0.0003250100702225337
V14_S11	/data/farneysk/ElnitskiLab/Bismark_Output/WGEmSeq/seq_files/EMseq_BAMs/CoordSorted/Prostate/cnvkit/V14_S11.coordsort.cns	Prostate	2697530355	274	0.014624882548433377	0.01934399511140997	0.0011236377727434322	0.01822035733866654	0.93784	-25.2205	25	89	-0.01528379302075725	-0.0009185101257274747	-0.0001240560402670276	-0.018425588951024207	0.0008377191605942911	-0.0026313857325604736	-0.005198341873877302	-0.0025390050342542943	-0.02407340765076672	-0.013777689163753453	-0.008131625465921903	-0.012472927236928485	-0.006077977607908835	-0.020211197985594568	-0.02955827298681358	-0.009840206629715558	-0.023225962345032804	0.0011689147301667223	-0.04297722780481605	-0.00444771086155592	-0.0153078	-0.024820821844819936	0	/data/farneysk/ElnitskiLab/Bismark_Output/WGEmSeq/seq_files/EMseq_BAMs/CoordSorted/Prostate/cnvkit/V14_S11.coordsort.cnr	0.106955315	0.0003559114751094637
V14_S12	/data/farneysk/ElnitskiLab/Bismark_Output/WGEmSeq/seq_files/EMseq_BAMs/CoordSorted/Prostate/cnvkit/V14_S12.coordsort.cns	Prostate	2697521784	662	0.027259847505491007	0.0973447530831877	0.028974695019552806	0.0683700580636349	1.16282	-25.7707	141	196	0.005254279438000407	0.0023857827658788737	-0.018667848792995715	-0.017295951028381874	-0.010278494340065758	-0.004447848923016976	-0.017078601072312447	-0.03468549598078319	-0.017433272001470948	0.003830397079903364	-0.004681381706062075	-0.023041983819960896	-0.02205470978261468	-0.005317819548488701	0.0112169	-0.03702163674974056	-0.008237727531866901	-0.013202880244462681	-0.09171259435782989	0.008324416979804601	-0.024102183786204833	-0.049154978551204646	1	/data/farneysk/ElnitskiLab/Bismark_Output/WGEmSeq/seq_files/EMseq_BAMs/CoordSorted/Prostate/cnvkit/V14_S12.coordsort.cnr	0.111288758	0.00036463657766577334
V14_S2	/data/farneysk/ElnitskiLab/Bismark_Output/WGEmSeq/seq_files/EMseq_BAMs/CoordSorted/Prostate/cnvkit/V14_S2.coordsort.cns	Prostate	2697696378	265	0.0161800711690613	0.008995030425918451	0.002938184987992003	0.006056845437926447	1.45911	-25.767	32	83	-0.027092867982928214	-0.007258976808415022	-0.0033727930094759645	0.000319469194467312	-0.0031247112790731635	-0.005255367599118912	-0.010466060171610248	-0.02978167269843169	-0.01998124760445919	-0.05147332549767957	-0.0041353865070671006	-0.008031785479340987	-0.0022548442425139943	-0.00662842	-0.019798291563452763	-0.018608876039822232	-0.024787468407720652	-0.004319875729436737	-0.026124046017544474	-0.008280552860807967	-0.033606662478624164	-0.03851507561959943	1	/data/farneysk/ElnitskiLab/Bismark_Output/WGEmSeq/seq_files/EMseq_BAMs/CoordSorted/Prostate/cnvkit/V14_S2.coordsort.cnr	0.0957293285	0.0004180778308231698
V14_S3	/data/farneysk/ElnitskiLab/Bismark_Output/WGEmSeq/seq_files/EMseq_BAMs/CoordSorted/Prostate/cnvkit/V14_S3.coordsort.cns	Prostate	2697866107	155	0.012158604760452479	0.00921826362526745	0.0004040686071008193	0.00881419501816663	0.930567	-25.9989	9	59	-0.014488803610227061	-0.0005976200783436472	-0.0031575300297237603	-0.012588590536197595	-0.0048988039072916335	-0.0068988493415628625	-0.013657983963690477	-0.009055525025789986	-0.024273732399454566	-0.009574900365009091	-0.018155652750552004	-0.004141493579649917	-0.005314276317223321	-0.0061413142310283355	-0.02553770430590292	-0.01725999172023219	-0.019622176035602318	-0.004992719014552246	-0.04177304475281678	-0.0015906082708848166	-0.04974788003227285	-0.01811777085961036	0	/data/farneysk/ElnitskiLab/Bismark_Output/WGEmSeq/seq_files/EMseq_BAMs/CoordSorted/Prostate/cnvkit/V14_S3.coordsort.cnr	0.090640745	0.00033046325932022726
V14_S4	/data/farneysk/ElnitskiLab/Bismark_Output/WGEmSeq/seq_files/EMseq_BAMs/CoordSorted/Prostate/cnvkit/V14_S4.coordsort.cns	Prostate	2697743967	228	0.016704932894037065	0.026580934987593653	0.0011290734173662967	0.025451861570227358	1.09663	-25.6576	24	81	-0.02383833690309269	-0.005331105749152537	-0.002143857662744291	-0.01701664516511637	-0.017955115646126153	-0.006623602855085213	-0.01563308145336301	-0.0046458066449736515	-0.01663531498714102	-0.015468376456249683	-0.0019887915416763624	-0.006493116290436399	-0.0023556824047618443	-0.00944813	-0.0332419288207877	-0.02547171430962768	-0.026585641027382378	-0.005700467369695957	-0.06553982426311117	-0.008268953254597077	-0.037909048433866485	-0.0599115669445387	2	/data/farneysk/ElnitskiLab/Bismark_Output/WGEmSeq/seq_files/EMseq_BAMs/CoordSorted/Prostate/cnvkit/V14_S4.coordsort.cnr	0.09807144699999999	0.00040608081480824406
V14_S5	/data/farneysk/ElnitskiLab/Bismark_Output/WGEmSeq/seq_files/EMseq_BAMs/CoordSorted/Prostate/cnvkit/V14_S5.coordsort.cns	Prostate	2697756702	393	0.024607814622196647	0.059786926997688915	0.01074482475699545	0.04904210224069346	0.664022	-25.8309	54	138	-0.0056860762795372995	0.0019233646716639709	-0.003998667572533492	-0.03038220899705376	-0.015793635457754404	-0.007715166698687189	-0.02318364836160907	-0.022008513542131746	-0.03819413854275704	-0.007170739060454224	-0.0022773113068400674	-0.02495242850719116	-0.025420619943676934	-0.003850830901853583	0.008586015214860434	-0.026971691140851253	-0.00011702923779926754	-0.012797596145963885	-0.08689301999092221	0.009605749994779755	-0.04982216677771341	-0.007894666818540947	1	/data/farneysk/ElnitskiLab/Bismark_Output/WGEmSeq/seq_files/EMseq_BAMs/CoordSorted/Prostate/cnvkit/V14_S5.coordsort.cnr	0.111139	0.00032937262150068856
V14_S6	/data/farneysk/ElnitskiLab/Bismark_Output/WGEmSeq/seq_files/EMseq_BAMs/CoordSorted/Prostate/cnvkit/V14_S6.coordsort.cns	Prostate	2697387343	330	0.014528546422829644	0.022562249414395653	0.000967720118793484	0.02159452929560217	1.1057	-25.5088	32	100	-0.013483918257463211	-1.4986580491595525e-05	-0.00011822786694757804	0.004386300200265009	0.004599685994892057	-0.004767455435752889	-0.008734670092344684	-0.0027981335144770534	-0.015533679009073716	-0.022151312588689572	-0.0010857832860368224	-0.005490680292179605	-0.0008101403389810596	-0.0055758	-0.010317	-0.025418993001437167	-0.035166775019206356	0.00044156450375411733	-0.07072278383592631	-0.006127931801814249	-0.04834753895294139	-0.028699441562253278	1	/data/farneysk/ElnitskiLab/Bismark_Output/WGEmSeq/seq_files/EMseq_BAMs/CoordSorted/Prostate/cnvkit/V14_S6.coordsort.cnr	0.107495537	0.00024321223375713095
V14_S7	/data/farneysk/ElnitskiLab/Bismark_Output/WGEmSeq/seq_files/EMseq_BAMs/CoordSorted/Prostate/cnvkit/V14_S7.coordsort.cns	Prostate	2697688787	300	0.013751027581648353	0.004282734930610066	0.0007175712815089816	0.003565163649101085	1.32159	-25.5728	22	89	-0.01314541751856457	-0.0049433314400008956	-0.003934022351688237	-0.0031688368462324404	-0.0010357417850325051	-0.009340537276034178	-0.008784221457185517	-0.034519677283593626	-0.008885374735953204	-0.010207112898760458	-0.009016242528316721	-0.004915910687076313	-0.00294391301308527	-0.00323309	-0.00595737	-0.015566830625961193	-0.020305369308472203	0.0007975787948827179	-0.030608100074011463	-0.009162182488409026	-0.022609189527712244	-0.03396279772733815	0	/data/farneysk/ElnitskiLab/Bismark_Output/WGEmSeq/seq_files/EMseq_BAMs/CoordSorted/Prostate/cnvkit/V14_S7.coordsort.cnr	0.103743988	0.00032101106488422517
V14_S9	/data/farneysk/ElnitskiLab/Bismark_Output/WGEmSeq/seq_files/EMseq_BAMs/CoordSorted/Prostate/cnvkit/V14_S9.coordsort.cns	Prostate	2697615514	326	0.013835434471562491	0.027129012129487626	0.002126967675794587	0.02500204445369304	1.43712	-25.8619	38	104	-0.010509841911800948	-0.001982994779797739	-0.0011111883562067127	-0.011316924421028126	-0.002156692735291074	-0.004950905268706843	-0.013690041356207164	-0.00536647672539478	-0.017525934823984523	-0.00726987545845554	-0.016517064089441532	-0.007049680495651932	-0.007789331812288299	-0.010195719727545561	-0.0186145	-0.014048257543109606	-0.014422770016145331	-0.004676620013921452	-0.07190918245067444	0.0005582850772772192	-0.02987802930306059	-0.019827130214060733	1	/data/farneysk/ElnitskiLab/Bismark_Output/WGEmSeq/seq_files/EMseq_BAMs/CoordSorted/Prostate/cnvkit/V14_S9.coordsort.cnr	0.101209055	0.0003166485136060703
V15_S11	/data/farneysk/ElnitskiLab/Bismark_Output/WGEmSeq/seq_files/EMseq_BAMs/CoordSorted/Prostate/cnvkit/V15_S11.coordsort.cns	Prostate	2697364282	255	0.011661883151893563	0.006174013317790348	0.0016207410430891143	0.004553272274701234	0.841782	-25.8953	33	86	-0.011211411692128803	-0.0042259404395892505	-0.016064577299124153	-0.005868183869592361	-0.001736665904117505	-0.004745666940383831	-0.004383270148226429	-0.013188979454938306	-0.014457510370856647	-0.015246267790169873	-0.0033153661227155224	-0.02120817945638051	-0.013669927279376336	-0.00102616861902488	-0.008236771491238217	0.0022269979427432607	-0.020220799411826904	-0.004872205651414749	-0.008156258269145001	-0.0023900472180736943	-0.007233596287421841	-0.0322192903503423	0	/data/farneysk/ElnitskiLab/Bismark_Output/WGEmSeq/seq_files/EMseq_BAMs/CoordSorted/Prostate/cnvkit/V15_S11.coordsort.cnr	0.09604839200000001	0.00036572721548531204
V25_S11	/data/farneysk/ElnitskiLab/Bismark_Output/WGEmSeq/seq_files/EMseq_BAMs/CoordSorted/Prostate/cnvkit/V25_S11.coordsort.cns	Prostate	2696520249	232	0.010369111147178983	0.008051388454453991	0.0009519750504198791	0.0070994134040341115	0.961138	-25.8409	20	79	-0.008532203014339629	-0.007415504761635235	-0.0023517995014719828	-0.02133618986157748	-0.003000504460252159	-0.002224314598846908	-0.002281463773750375	-0.003259869366516132	-0.014104186761256533	-0.01647134229909298	-0.0033497859568312263	-0.0017388074742686	-0.008026026298541721	-0.003144707053809225	-0.0094391	-0.009640185356868187	-0.014172479482450887	-0.007262963439319049	-0.023260739278496638	-0.0014162678743311168	-0.03669847525823322	-0.00955518917013291	0	/data/farneysk/ElnitskiLab/Bismark_Output/WGEmSeq/seq_files/EMseq_BAMs/CoordSorted/Prostate/cnvkit/V25_S11.coordsort.cnr	0.07489485	0.00033664354029761326
V25_S5	/data/farneysk/ElnitskiLab/Bismark_Output/WGEmSeq/seq_files/EMseq_BAMs/CoordSorted/Prostate/cnvkit/V25_S5.coordsort.cns	Prostate	2697703947	261	0.01688039416929718	0.023284648068908356	0.0028739139476819694	0.020410734121226386	0.75657	-25.0437	22	91	-0.021338571529884345	-0.006269301757286343	-0.007747331653279735	-0.006881426053726545	-0.0052049488080566165	-0.011115493947908773	-0.015470538051737495	-0.011349169394015314	-0.05628265277506167	-0.012538793204302857	-0.006017005004922504	-0.02276677111230077	-0.0160300419771217	-0.005963208980694106	0.014668474596953548	-0.011572758795991922	-0.02136355576144466	-0.0024036326112654295	-0.05293480462164959	-0.004834960261003595	-0.05090766939985661	-0.029990436919417003	3	/data/farneysk/ElnitskiLab/Bismark_Output/WGEmSeq/seq_files/EMseq_BAMs/CoordSorted/Prostate/cnvkit/V25_S5.coordsort.cnr	0.11283159	0.0003537301994703863
V25_S6	/data/farneysk/ElnitskiLab/Bismark_Output/WGEmSeq/seq_files/EMseq_BAMs/CoordSorted/Prostate/cnvkit/V25_S6.coordsort.cns	Prostate	2697404325	300	0.014624088700767228	0.014746303930538853	0.0012007146907796256	0.013545589239759227	0.778703	-25.4765	30	107	-0.01915369648810147	-0.0064482486175123374	-9.384678559662938e-05	-0.004070819030635347	-0.0056507632242197734	-0.011465452671144764	-0.014625409198368338	-0.017086533654696024	-0.05063604763399898	-0.011721964101888898	-0.0032269177378137573	-0.0076821801974259665	-0.010851714900648977	-0.015051713100387587	-0.010186963117137793	-0.015092702778162645	-0.022786443962920202	0.0015163157651500812	-0.044523971269352335	-0.0037752086462459282	-0.006228239963098739	-0.036816329836049114	1	/data/farneysk/ElnitskiLab/Bismark_Output/WGEmSeq/seq_files/EMseq_BAMs/CoordSorted/Prostate/cnvkit/V25_S6.coordsort.cnr	0.098739764	0.0003708168586431593
V2_S1	/data/farneysk/ElnitskiLab/Bismark_Output/WGEmSeq/seq_files/EMseq_BAMs/CoordSorted/Prostate/cnvkit/V2_S1.coordsort.cns	Prostate	2697797962	192	0.1561746706957532	0.6267817719553901	0.04774850964173128	0.5790332623136587	2.33148	-21.8193	37	121	-0.08557073469235396	-0.07844042422668451	-0.10652403824905628	-0.13903761285663552	-0.24445282983530428	-0.06829463835623545	-0.03504461684112073	-0.22966188893035383	-0.22488019430959308	-0.15829543461063617	-0.12073664520825937	-0.04143820191796629	-0.6287346583511579	-0.0530135	-0.0323274	0.0033570362892664726	-0.05706737734174943	-0.7171395654848305	0.2370024058028391	-0.013494033820162612	-0.0488015	0.002028028133254502	15	/data/farneysk/ElnitskiLab/Bismark_Output/WGEmSeq/seq_files/EMseq_BAMs/CoordSorted/Prostate/cnvkit/V2_S1.coordsort.cnr	0.5004808999999999	0.0042902056361254146
V32_S1	/data/farneysk/ElnitskiLab/Bismark_Output/WGEmSeq/seq_files/EMseq_BAMs/CoordSorted/Prostate/cnvkit/V32_S1.coordsort.cns	Prostate	2697934557	223	0.011432833741354474	0.005628265133637932	0.00427182303962757	0.0013564420940103627	0.673113	-25.8697	47	61	-0.020764151160321254	-0.007306439731516786	-0.009403167970345292	-0.0035430627685883354	-0.0014227353848383344	-0.0057505226427876826	-0.0004202056543192828	0.0012491814423919328	-0.004621396202097338	-0.012299254165209108	-0.005352177448048389	-0.017438902603695648	-0.0038264709882516665	-0.0097279	-0.0070739800000000005	0.005541734230181166	-0.021050359782402595	0.0010359794522722813	-0.0068026381221431564	-0.011045501259507956	-0.03863810329809755	-0.013172556078175572	0	/data/farneysk/ElnitskiLab/Bismark_Output/WGEmSeq/seq_files/EMseq_BAMs/CoordSorted/Prostate/cnvkit/V32_S1.coordsort.cnr	0.09514106	0.00027375009270421465
V32_S2	/data/farneysk/ElnitskiLab/Bismark_Output/WGEmSeq/seq_files/EMseq_BAMs/CoordSorted/Prostate/cnvkit/V32_S2.coordsort.cns	Prostate	2697733041	218	0.013541798073887059	0.007648789441505009	0.0022957519909769307	0.005353037450528078	1.206	-25.6389	31	64	-0.02621979409491071	-0.006686535302959709	-0.00824742387952205	-0.0036739737916233425	-0.0063779987494261715	-0.010901411675453714	0.0006683475694583826	-0.013201382310111469	-0.022507823781170853	-0.04381472785828421	-0.009631355264485286	-0.007462101352628867	-0.00432490272880231	-0.010834991647673847	-0.0122531	0.005967873495794683	0.0014218417925757924	-0.003255465112516681	0.019922625537215553	-0.007502540937078469	0.00225306	0.0010486595994225467	0	/data/farneysk/ElnitskiLab/Bismark_Output/WGEmSeq/seq_files/EMseq_BAMs/CoordSorted/Prostate/cnvkit/V32_S2.coordsort.cnr	0.091084339	0.0003042879516512984
V32_S3	/data/farneysk/ElnitskiLab/Bismark_Output/WGEmSeq/seq_files/EMseq_BAMs/CoordSorted/Prostate/cnvkit/V32_S3.coordsort.cns	Prostate	2697642987	292	0.015072331723261521	0.01569734549903953	0.009610094488014621	0.006087251011024907	0.969591	-25.419	54	86	-0.015124261817925708	-0.005891256669598415	-0.010713895652382085	0.0018679419220626909	-0.008707496699410417	-0.011842006371689303	0.0028435802132863296	-0.002348209648776084	-0.010798963110388667	-0.011265579930356522	-0.007493162486740684	-0.022896900110588866	-0.002364998959407251	-0.004413863189785719	-0.0189651	0.012665950326441154	-0.005967212406248649	-0.000245503540901019	0.007936975328046955	-0.008152801802731546	-0.03631189735784149	0.004498234917611759	0	/data/farneysk/ElnitskiLab/Bismark_Output/WGEmSeq/seq_files/EMseq_BAMs/CoordSorted/Prostate/cnvkit/V32_S3.coordsort.cnr	0.117159774	0.00028102101150113935
V32_S4	/data/farneysk/ElnitskiLab/Bismark_Output/WGEmSeq/seq_files/EMseq_BAMs/CoordSorted/Prostate/cnvkit/V32_S4.coordsort.cns	Prostate	2696524327	542	0.020508885661936923	0.03547506471281318	0.00924614910770653	0.026228915605106647	1.01076	-25.6354	59	195	-0.022529572935243818	-0.007655027912564346	-0.008436474238932864	0.007083047489750315	-0.0029140426129377114	-0.01233243509192101	0.002914050817862122	-0.023612024627014158	-0.0018199197716404869	-0.02763679760488403	-0.0034633570403906646	-0.005465232803312331	0.005597294485944954	-0.022020398577730443	-0.0293889	0.004616947619846624	-0.04083770740425577	0.0075618755946763785	7.613507438260403e-05	-0.014619573938904373	0.003497460513889839	-0.04745091048516517	0	/data/farneysk/ElnitskiLab/Bismark_Output/WGEmSeq/seq_files/EMseq_BAMs/CoordSorted/Prostate/cnvkit/V32_S4.coordsort.cnr	0.113552	0.00036572721548531204
V32_S5	/data/farneysk/ElnitskiLab/Bismark_Output/WGEmSeq/seq_files/EMseq_BAMs/CoordSorted/Prostate/cnvkit/V32_S5.coordsort.cns	Prostate	2697796559	185	0.011691349337159354	0.013049051783596704	0.011014094039401583	0.0020349577441951213	0.775426	-25.5233	17	50	-0.01670916616562525	-0.012535493602870328	-0.013103017860434102	-0.0015500285131692432	-0.00733077599977198	-0.014820148905118874	-0.0005917834284977109	-0.005793049245133245	-0.009129391046046098	-0.015788540719670154	-0.008002495567601806	-0.002765207589937613	-0.0006386570422744349	-0.00529091	-0.0110607	0.002126440565892843	-0.007754241071040847	-0.002065655095297803	0.030386750640640073	-0.009196698529264656	0.0024975	-0.010541779775722442	0	/data/farneysk/ElnitskiLab/Bismark_Output/WGEmSeq/seq_files/EMseq_BAMs/CoordSorted/Prostate/cnvkit/V32_S5.coordsort.cnr	0.10944909	0.00020976600729127737
V32_S6	/data/farneysk/ElnitskiLab/Bismark_Output/WGEmSeq/seq_files/EMseq_BAMs/CoordSorted/Prostate/cnvkit/V32_S6.coordsort.cns	Prostate	2697099815	721	0.028030545945620548	0.04835876272528683	0.015965968986579756	0.03239279373870707	1.09448	-25.8351	74	325	-0.0178959850734683	-0.023099361996079554	-0.01468653555932412	0.004162067882387088	-0.008288033345878498	-0.01277505100292932	0.003185186994431988	0.0025979489811911727	-0.1572810098795711	-0.03430654182813894	-0.005168864232764846	-0.002167017946351556	-0.000947555814633396	-0.011562100546372796	-0.022689806179906593	0.017976856510773832	-0.005694212465663219	0.011881199834673914	0.03510167404283284	-0.0056694799111061105	-0.026701701335814947	0.021613482020977615	1	/data/farneysk/ElnitskiLab/Bismark_Output/WGEmSeq/seq_files/EMseq_BAMs/CoordSorted/Prostate/cnvkit/V32_S6.coordsort.cnr	0.136597705	0.00047515454337902866
V36_S1	/data/farneysk/ElnitskiLab/Bismark_Output/WGEmSeq/seq_files/EMseq_BAMs/CoordSorted/Prostate/cnvkit/V36_S1.coordsort.cns	Prostate	2697536036	289	0.018464550701642886	0.012218552249212658	0.005816510619545251	0.006402041629667408	2.879	-26.1321	41	88	-0.013344491477350182	-0.015964186204062942	-0.011804126238602804	-0.005258449749574258	-0.008362116347135464	-0.023633477089450333	-0.001592497103719837	-0.03634715522838422	-0.025269354379350756	-0.024812875210919082	-0.012351402952939107	-0.020815065897986453	0.004547658839842786	-0.013186110327059032	-0.014455200000000001	0.012787652339575706	-0.00025151308147852003	-0.00388967897412554	0.03374728766602416	-0.006409243014270815	0.007539337378194983	-0.009598403876449974	0	/data/farneysk/ElnitskiLab/Bismark_Output/WGEmSeq/seq_files/EMseq_BAMs/CoordSorted/Prostate/cnvkit/V36_S1.coordsort.cnr	0.108756911	0.0003708168586431593
V36_S10	/data/farneysk/ElnitskiLab/Bismark_Output/WGEmSeq/seq_files/EMseq_BAMs/CoordSorted/Prostate/cnvkit/V36_S10.coordsort.cns	Prostate	2697662399	351	0.017807601568080506	0.023439748807500802	0.0189279948517383	0.004511753955762498	1.57791	-25.6575	84	84	-0.016850385806841787	-0.007567251168525825	-0.0019535162866084685	-0.01106723278878709	-0.00464012415302845	-0.008978807303389088	0.008537045574062624	0.008364900320793248	0.0024112544210434573	-0.013802198998861318	-0.008344079248421454	-0.0033448804034654374	-0.010349630420857701	-0.019603847571736152	-0.0226488	0.010631177895637096	0.0005300189344910165	-0.00015789644674446763	0.041035891425560383	-0.01672016518583409	-0.00904824	-0.0039106059800918525	0	/data/farneysk/ElnitskiLab/Bismark_Output/WGEmSeq/seq_files/EMseq_BAMs/CoordSorted/Prostate/cnvkit/V36_S10.coordsort.cnr	0.117840186	0.00026938754142605986
V36_S12	/data/farneysk/ElnitskiLab/Bismark_Output/WGEmSeq/seq_files/EMseq_BAMs/CoordSorted/Prostate/cnvkit/V36_S12.coordsort.cns	Prostate	2697696725	285	0.01726163640861056	0.02284483516211408	0.016895852516557435	0.005948982645556646	1.01937	-25.6422	64	79	-0.00984118009257185	-0.006345031832145959	-0.016589017739623308	-0.006767475882868809	-0.012733790802828694	-0.01080676993412392	-0.0007431345611647999	-0.005000998882514645	-0.027008507798008247	-0.007337025184970656	-0.0089592576419603	-0.013472833346901681	-0.002866851418641983	-0.016614642568013496	-0.00693096	0.008057257426708932	0.011844266126079004	-0.004036441935649285	0.03031726614318238	-0.006644628334957431	-0.042322721373725974	0.032160759652547145	0	/data/farneysk/ElnitskiLab/Bismark_Output/WGEmSeq/seq_files/EMseq_BAMs/CoordSorted/Prostate/cnvkit/V36_S12.coordsort.cnr	0.13008917	0.0002857471087191404
V36_S2	/data/farneysk/ElnitskiLab/Bismark_Output/WGEmSeq/seq_files/EMseq_BAMs/CoordSorted/Prostate/cnvkit/V36_S2.coordsort.cns	Prostate	2697768279	639	0.02058788232149891	0.039247056103442306	0.009944834479981667	0.02930222162346064	1.10734	-26.0476	84	224	-0.02049026010139211	-0.014370161374995567	-0.018106572310634055	-0.003063091236408108	-0.0037523996637649193	-0.012213554535095544	-0.005789264678423028	-0.021363379438448085	-0.021811261074955682	-0.005935210734645695	-0.007798772302463331	-0.012460843927291356	-0.0023037414459736883	-0.002450831382741481	-0.02154575070304816	0.00238649610325657	-0.01542491083953967	0.009710217708807789	-0.009144725408492151	-0.009876187112850248	0.00307309	-0.0018901250133287223	0	/data/farneysk/ElnitskiLab/Bismark_Output/WGEmSeq/seq_files/EMseq_BAMs/CoordSorted/Prostate/cnvkit/V36_S2.coordsort.cnr	0.10491081000000001	0.0003384612699968444
V36_S3	/data/farneysk/ElnitskiLab/Bismark_Output/WGEmSeq/seq_files/EMseq_BAMs/CoordSorted/Prostate/cnvkit/V36_S3.coordsort.cns	Prostate	2697542442	525	0.02116940632596925	0.024721087224324756	0.011454748410590531	0.013266338813734223	1.98041	-26.2098	80	154	-0.01096277506744258	-0.007232390901639905	-0.012438482368152965	-0.02410299796997769	-0.011584234524569347	-0.015523172398518678	-0.007843631939737646	-0.001653571495329598	-0.016378515040901008	-0.03351518434870135	-0.020526463486733332	-0.02040530351226054	-0.01066522204635758	-0.01608894310380256	-0.00784916	-0.007907661333230346	-0.0036041306262368554	-0.00595323511141155	-0.03787609095205227	-0.016290873754266424	-0.03454630206903545	-0.034179170436184174	0	/data/farneysk/ElnitskiLab/Bismark_Output/WGEmSeq/seq_files/EMseq_BAMs/CoordSorted/Prostate/cnvkit/V36_S3.coordsort.cnr	0.09403556049999999	0.00042607584149978694
V37_S1	/data/farneysk/ElnitskiLab/Bismark_Output/WGEmSeq/seq_files/EMseq_BAMs/CoordSorted/Prostate/cnvkit/V37_S1.coordsort.cns	Prostate	2697827369	416	0.017411620080144033	0.03094143085624542	0.016603079765108573	0.014338351091136847	0.826754	-25.5204	53	118	-0.023878888217363396	-0.011250533181118995	-0.011807889218488521	-0.00807980869563001	-0.004101170347407773	-0.01785986626227373	0.0024693825376589946	-0.007385250431454323	-0.019955338065514423	-0.017630372330060904	-0.010383297301349742	-0.016602099045898384	-0.002514181477716366	-0.01398707417581317	-0.013475899999999999	0.01012150980783764	0.006292886286842404	-0.0030607078226515976	0.043113072806518896	-0.007276890674799763	0.00601052	0.008950240473659532	0	/data/farneysk/ElnitskiLab/Bismark_Output/WGEmSeq/seq_files/EMseq_BAMs/CoordSorted/Prostate/cnvkit/V37_S1.coordsort.cnr	0.10474378899999999	0.000295926395034835
V37_S10	/data/farneysk/ElnitskiLab/Bismark_Output/WGEmSeq/seq_files/EMseq_BAMs/CoordSorted/Prostate/cnvkit/V37_S10.coordsort.cns	Prostate	2697827248	266	0.019436123227422	0.026126342245320816	0.01519926749587044	0.010927074749450377	0.961433	-25.7414	48	87	-0.021296264421080107	-0.010161156390888755	-0.011483437748973953	-0.016359811392483655	-0.010072801314938273	-0.00868192756041148	-0.0011717306271976369	-0.03186053520650779	-0.03376713969123829	-0.022258013872518568	-0.026230153766031127	-0.006636711623066434	-0.002840456508215605	-0.00919365	-0.0215677	0.004617328068849924	-0.004720680566140111	-0.0022487701850452315	0.0006388257843311842	-0.010067815885675018	-0.016085173810410944	-0.03317540937351259	0	/data/farneysk/ElnitskiLab/Bismark_Output/WGEmSeq/seq_files/EMseq_BAMs/CoordSorted/Prostate/cnvkit/V37_S10.coordsort.cnr	0.106321889	0.0004213497442817859
V37_S12	/data/farneysk/ElnitskiLab/Bismark_Output/WGEmSeq/seq_files/EMseq_BAMs/CoordSorted/Prostate/cnvkit/V37_S12.coordsort.cns	Prostate	2697785470	475	0.02127089314954679	0.07178354474568358	0.01665694900491847	0.05512659574076511	1.25457	-25.6877	67	119	-0.0561058586098692	-0.010775107317918923	-0.013601578664510453	0.011035905429443296	0.002186236891973223	-0.004785265828932837	0.007852557536281385	-0.00026167114319518406	-0.0055315008099997304	-0.014192031145825538	-0.010751860024768134	-0.005993018632864451	0.00851256195717056	-0.00459603	-0.026773121822886516	-9.409054190262016e-05	-0.012832528770610321	0.004104666136830372	0.025971055550873912	-0.012419936876079155	0.025270179187832007	-0.019205864200951956	1	/data/farneysk/ElnitskiLab/Bismark_Output/WGEmSeq/seq_files/EMseq_BAMs/CoordSorted/Prostate/cnvkit/V37_S12.coordsort.cnr	0.105823233	0.0002795668277417544
V37_S13	/data/farneysk/ElnitskiLab/Bismark_Output/WGEmSeq/seq_files/EMseq_BAMs/CoordSorted/Prostate/cnvkit/V37_S13.coordsort.cns	Prostate	2697784562	285	0.016727157200700508	0.01067529980179344	0.008476930783177935	0.002198369018615505	1.30773	-25.491	64	70	-0.024368837646050568	-0.013735790407944858	-0.011393422968319489	-0.0001180383395620706	-0.010799398142905285	-0.006881567252938916	0.0013862678331863281	-0.027606089983671176	-0.01435114154511635	-0.01641018115142767	-0.009182001852046451	-0.003472671685848018	-0.0012090945946548167	-0.03205779348714416	-0.0165572	-0.0005212470872764921	-0.02314112581147313	-0.004003321454415285	0.024213858755062767	-0.01284015624862785	-0.02113225066581268	-0.029546364535883354	0	/data/farneysk/ElnitskiLab/Bismark_Output/WGEmSeq/seq_files/EMseq_BAMs/CoordSorted/Prostate/cnvkit/V37_S13.coordsort.cnr	0.1074443663	0.00033264453495930466
V37_S15	/data/farneysk/ElnitskiLab/Bismark_Output/WGEmSeq/seq_files/EMseq_BAMs/CoordSorted/Prostate/cnvkit/V37_S15.coordsort.cns	Prostate	2697357020	369	0.01820726071277821	0.021766784138942053	0.014811935054856031	0.006954849084086021	1.12039	-25.6637	58	115	-0.019333681835857038	-0.013074479341251135	-0.012565923199100854	-0.01553065940659687	-0.0064690058830740305	-0.006507876540734809	0.004851641089547108	-0.0004326074521129398	-0.009540576306490195	-0.020772056178074743	-0.005268851183896667	-0.0015229270158353036	0.004139175682502492	-0.010065886872126879	-0.0101232	0.004631699356491471	-0.02748112695834925	0.002403540663589154	0.037641006587397205	-0.007801266835203315	-0.020452797226924394	0.006846870906878069	0	/data/farneysk/ElnitskiLab/Bismark_Output/WGEmSeq/seq_files/EMseq_BAMs/CoordSorted/Prostate/cnvkit/V37_S15.coordsort.cnr	0.12779182	0.00038717642593623987
V37_S16	/data/farneysk/ElnitskiLab/Bismark_Output/WGEmSeq/seq_files/EMseq_BAMs/CoordSorted/Prostate/cnvkit/V37_S16.coordsort.cns	Prostate	2697451334	587	0.019392827064286845	0.04605683351320102	0.018591665164773646	0.027465168348427375	0.927581	-25.8431	77	206	-0.028580065428513688	-0.013304203184848753	-0.011680225813326785	-0.008986828328321338	-0.009719776652376298	-0.009024111617500814	0.005256276235875818	-0.009890376308648356	-0.020912647899977026	-0.021792717615499516	-0.013772083957257323	-0.00281900340633947	0.0007428075105770833	-0.00505604355595465	-0.027159809157537487	-0.0006234328748419259	-0.005420774270938674	-0.000635092268285215	0.014338679447680793	-0.015226670786770964	-0.00715193	0.0020390760901449253	0	/data/farneysk/ElnitskiLab/Bismark_Output/WGEmSeq/seq_files/EMseq_BAMs/CoordSorted/Prostate/cnvkit/V37_S16.coordsort.cnr	0.10975	0.0003395519078163831
V37_S2	/data/farneysk/ElnitskiLab/Bismark_Output/WGEmSeq/seq_files/EMseq_BAMs/CoordSorted/Prostate/cnvkit/V37_S2.coordsort.cns	Prostate	2697770706	288	0.01565638040632778	0.0126470477732291	0.009842464721314236	0.002804583051914865	0.887652	-25.8026	54	90	-0.018370742037652814	-0.008894449340920001	-0.010112471078297974	-0.014066446374998745	-0.0062224003595366725	-0.007684035129393409	0.0012373126288055126	-0.030747662629177577	-0.012362579960184639	-0.025574959205697197	-0.0031579744214344724	-0.0018620598064115136	-0.005327501650235434	-0.008393285741013303	-0.00250663	0.0032469646085231964	-0.002845634392501573	-0.0023904748586558167	0.012302693592403524	-0.006866196502509408	-0.01716983846406784	-0.004448589079818633	0	/data/farneysk/ElnitskiLab/Bismark_Output/WGEmSeq/seq_files/EMseq_BAMs/CoordSorted/Prostate/cnvkit/V37_S2.coordsort.cnr	0.10886189	0.0003402789996960756
V37_S3	/data/farneysk/ElnitskiLab/Bismark_Output/WGEmSeq/seq_files/EMseq_BAMs/CoordSorted/Prostate/cnvkit/V37_S3.coordsort.cns	Prostate	2697731252	401	0.016255911883678816	0.015294278838713619	0.006418353565487034	0.008875925273226585	0.985101	-25.7234	63	113	-0.01948213849832	-0.00591321051799324	-0.01993268390805354	0.0016968999870841583	-0.0031590108149826177	-0.0060018198944457556	0.0005086277547459978	-0.022266202492752782	-0.016545288875544413	-0.005743776049252991	-0.00723440878449871	-0.008576540734522502	-0.008971362047113704	-0.008419953767668265	-0.0032986500000000006	0.0010015696560810767	-0.016113529128366572	0.0034980989290394754	-0.013232051502940606	-0.012495931771217465	-0.0113439	-0.03413865276981469	0	/data/farneysk/ElnitskiLab/Bismark_Output/WGEmSeq/seq_files/EMseq_BAMs/CoordSorted/Prostate/cnvkit/V37_S3.coordsort.cnr	0.1031840295	0.0003562750210493099
V37_S4	/data/farneysk/ElnitskiLab/Bismark_Output/WGEmSeq/seq_files/EMseq_BAMs/CoordSorted/Prostate/cnvkit/V37_S4.coordsort.cns	Prostate	2697788012	332	0.017383043156231577	0.019703956635418542	0.009378860343160277	0.010325096292258267	1.2723	-25.9572	65	102	-0.023324707327097526	-0.008248595181253747	-0.012494426690944015	-0.0004251529778907605	-0.01112389874398445	-0.004836674880714979	0.007125457208815534	-0.021583474279123372	-0.008967595714904082	-0.020278038955213067	-0.010919160738750355	-0.01444026614057049	-0.006405695927000241	-0.014390700127144275	-0.00903297	0.012011589362236976	0.0012645172088804769	0.0004717588280646902	0.02091207005204216	-0.010305258059687392	-0.006763386898695653	-0.02556801741899656	0	/data/farneysk/ElnitskiLab/Bismark_Output/WGEmSeq/seq_files/EMseq_BAMs/CoordSorted/Prostate/cnvkit/V37_S4.coordsort.cnr	0.109326917	0.0003835409665377775
V37_S9	/data/farneysk/ElnitskiLab/Bismark_Output/WGEmSeq/seq_files/EMseq_BAMs/CoordSorted/Prostate/cnvkit/V37_S9.coordsort.cns	Prostate	2697664253	487	0.02319153511631704	0.04592041536015416	0.023239820867359803	0.022680594492794356	1.07613	-25.7796	68	184	-0.01914848378106361	-0.013290297528959487	-0.02440645758051733	0.004453455353086178	-0.00859907773849473	-0.008586990241898577	0.0062569650363710145	-0.026749694302516624	-0.011378847917545074	-0.04126949086746975	-0.008528268183705135	-0.02916879836154845	-0.0006765167995648063	-0.006026277224779627	-0.0188868338553742	0.011045593931800591	-0.03615018624247653	-0.0027141681537055365	0.05126037847247669	-0.01237879002326597	-0.00254855	0.018429659180342322	1	/data/farneysk/ElnitskiLab/Bismark_Output/WGEmSeq/seq_files/EMseq_BAMs/CoordSorted/Prostate/cnvkit/V37_S9.coordsort.cnr	0.13597245849999998	0.00036500012360561954
V3_S7	/data/farneysk/ElnitskiLab/Bismark_Output/WGEmSeq/seq_files/EMseq_BAMs/CoordSorted/Prostate/cnvkit/V3_S7.coordsort.cns	Prostate	2697941019	392	0.012631573831967544	0.012851056696877331	0.004127720703148552	0.008723335993728779	0.837086	-25.8062	48	97	-0.009379971521411231	-0.006208233565544481	-0.0019055633815582332	-0.005665075066731216	-0.003965374127720052	-0.0011581621645921508	-0.008640902988820571	-0.01903837348538651	-0.00686009679344181	-0.03326164256958545	-0.00020570515556955977	-0.00010222194349055617	-0.004506862094856139	-0.00256098	-0.03385983554461436	-0.005379012770035981	-0.01800925690571893	-0.007306096086662114	0.0007367780260271739	-0.01162861048912221	-0.00910812	-0.021724374587898616	0	/data/farneysk/ElnitskiLab/Bismark_Output/WGEmSeq/seq_files/EMseq_BAMs/CoordSorted/Prostate/cnvkit/V3_S7.coordsort.cnr	0.085782	0.0003155578757865316
V3_S8	/data/farneysk/ElnitskiLab/Bismark_Output/WGEmSeq/seq_files/EMseq_BAMs/CoordSorted/Prostate/cnvkit/V3_S8.coordsort.cns	Prostate	2697847643	203	0.014081913343807023	0.013070715869183722	0.0012672802368476818	0.01180343563233604	0.87152	-26.1599	22	75	-0.003928309887251525	-0.0069039275034870435	-0.012586641460865779	-0.00895843701459271	-0.019614320314866183	-0.0038809721361117763	-0.016237955470050285	-0.010196073954477098	-0.012193370129408476	-0.007247056407070404	0.0013554328451125827	-0.013678410291559551	-0.0169051695153297	-0.00419233	-0.03673910381729425	-0.013282420898869869	-0.003816860283880054	-0.006711821649036292	-0.027875269251784688	0.0004401798722535919	-0.0175445	-0.05864611367894866	1	/data/farneysk/ElnitskiLab/Bismark_Output/WGEmSeq/seq_files/EMseq_BAMs/CoordSorted/Prostate/cnvkit/V3_S8.coordsort.cnr	0.088598603	0.0003791784152596227
V5_S5	/data/farneysk/ElnitskiLab/Bismark_Output/WGEmSeq/seq_files/EMseq_BAMs/CoordSorted/Prostate/cnvkit/V5_S5.coordsort.cns	Prostate	2697757796	155	0.009369045018103844	0.0074501536163849155	0.0011554665895588798	0.006294687026826036	2.16935	-25.6291	22	45	-0.01175124421336681	-0.004202051094061835	-0.005977161252641746	-0.01049969686806557	-0.005570720940092159	-0.002994665184260074	-0.01085618762284708	-0.006277428779571403	-0.06529351080742299	-0.002598946284768224	-0.001800096405964654	-0.0005840681488155303	-0.002589130154094978	-0.00523826	-0.007620192211526896	-0.014361627466678711	0.00026874223496279166	-0.004673635268390456	-0.003981623650098755	-0.002077189526436101	-0.00199134	0.001413669138252051	1	/data/farneysk/ElnitskiLab/Bismark_Output/WGEmSeq/seq_files/EMseq_BAMs/CoordSorted/Prostate/cnvkit/V5_S5.coordsort.cnr	0.087753286	0.0002512102444337481
V5_S7	/data/farneysk/ElnitskiLab/Bismark_Output/WGEmSeq/seq_files/EMseq_BAMs/CoordSorted/Prostate/cnvkit/V5_S7.coordsort.cns	Prostate	2697891187	273	0.011825219148957452	0.0076829077095020735	0.004778903264196029	0.002904004445306044	1.03783	-25.7492	36	94	-0.010009881167440665	-0.01156232618403085	-0.006393958853663696	-0.009806946028672256	-0.0064007466550177914	-0.004184307369903818	-0.006666057848401789	-0.008622721210051261	-0.026391992833316988	-0.02218398846243676	-0.004635462788589902	-0.0058389716916600505	-0.00145726770804054	-0.011792179247789447	-0.0112193	-0.0037384459492175105	-0.023536733745416642	-0.005063826779189911	-0.0008932527774635979	-0.0047467954397122075	-0.005640699552494629	-0.0018952279154349177	0	/data/farneysk/ElnitskiLab/Bismark_Output/WGEmSeq/seq_files/EMseq_BAMs/CoordSorted/Prostate/cnvkit/V5_S7.coordsort.cnr	0.08141768199999999	0.0003108317785685306
V6_S10	/data/farneysk/ElnitskiLab/Bismark_Output/WGEmSeq/seq_files/EMseq_BAMs/CoordSorted/Prostate/cnvkit/V6_S10.coordsort.cns	Prostate	2697876552	218	0.012219729949010622	0.022994757471023086	0.021095990458795462	0.0018987670122276225	0.865157	-25.7321	41	65	-0.005820286206510932	-0.009418991480050112	-0.011082637311298948	-0.007357279444178847	-0.00984090844592788	-0.000374763211571561	-0.001646985162345786	-0.003186385817817465	-0.008938800044112016	-0.019987250952993755	-0.0017784742236650326	-0.003666490721012718	0.00018883126569883897	-0.014212157099999722	-0.0102542	0.0002146601305498689	0.017121308714477243	-0.005499004343415748	0.04475009651844039	-0.0019052897514054777	0.000262318	0.024533314805509177	0	/data/farneysk/ElnitskiLab/Bismark_Output/WGEmSeq/seq_files/EMseq_BAMs/CoordSorted/Prostate/cnvkit/V6_S10.coordsort.cnr	0.111251687	0.00025993534699005776
V6_S11	/data/farneysk/ElnitskiLab/Bismark_Output/WGEmSeq/seq_files/EMseq_BAMs/CoordSorted/Prostate/cnvkit/V6_S11.coordsort.cns	Prostate	2697647322	267	0.013165915639142923	0.014215398983870583	0.009212405490268161	0.005002993493602423	1.04242	-26.6811	23	96	-0.017197991360979263	-0.014073614067307139	-0.007233501599473829	-0.017374489995437295	-0.00987319298418586	-0.005355749763160394	-0.0016967144740224005	-0.01331756385560617	-0.01659819183271189	-0.01510623790623925	-0.004291475157679654	-0.0038844819822987956	-0.00037452448771294544	-0.00595251	-0.0108133	0.0014641828824252536	-0.002121791693953626	-0.0016718883995957266	0.020659702549606394	-0.010056492288471282	-0.00169399	-0.02704305742460874	0	/data/farneysk/ElnitskiLab/Bismark_Output/WGEmSeq/seq_files/EMseq_BAMs/CoordSorted/Prostate/cnvkit/V6_S11.coordsort.cnr	0.092785045	0.0003351893565382283
V6_S9	/data/farneysk/ElnitskiLab/Bismark_Output/WGEmSeq/seq_files/EMseq_BAMs/CoordSorted/Prostate/cnvkit/V6_S9.coordsort.cns	Prostate	2697739499	276	0.0147765168274442	0.009788460305299477	0.007309336578757636	0.002479123726541841	0.979063	-25.4908	38	96	-0.02400798825355315	-0.01108089061884988	-0.015361215879889997	-0.008382649293065564	-0.007367689417190708	-0.014708616729733883	-0.003127611620353795	-0.010591243345757922	-0.03073954297700407	-0.016723063183186577	-0.011162870783419447	0.0011422265123305485	-0.001941177080718265	-0.020836270689110113	-0.0110405	-0.0005887690594174749	0.0033164634401197986	-0.003491418419363963	0.02386189323034927	-0.008296383058076466	-0.017401296091700755	-0.0356343818623212	0	/data/farneysk/ElnitskiLab/Bismark_Output/WGEmSeq/seq_files/EMseq_BAMs/CoordSorted/Prostate/cnvkit/V6_S9.coordsort.cnr	0.0940387415	0.00035045828601177015
V7_S1	/data/farneysk/ElnitskiLab/Bismark_Output/WGEmSeq/seq_files/EMseq_BAMs/CoordSorted/Prostate/cnvkit/V7_S1.coordsort.cns	Prostate	2696748454	264	0.014425245931679683	0.013507843842820647	0.0023252498729345707	0.011182593969886077	0.96095	-26.0379	30	78	0.0019015758572499607	-0.003910509958859667	-0.02007938753114169	-0.01432574387301418	-0.008694315400229078	-0.004702693813764252	-0.011349964069802227	-0.01699524665146601	-0.012921280314595518	-0.034968213845243235	-0.002927663133283709	-0.0028440636590674486	-0.009660919239002398	-0.011314208683361119	-0.02595315840688346	-0.013009611084539513	0.0023356044987736238	-0.012240390840083293	-0.011349058611326103	0.001154011582867581	-0.015226099999999998	-0.03708620688374254	0	/data/farneysk/ElnitskiLab/Bismark_Output/WGEmSeq/seq_files/EMseq_BAMs/CoordSorted/Prostate/cnvkit/V7_S1.coordsort.cnr	0.08431570499999999	0.000295926395034835
V7_S2	/data/farneysk/ElnitskiLab/Bismark_Output/WGEmSeq/seq_files/EMseq_BAMs/CoordSorted/Prostate/cnvkit/V7_S2.coordsort.cns	Prostate	2697462406	358	0.01512044525521158	0.007100927507791929	0.001700560864090871	0.005400366643701058	0.927842	-25.9552	50	109	-0.023824008817317718	-0.00391249389641469	0.0014185386676836484	0.006958029923415034	0.0051354881660085555	-0.0043291893534331705	-0.0057925727717681105	-0.005029179752831	-0.02093054388529257	-0.017695625676304158	-0.0025837073491138765	-0.006882067556702159	0.004258875633416155	-0.019583014637829178	-0.014455500000000001	-0.007718327969819505	-0.048655151297425946	-0.0002087667678847836	-0.018943611566142004	-0.010360489820550997	-0.02763587848861753	-0.038448554576431454	0	/data/farneysk/ElnitskiLab/Bismark_Output/WGEmSeq/seq_files/EMseq_BAMs/CoordSorted/Prostate/cnvkit/V7_S2.coordsort.cnr	0.0834732885	0.00030392440571145213
V17_S20	/data/farneysk/ElnitskiLab/Bismark_Output/WGEmSeq/seq_files/EMseq_BAMs/CoordSorted/Stomach/cnvkit/V17_S20.coordsort.cns	Stomach	2697202625	8959	0.1536815578971456	0.7655280121937447	0.28184248560116987	0.4836855265925748	1.4278	-25.9107	2211	5675	-0.12337534647508419	-0.040235796637982844	-0.03882642501142025	0.01936149801100301	0.005282870646692968	-0.056259829167071965	-0.04339919331950296	-0.010380030126562427	-0.0761243542040323	-0.07549793171421267	-0.057846876895307084	-0.07878533470442946	0.0373544465675745	-0.074404441590191	-0.0938849	-0.11292354037473193	-0.2354477216872543	0.012103481208492209	-0.24895421767787812	-0.07446068826026116	0.009033958208630302	-0.2011769817581667	13	/data/farneysk/ElnitskiLab/Bismark_Output/WGEmSeq/seq_files/EMseq_BAMs/CoordSorted/Stomach/cnvkit/V17_S20.coordsort.cnr	0.21939833	0.00030392440571145213
V19_S1	/data/farneysk/ElnitskiLab/Bismark_Output/WGEmSeq/seq_files/EMseq_BAMs/CoordSorted/Stomach/cnvkit/V19_S1.coordsort.cns	Stomach	2697557570	466	0.01788520557111393	0.026085874415647782	0.01235051343130371	0.01373536098434407	0.877123	-25.9535	87	115	-0.002480752224755081	-0.007765467721556766	-0.006910706775959545	-0.037644735237093586	-0.010583666491336885	-0.008817284335584579	-0.019194025589999827	-0.006269488444355473	-0.023236770022147656	-0.0043844771583079435	0.00360287939132094	-0.0027716369611094226	-0.0118477490996928	-0.018292805967900973	0.0062687	-0.015801073149068614	0.00021636464118411012	-0.008422116518713064	-0.04035197595996887	0.005224303134767501	-0.00784661	4.780272151857194e-05	0	/data/farneysk/ElnitskiLab/Bismark_Output/WGEmSeq/seq_files/EMseq_BAMs/CoordSorted/Stomach/cnvkit/V19_S1.coordsort.cnr	0.098389447	0.0002948357572152963
V19_S10	/data/farneysk/ElnitskiLab/Bismark_Output/WGEmSeq/seq_files/EMseq_BAMs/CoordSorted/Stomach/cnvkit/V19_S10.coordsort.cns	Stomach	2697375402	180	0.01322157751451279	0.006639753586660756	0.0009147569886529276	0.005724996598007829	0.764431	-25.5132	17	56	-0.021623168192837945	-0.008231792576232952	-0.005983533460261634	-0.015015342213539342	-0.008463619178056042	-0.010809303664690415	-0.011835636893020146	-0.012914621703955074	-0.04463591981263349	-0.009360916750584331	-0.004708566983691657	-0.010337637770551503	-0.013669294560385811	-0.008811972890814876	-0.00520856	-0.011488969393098014	-0.004559190092058073	-0.009274479334794661	-0.003762432295832445	-0.0029138113410073045	-0.04146385196529173	-0.0015623935004357974	0	/data/farneysk/ElnitskiLab/Bismark_Output/WGEmSeq/seq_files/EMseq_BAMs/CoordSorted/Stomach/cnvkit/V19_S10.coordsort.cnr	0.09956443	0.00034500509691407665
V19_S11	/data/farneysk/ElnitskiLab/Bismark_Output/WGEmSeq/seq_files/EMseq_BAMs/CoordSorted/Stomach/cnvkit/V19_S11.coordsort.cns	Stomach	2697838255	163	0.015340065855089508	0.005148406126370983	0.0024432031786130928	0.0027052029477578894	0.631214	-25.1855	15	57	-0.009039923131440484	-0.010276032906602091	-0.009779447248639175	-0.015069874827525054	-0.007568596136640955	-0.017181550788296338	-0.018808438992793546	-0.04314789508177284	-0.007451427923410837	-0.013197163186123516	-0.009620996750327576	-0.01122558734374163	-0.006499194983925254	-0.00560115	-0.0230424	-0.01856972571074871	-0.02877178578058027	-0.0063141600963914695	-0.017758001461175406	-0.004984275113638364	-0.052471767344013286	-0.01595870983129377	1	/data/farneysk/ElnitskiLab/Bismark_Output/WGEmSeq/seq_files/EMseq_BAMs/CoordSorted/Stomach/cnvkit/V19_S11.coordsort.cnr	0.108074069	0.0003769971396205453
V19_S12	/data/farneysk/ElnitskiLab/Bismark_Output/WGEmSeq/seq_files/EMseq_BAMs/CoordSorted/Stomach/cnvkit/V19_S12.coordsort.cns	Stomach	2697982556	160	0.013629931750179725	0.007796831359498234	0.0004967886085917302	0.007300042750906503	1.17188	-25.3067	17	47	-0.01240570212822315	-0.009995962736790367	-0.009409450847900068	-0.024617806026124307	-0.007897738286084284	-0.008507633822845372	-0.012562681791887588	-0.03246016591706977	-0.015278033637395907	-0.011766620484178508	-0.004782807505778251	-0.006692021862068951	-0.008683387352793207	-0.0218040633718914	-0.007774189999999999	-0.009545605214282845	-0.009916919482216796	-0.0036618104648566503	-0.027088932024832098	0.0033543473532574707	-0.006635118988812387	-0.05675031002376229	1	/data/farneysk/ElnitskiLab/Bismark_Output/WGEmSeq/seq_files/EMseq_BAMs/CoordSorted/Stomach/cnvkit/V19_S12.coordsort.cnr	0.101766031	0.00038826706375577857
V19_S2	/data/farneysk/ElnitskiLab/Bismark_Output/WGEmSeq/seq_files/EMseq_BAMs/CoordSorted/Stomach/cnvkit/V19_S2.coordsort.cns	Stomach	2697896558	609	0.0879291675253259	0.26115838685910064	0.15166124986768303	0.1094971369914176	1.19829	-25.3343	119	247	-0.02814642520860282	-0.011044971402717913	-0.0016974654649340758	-0.01124436661996252	-0.003853060141750252	-0.005237559871474512	-0.020053945594920665	0.6569358919492878	0.3146401228358259	-0.03097651008255902	-0.0033884452576197687	-0.010873486300668572	0.001787362317320261	0.30163328589720123	-0.0415566	-0.039900797990786205	-0.06219797239738963	-0.007541433596956241	0.13423668126692034	-0.01910552264099694	-0.1056384839581751	-0.08348826267239905	7	/data/farneysk/ElnitskiLab/Bismark_Output/WGEmSeq/seq_files/EMseq_BAMs/CoordSorted/Stomach/cnvkit/V19_S2.coordsort.cnr	0.144976	0.00030101603819268223
V19_S3	/data/farneysk/ElnitskiLab/Bismark_Output/WGEmSeq/seq_files/EMseq_BAMs/CoordSorted/Stomach/cnvkit/V19_S3.coordsort.cns	Stomach	2697304470	317	0.01722620504743334	0.011734413134309602	0.0017565959099900947	0.009977817224319507	0.958228	-25.1238	31	100	-0.02014325796706414	-0.0076188191536656685	-0.012765205907492973	0.0009263044724195046	0.0022044310642553404	-0.007758287666283408	-0.006572502461791493	-0.012839664351502618	-0.011393488293253791	-0.01308473326221128	-0.00616270854306388	-0.023645700953003116	-0.0004393803815834413	-0.00902285621168368	-0.0158404	-0.017782425423940554	-0.04021945456852823	0.003016794502520175	-0.04615195364124431	-0.01218916293435938	0.002173935684267067	-0.049014398676864204	0	/data/farneysk/ElnitskiLab/Bismark_Output/WGEmSeq/seq_files/EMseq_BAMs/CoordSorted/Stomach/cnvkit/V19_S3.coordsort.cnr	0.11575692	0.00035554792916961744
V19_S5	/data/farneysk/ElnitskiLab/Bismark_Output/WGEmSeq/seq_files/EMseq_BAMs/CoordSorted/Stomach/cnvkit/V19_S5.coordsort.cns	Stomach	2697655574	247	0.014578526535810894	0.007346430430558738	0.0024765900674612955	0.004869840363097443	0.863916	-25.1654	36	76	-0.009885468421757027	-0.011133504078164725	-0.008341013365453039	-0.016790708297672794	-0.0073417927607936665	-0.004111407193150107	0.002716645665106443	-0.009347245137273811	-0.0440193808710795	-0.005158720527500818	-0.002031791114669744	-0.011774204793748695	-0.00993900169068812	-0.00410659	-0.0143968	-0.015696431058463908	-0.011159789592755098	-0.014509429757376653	-0.025619470108286167	0.028955140754470348	-0.008846165783721417	-0.030410321548445557	0	/data/farneysk/ElnitskiLab/Bismark_Output/WGEmSeq/seq_files/EMseq_BAMs/CoordSorted/Stomach/cnvkit/V19_S5.coordsort.cnr	0.113949276	0.00030392440571145213
V19_S6	/data/farneysk/ElnitskiLab/Bismark_Output/WGEmSeq/seq_files/EMseq_BAMs/CoordSorted/Stomach/cnvkit/V19_S6.coordsort.cns	Stomach	2696871639	381	0.019264845463647314	0.018017239418193904	0.0029493072213660518	0.015067932196827852	0.875766	-25.3452	43	111	-0.018361900078456343	-0.006668529390244275	0.0008374172971337343	0.0003193602787064428	0.0082215819592243	-0.0028060222165729154	0.002220031356665583	0.006265510811258514	-0.008568800350142512	-0.0129798127372192	0.0002504836083828799	-0.006800335795670346	0.006678301362634037	-0.00160664	-0.026280899999999996	-0.023806482890577903	-0.03983150872716769	0.0107905340557078	-0.03520618007659626	-0.01609949932563531	-0.0104037	-0.03234231486827734	0	/data/farneysk/ElnitskiLab/Bismark_Output/WGEmSeq/seq_files/EMseq_BAMs/CoordSorted/Stomach/cnvkit/V19_S6.coordsort.cnr	0.1017514	0.0003148307839068392
V19_S7	/data/farneysk/ElnitskiLab/Bismark_Output/WGEmSeq/seq_files/EMseq_BAMs/CoordSorted/Stomach/cnvkit/V19_S7.coordsort.cns	Stomach	2697940103	260	0.051003396777463204	0.3181993862819274	0.15527561065354015	0.16292377562838725	0.94593	-25.0546	79	97	-0.04700294456275897	0.037537075162450674	0.004089760099341083	-0.05481440420783473	0.05090706055151669	0.03625569837027679	0.07057486295491418	-0.0036421394641418304	-0.06005007732763597	-0.0505723020016115	-0.012915973470513284	0.04553360981815383	0.0490235330312967	-0.06798475909929251	-0.0211016	-0.016162628322766468	-0.011560247475492471	-0.08551159185773542	0.0667547556116309	0.07288486694073373	-0.049626	-0.12705019747454965	10	/data/farneysk/ElnitskiLab/Bismark_Output/WGEmSeq/seq_files/EMseq_BAMs/CoordSorted/Stomach/cnvkit/V19_S7.coordsort.cnr	0.11266862500000001	0.0003475499184930003
V19_S9	/data/farneysk/ElnitskiLab/Bismark_Output/WGEmSeq/seq_files/EMseq_BAMs/CoordSorted/Stomach/cnvkit/V19_S9.coordsort.cns	Stomach	2697768018	319	0.014265858327944284	0.012158250739556361	0.004452868044935063	0.007705382694621298	0.775926	-25.8968	40	97	-0.015064219571357094	-0.011161386055083183	-0.009263508948499019	-0.0103585691917355	-0.006090581818869058	-0.00751259311505837	-0.0095532901264583	-0.009362746664348432	-0.01687782854377711	-0.014103242615310554	-0.005778502808646734	-0.011097764423121737	-0.004278687440931246	-0.012356578239292013	-0.00394228	-0.018001269006816686	-0.016720226375957627	8.627664311222185e-06	-0.045214854180458806	-0.004024137461091298	-0.020163634368243012	-0.07115045381809317	1	/data/farneysk/ElnitskiLab/Bismark_Output/WGEmSeq/seq_files/EMseq_BAMs/CoordSorted/Stomach/cnvkit/V19_S9.coordsort.cnr	0.10783192899999999	0.0003279184377413036
V20_S1	/data/farneysk/ElnitskiLab/Bismark_Output/WGEmSeq/seq_files/EMseq_BAMs/CoordSorted/Stomach/cnvkit/V20_S1.coordsort.cns	Stomach	2697644876	277	0.021820733273958583	0.0446412183721398	0.007345823083052834	0.03729539528908697	0.967278	-25.1596	30	94	-0.01839249651252794	0.0037048626606755682	-0.013452076306953973	-0.013582958825108021	0.0017921169288303916	-0.000460164623007724	0.0038609216275649265	-0.006226987431570874	-0.030466215950378784	-0.022042535966665056	-0.0036181456801941117	-0.013845854982067474	-0.00708284108768168	-0.012020826632426885	-0.0163936	-0.023455471950623055	-0.05215635230361827	-0.014054794402684498	-0.045718423849697244	0.022090246092779344	-0.029516100000000003	-0.05806168176112373	2	/data/farneysk/ElnitskiLab/Bismark_Output/WGEmSeq/seq_files/EMseq_BAMs/CoordSorted/Stomach/cnvkit/V20_S1.coordsort.cnr	0.1210173935	0.00035118537789146265
V20_S10	/data/farneysk/ElnitskiLab/Bismark_Output/WGEmSeq/seq_files/EMseq_BAMs/CoordSorted/Stomach/cnvkit/V20_S10.coordsort.cns	Stomach	2697802570	387	0.013295667906399545	0.012653084543543896	0.002706308860844476	0.00994677568269942	1.54761	-25.0373	61	117	-0.010030684828438469	-0.0029342309254201827	-0.005268884366430655	-0.0005582376955815811	0.0002020009175540046	-0.003683929233761482	-0.0029709520802099925	-0.00419882048113191	-0.020260067995519878	-0.01464904895280667	-0.004055068961218974	-0.007695539963303583	0.002387705067919138	-0.024331736064615916	-0.014930100000000002	-0.010080526147899475	-0.03236889382979727	-0.008771713252074256	-0.0073299254736031855	-0.01688757071075766	-0.03072623491974725	-0.05151878277029823	1	/data/farneysk/ElnitskiLab/Bismark_Output/WGEmSeq/seq_files/EMseq_BAMs/CoordSorted/Stomach/cnvkit/V20_S10.coordsort.cnr	0.112437654	0.0002395767743586686
V20_S11	/data/farneysk/ElnitskiLab/Bismark_Output/WGEmSeq/seq_files/EMseq_BAMs/CoordSorted/Stomach/cnvkit/V20_S11.coordsort.cns	Stomach	2697653850	223	0.011001214489287224	0.006653017028111298	0.0010403095267393183	0.005612707501371979	1.02134	-25.1166	33	72	-0.014426429249788885	-0.005244837801919769	-0.004280291242201659	-0.004994745473443403	-0.00040170680405460777	-0.002243897423569881	-0.010337111404255106	-0.005259900304728677	-0.04117781799285016	-0.010490211894089175	-0.008720867695858456	-0.007817259073685703	-0.005757130282092014	-0.01195144004860911	-0.00189403	-0.01408552629292362	-0.014120238427940076	-0.0036338732691377517	-0.03294531315176894	-0.00327732183877561	-0.0016937400000000002	-0.02460810053164856	0	/data/farneysk/ElnitskiLab/Bismark_Output/WGEmSeq/seq_files/EMseq_BAMs/CoordSorted/Stomach/cnvkit/V20_S11.coordsort.cnr	0.11385390199999999	0.00027883973586206195
V20_S12	/data/farneysk/ElnitskiLab/Bismark_Output/WGEmSeq/seq_files/EMseq_BAMs/CoordSorted/Stomach/cnvkit/V20_S12.coordsort.cns	Stomach	2697753192	326	0.01616408435600169	0.018124626131477486	0.004540133262123854	0.013584492869353633	0.900116	-25.1598	47	95	-0.01191158919666981	-0.0063795356863928865	0.0014038914105109223	-0.0008867705916211018	0.00209590886553489	-0.006332126197586864	0.00026716665753159276	-0.001123736781631881	-0.01450124222029172	-0.035162903120236844	-0.006677177749436137	0.00013393982561896384	0.007478460541992047	-0.0036838787156697754	-0.007827970757755999	-0.007799720496377002	-0.03088503073674419	-0.003304105492917775	0.020600480706098684	-0.01030941071172728	-0.0112358	-0.04791091501100846	0	/data/farneysk/ElnitskiLab/Bismark_Output/WGEmSeq/seq_files/EMseq_BAMs/CoordSorted/Stomach/cnvkit/V20_S12.coordsort.cnr	0.11099664	0.0002577540713509803
V20_S2	/data/farneysk/ElnitskiLab/Bismark_Output/WGEmSeq/seq_files/EMseq_BAMs/CoordSorted/Stomach/cnvkit/V20_S2.coordsort.cns	Stomach	2697735470	608	0.13683611938708462	0.8378084619986852	0.35861381805533366	0.4791946439433515	3.40393	-25.2993	295	251	-0.00026788398320191074	-0.04788062668385669	0.03121598639959926	-0.19456918918383917	-0.13250520771378335	0.1953089484116812	0.0373093071147005	0.1601954584706892	-0.026507056754344862	-0.051602971113278794	-0.023412647003859054	-0.017583634253942677	-0.0016320734450355353	0.21652027786187364	0.142224	-0.08496418479637519	0.06794912177125706	0.009905480569627796	0.05290072276117358	0.07909755731736692	-0.0957926489936222	-0.09906762922321694	13	/data/farneysk/ElnitskiLab/Bismark_Output/WGEmSeq/seq_files/EMseq_BAMs/CoordSorted/Stomach/cnvkit/V20_S2.coordsort.cnr	0.16833175	0.0002781126439823695
V20_S3	/data/farneysk/ElnitskiLab/Bismark_Output/WGEmSeq/seq_files/EMseq_BAMs/CoordSorted/Stomach/cnvkit/V20_S3.coordsort.cns	Stomach	2697809565	245	0.013423455048083724	0.0037804651344988467	0.0005624062645800575	0.003218058869918789	1.22977	-25.0703	20	61	-0.014249514749760505	-0.0023043489409202552	-0.0006748639047377058	-0.002691163936937837	0.0029784306611470024	-0.01451850741371945	-0.008067775867376297	-0.003655722020874631	-0.0234933760621963	-0.017977512808315988	-0.0032277326599283525	-0.00495454921205308	-0.004057038171475985	-0.000742261	-0.0223742	-0.011680591409128199	-0.04567123482140221	-0.001633032668651746	-0.027853532169552064	-0.005402313936135303	-0.025251750875318883	-0.032965462371201355	0	/data/farneysk/ElnitskiLab/Bismark_Output/WGEmSeq/seq_files/EMseq_BAMs/CoordSorted/Stomach/cnvkit/V20_S3.coordsort.cnr	0.109000532	0.0002635708063885201
V20_S4	/data/farneysk/ElnitskiLab/Bismark_Output/WGEmSeq/seq_files/EMseq_BAMs/CoordSorted/Stomach/cnvkit/V20_S4.coordsort.cns	Stomach	2697714104	238	0.017164893307045306	0.01934214894107252	0.002589793703358271	0.016752355237714248	0.956067	-25.278	27	84	-0.00541544413888088	0.006435252610688446	-0.0013558901120700013	-0.012695979982230833	-0.007477829750924153	0.017348362130026676	0.0036774093812711	0.011042105606911776	-0.018184873096012744	-0.04346261892826342	-0.003712138702116666	-0.004564797393842493	0.009312943047482562	-0.02495307212705298	-0.0179452	-0.02340400113311687	-0.021159714555346473	-0.012846139608694558	-0.024534883759678848	0.005657603586859366	-0.037402163192344996	-0.040824389794112265	0	/data/farneysk/ElnitskiLab/Bismark_Output/WGEmSeq/seq_files/EMseq_BAMs/CoordSorted/Stomach/cnvkit/V20_S4.coordsort.cnr	0.09875094	0.00027556782240344585
V20_S5	/data/farneysk/ElnitskiLab/Bismark_Output/WGEmSeq/seq_files/EMseq_BAMs/CoordSorted/Stomach/cnvkit/V20_S5.coordsort.cns	Stomach	2697410797	377	0.046487790218057004	0.29282053511406625	0.08756896215537763	0.20525157295868865	3.01568	-25.1259	143	122	-0.007738766721591047	0.009662602475464114	-0.041589868629815854	-0.0033752719187805673	0.007051860636934136	0.02529284750812313	0.037714867163406815	0.039154421799766984	-0.05631056869204809	0.016017518057863302	-0.00976509641446799	-0.026036246325743143	-0.03957825703223973	0.013299023429626942	0.00407897	-0.045283341258124436	-0.02620605383600951	-0.002984648274686216	-0.06771424845975108	-0.0033579037534976377	-0.09863820583690844	-0.0634909280845432	4	/data/farneysk/ElnitskiLab/Bismark_Output/WGEmSeq/seq_files/EMseq_BAMs/CoordSorted/Stomach/cnvkit/V20_S5.coordsort.cnr	0.1129540605	0.00029883476255360483
V20_S6	/data/farneysk/ElnitskiLab/Bismark_Output/WGEmSeq/seq_files/EMseq_BAMs/CoordSorted/Stomach/cnvkit/V20_S6.coordsort.cns	Stomach	2697630100	376	0.08265555624689254	0.6315665283390781	0.3281443868082581	0.30342214153082	1.72638	-25.2061	126	163	-0.02321240738396765	0.032683750876754444	0.07112534300415173	-0.06336475317580809	-0.06669863661927984	0.06053314266069025	0.15427236485921952	0.15936996496091732	0.005322350563265329	0.024896386415978945	-0.04986087652576057	-0.05243156647981648	0.0021227670437856767	0.036550916472205784	-0.0794589983384697	-0.13214273420116782	0.04552302834865919	-0.05794439444557201	-0.08229493049290089	0.08112368042638185	-0.16567694237163882	-0.09337341182212984	14	/data/farneysk/ElnitskiLab/Bismark_Output/WGEmSeq/seq_files/EMseq_BAMs/CoordSorted/Stomach/cnvkit/V20_S6.coordsort.cnr	0.1286872	0.00031810269736545527
V20_S7	/data/farneysk/ElnitskiLab/Bismark_Output/WGEmSeq/seq_files/EMseq_BAMs/CoordSorted/Stomach/cnvkit/V20_S7.coordsort.cns	Stomach	2697656887	313	0.017173786750715354	0.014099235593410735	0.002502290796331357	0.011596944797079378	0.943284	-25.0032	40	88	0.00027279796745506183	-0.004285450163810205	-0.008208522493988984	-0.016472854548447765	-0.01072990350887008	-0.008563512780930246	-0.008280342709322692	-0.026335032708723068	-0.03139655424383531	-0.0048883400360033875	0.0013187409092275076	-0.004971467974934121	-0.011751632551863173	-0.0007991222172800007	0.025582865344763395	-0.03782874273952743	-0.04035877484046128	-0.007339279055572968	-0.04151782401699408	0.01105685325048232	-0.011422	-0.04292212301438138	0	/data/farneysk/ElnitskiLab/Bismark_Output/WGEmSeq/seq_files/EMseq_BAMs/CoordSorted/Stomach/cnvkit/V20_S7.coordsort.cnr	0.10611052	0.0003540937454102325
V20_S8	/data/farneysk/ElnitskiLab/Bismark_Output/WGEmSeq/seq_files/EMseq_BAMs/CoordSorted/Stomach/cnvkit/V20_S8.coordsort.cns	Stomach	2697561881	235	0.01508081206766923	0.01927911361971088	0.0032103359930299963	0.016068777626680884	0.836504	-25.3775	35	78	-0.014127254892194267	-0.001065877799391458	-0.004825174985619257	-0.0147614615223252	-0.008398758934100128	0.0022199547508154126	-0.010130046382910577	-0.011622868229748628	-0.026133153135532262	-0.012595866632503823	-0.024503173686603544	-0.008793288347339829	0.005631331009036585	-0.011180298108022468	-0.0110037	-0.023869397384063833	-0.006636643880159852	-0.008169805875227412	-0.04649107820752328	0.011053582207187228	-0.0064864933427043825	-0.06578512990460088	1	/data/farneysk/ElnitskiLab/Bismark_Output/WGEmSeq/seq_files/EMseq_BAMs/CoordSorted/Stomach/cnvkit/V20_S8.coordsort.cnr	0.11134685	0.00032319234052330257
V20_S9	/data/farneysk/ElnitskiLab/Bismark_Output/WGEmSeq/seq_files/EMseq_BAMs/CoordSorted/Stomach/cnvkit/V20_S9.coordsort.cns	Stomach	2697753517	800	0.02571297043257291	0.06345434856122921	0.02548012913961109	0.037974219421618126	2.13801	-25.4088	123	254	-0.02403431921521352	-0.005815250199658374	-0.0038511934148172775	0.009519790016765737	0.008937869028037814	-0.001028133443795411	-0.0015223131382212877	7.050931323147575e-05	-0.011419544381064193	-0.057961821250963316	0.0025613364038602625	-0.00774391865043645	0.0048793032256848595	-0.00981958	-0.0187637	-0.02025486058150503	-0.05644707738559298	0.00663487675148753	-0.03388378244727029	-0.014560232514233891	-0.03044468022631351	-0.06169958076625646	3	/data/farneysk/ElnitskiLab/Bismark_Output/WGEmSeq/seq_files/EMseq_BAMs/CoordSorted/Stomach/cnvkit/V20_S9.coordsort.cnr	0.10984517	0.00036172821014700344
VY_S5	/data/farneysk/ElnitskiLab/Bismark_Output/WGEmSeq/seq_files/EMseq_BAMs/CoordSorted/Stomach/cnvkit/VY_S5.coordsort.cns	Stomach	2697754261	800	0.021422504405494997	0.038059498778046784	0.012658976206135627	0.025400522571911156	1.12235	-24.9307	122	346	-0.01973311034771264	-0.00669493082433206	0.0023057151577307237	-0.0019842147508895396	0.007004050556794357	-0.00026647799670885547	-0.00035620900372455947	-0.023452861294174027	-0.020017394555422507	-0.03401473701190599	-0.0008307713697318077	-0.017765143795922946	-0.011757912653362746	-0.0226438	-0.07081500578738552	-0.016623511235982928	-0.026914516239882138	-0.012110095912670015	0.03534751673237811	-0.019347641734379157	-0.03614572058432219	-0.0820884622186249	2	/data/farneysk/ElnitskiLab/Bismark_Output/WGEmSeq/seq_files/EMseq_BAMs/CoordSorted/Stomach/cnvkit/VY_S5.coordsort.cnr	0.12113586	0.0003228287945834563
